,accuracy,time,cweights_time,fsubsequence_time,tdataset_time,tclassifier_time,dataset_name,classifier_name,rpoint,nb_per_class,method,len_method
0,1.0,10.398560523986816,0.0430147647857666,0.07878851890563965,10.246488809585571,0.008876323699951172,Coffee,all: n_random_points=10 nb_inst_per_class=1,10,1,Rsast,all
1,1.0,99.00614261627197,0.043929100036621094,0.7890903949737549,98.13110160827637,0.028495311737060547,Coffee,all: n_random_points=10 nb_inst_per_class=10,10,10,Rsast,all
2,1.0,30.070118188858032,0.0818328857421875,0.22558331489562988,29.739858865737915,0.008520364761352539,Coffee,all: n_random_points=30 nb_inst_per_class=1,30,1,Rsast,all
3,1.0,293.6891973018646,0.07846832275390625,2.1147940158843994,291.3764567375183,0.0964653491973877,Coffee,all: n_random_points=30 nb_inst_per_class=10,30,10,Rsast,all
