,accuracy,time,cweights_time,fsubsequence_time,tdataset_time,tclassifier_time,dataset_name,classifier_name,rpoint,nb_per_class,method,len_method
0,0.4935064935064935,30.747812509536743,0.04547882080078125,0.09974837303161621,30.490329265594482,0.0986030101776123,MiddlePhalanxTW,all: n_random_points=10 nb_inst_per_class=1,10,1,Rsast,all
1,0.487012987012987,307.4097058773041,0.04625844955444336,0.9758994579315186,305.89930629730225,0.47429347038269043,MiddlePhalanxTW,all: n_random_points=10 nb_inst_per_class=10,10,10,Rsast,all
2,0.4675324675324675,86.39569449424744,0.04502224922180176,0.14849543571472168,86.04180216789246,0.1525716781616211,MiddlePhalanxTW,all: n_random_points=30 nb_inst_per_class=1,30,1,Rsast,all
3,0.474025974025974,876.1229691505432,0.06342554092407227,1.499727725982666,873.5413346290588,0.9761650562286377,MiddlePhalanxTW,all: n_random_points=30 nb_inst_per_class=10,30,10,Rsast,all
