,accuracy,time,cweights_time,fsubsequence_time,tdataset_time,tclassifier_time,dataset_name,classifier_name,rpoint,nb_per_class,method,len_method
0,0.85,0.827141523361206,0.14160656929016113,0.34111738204956055,0.29185914993286133,0.006766080856323242,BeetleFly,all: n_random_points=10 nb_inst_per_class=1,10,1,Rsast,all
1,0.85,4.735985279083252,0.15271377563476562,2.0596923828125,2.4759628772735596,0.03222513198852539,BeetleFly,all: n_random_points=10 nb_inst_per_class=10,10,10,Rsast,all
2,0.8,1.5174968242645264,0.14172792434692383,0.4882621765136719,0.852257490158081,0.012398004531860352,BeetleFly,all: n_random_points=30 nb_inst_per_class=1,30,1,Rsast,all
3,0.85,8.414656639099121,0.14174175262451172,3.009652853012085,5.102330207824707,0.1218724250793457,BeetleFly,all: n_random_points=30 nb_inst_per_class=10,30,10,Rsast,all
