,accuracy,time,cweights_time,fsubsequence_time,tdataset_time,tclassifier_time,dataset_name,classifier_name,rpoint,nb_per_class,method,len_method
0,0.9142857142857143,0.24347448348999023,0.04656267166137695,0.06926250457763672,0.086578369140625,0.027197599411010742,GunPointOldVersusYoung,all: n_random_points=10 nb_inst_per_class=1,10,1,Rsast,all
1,0.9555555555555556,1.5064918994903564,0.0455625057220459,0.6377224922180176,0.7182168960571289,0.10122418403625488,GunPointOldVersusYoung,all: n_random_points=10 nb_inst_per_class=10,10,10,Rsast,all
2,0.9523809523809523,0.42151927947998047,0.03851485252380371,0.09284019470214844,0.23108172416687012,0.051671504974365234,GunPointOldVersusYoung,all: n_random_points=30 nb_inst_per_class=1,30,1,Rsast,all
3,0.9650793650793651,3.291489362716675,0.04559683799743652,0.9094326496124268,1.8488962650299072,0.464353084564209,GunPointOldVersusYoung,all: n_random_points=30 nb_inst_per_class=10,30,10,Rsast,all
