,accuracy,time,cweights_time,fsubsequence_time,tdataset_time,tclassifier_time,dataset_name,classifier_name,rpoint,nb_per_class,method,len_method
0,0.9317777777777778,0.9019086360931396,0.07430624961853027,0.140350341796875,0.5620744228363037,0.09894728660583496,ECG5000,all: n_random_points=10 nb_inst_per_class=1,10,1,Rsast,all
1,0.9411111111111111,4.739777326583862,0.052937984466552734,0.7286012172698975,3.153416156768799,0.7898252010345459,ECG5000,all: n_random_points=10 nb_inst_per_class=10,10,10,Rsast,all
2,0.934,2.0667409896850586,0.07958436012268066,0.23369812965393066,1.4669437408447266,0.26775193214416504,ECG5000,all: n_random_points=30 nb_inst_per_class=1,30,1,Rsast,all
3,0.9397777777777778,12.801735639572144,0.08987879753112793,1.7071385383605957,7.793341159820557,3.1625492572784424,ECG5000,all: n_random_points=30 nb_inst_per_class=10,30,10,Rsast,all
