,accuracy,time,cweights_time,fsubsequence_time,tdataset_time,tclassifier_time,dataset_name,classifier_name,rpoint,nb_per_class,method,len_method
0,0.8533333333333334,0.19997715950012207,0.05273795127868652,0.1037909984588623,0.019586563110351562,0.005320549011230469,BME,all: n_random_points=10 nb_inst_per_class=1,10,1,Rsast,all
1,0.8666666666666667,1.042788028717041,0.05586743354797363,0.7952380180358887,0.16897845268249512,0.01840043067932129,BME,all: n_random_points=10 nb_inst_per_class=10,10,10,Rsast,all
2,0.88,0.24547576904296875,0.04275679588317871,0.13767218589782715,0.04869556427001953,0.008003950119018555,BME,all: n_random_points=30 nb_inst_per_class=1,30,1,Rsast,all
3,0.8733333333333333,1.6497924327850342,0.0563511848449707,1.0733065605163574,0.45680975914001465,0.04750227928161621,BME,all: n_random_points=30 nb_inst_per_class=10,30,10,Rsast,all
