,accuracy,time,cweights_time,fsubsequence_time,tdataset_time,tclassifier_time,dataset_name,classifier_name,rpoint,nb_per_class,method,len_method
0,0.9507537688442211,1.4981579780578613,0.17957520484924316,0.6950943470001221,0.5504887104034424,0.017297029495239258,Symbols,all: n_random_points=10 nb_inst_per_class=1,10,1,Rsast,all
1,0.9587939698492463,4.744941711425781,0.17881083488464355,2.3656210899353027,2.132540464401245,0.03974413871765137,Symbols,all: n_random_points=10 nb_inst_per_class=10,10,10,Rsast,all
2,0.9547738693467337,2.866687774658203,0.1798877716064453,1.0912575721740723,1.523756504058838,0.026419401168823242,Symbols,all: n_random_points=30 nb_inst_per_class=1,30,1,Rsast,all
3,0.9577889447236181,7.6607513427734375,0.17859148979187012,3.133946657180786,4.1664018630981445,0.13426518440246582,Symbols,all: n_random_points=30 nb_inst_per_class=10,30,10,Rsast,all
