,accuracy,time,cweights_time,fsubsequence_time,tdataset_time,tclassifier_time,dataset_name,classifier_name,rpoint,nb_per_class,method,len_method
0,0.8090241343126967,0.7851645946502686,0.02259540557861328,0.027753829956054688,0.7141416072845459,0.01064610481262207,SonyAIBORobotSurface2,all: n_random_points=10 nb_inst_per_class=1,10,1,Rsast,all
1,0.8488982161594963,5.130265712738037,0.02019953727722168,0.25873565673828125,4.82819676399231,0.018624544143676758,SonyAIBORobotSurface2,all: n_random_points=10 nb_inst_per_class=10,10,10,Rsast,all
2,0.8331584470094439,2.0461995601654053,0.025098085403442383,0.06024527549743652,1.9374971389770508,0.013710737228393555,SonyAIBORobotSurface2,all: n_random_points=30 nb_inst_per_class=1,30,1,Rsast,all
3,0.8562434417628542,13.238749504089355,0.017937421798706055,0.40879297256469727,12.789807558059692,0.017904043197631836,SonyAIBORobotSurface2,all: n_random_points=30 nb_inst_per_class=10,30,10,Rsast,all
