,accuracy,time,cweights_time,fsubsequence_time,tdataset_time,tclassifier_time,dataset_name,classifier_name,rpoint,nb_per_class,method,len_method
0,0.8591065292096219,15.726925373077393,0.04149484634399414,0.032761573791503906,15.495990991592407,0.1488170623779297,ProximalPhalanxOutlineCorrect,all: n_random_points=10 nb_inst_per_class=1,10,1,Rsast,all
1,0.8694158075601375,152.7925364971161,0.03253340721130371,0.3334331512451172,152.09743356704712,0.3259749412536621,ProximalPhalanxOutlineCorrect,all: n_random_points=10 nb_inst_per_class=10,10,10,Rsast,all
2,0.8797250859106529,43.77287673950195,0.03186202049255371,0.04964733123779297,43.52446150779724,0.16298866271972656,ProximalPhalanxOutlineCorrect,all: n_random_points=30 nb_inst_per_class=1,30,1,Rsast,all
3,0.872852233676976,436.7881700992584,0.03251981735229492,0.45367884635925293,435.71819281578064,0.5593135356903076,ProximalPhalanxOutlineCorrect,all: n_random_points=30 nb_inst_per_class=10,30,10,Rsast,all
