,accuracy,time,cweights_time,fsubsequence_time,tdataset_time,tclassifier_time,dataset_name,classifier_name,rpoint,nb_per_class,method,len_method
0,0.8833333333333333,2.827404737472534,0.12943339347839355,0.4359133243560791,2.175739049911499,0.03346419334411621,Car,all: n_random_points=10 nb_inst_per_class=1,10,1,Rsast,all
1,0.9,20.951472997665405,0.21946406364440918,6.701882362365723,13.714105367660522,0.2780272960662842,Car,all: n_random_points=10 nb_inst_per_class=10,10,10,Rsast,all
2,0.85,6.361327648162842,0.23142504692077637,1.115546464920044,4.876535892486572,0.08343005180358887,Car,all: n_random_points=30 nb_inst_per_class=1,30,1,Rsast,all
3,0.9,47.66089105606079,0.19681167602539062,6.827099084854126,39.76971936225891,0.7949562072753906,Car,all: n_random_points=30 nb_inst_per_class=10,30,10,Rsast,all
