,accuracy,time,cweights_time,fsubsequence_time,tdataset_time,tclassifier_time,dataset_name,classifier_name,rpoint,nb_per_class,method,len_method
0,0.8226837060702875,0.9889180660247803,0.02351522445678711,0.03577566146850586,0.9014186859130859,0.0176239013671875,MoteStrain,all: n_random_points=10 nb_inst_per_class=1,10,1,Rsast,all
1,0.9009584664536742,6.538667917251587,0.03168320655822754,0.370434045791626,6.121510982513428,0.012546539306640625,MoteStrain,all: n_random_points=10 nb_inst_per_class=10,10,10,Rsast,all
2,0.8330670926517572,2.550783395767212,0.03244972229003906,0.07249021530151367,2.431546688079834,0.008989334106445312,MoteStrain,all: n_random_points=30 nb_inst_per_class=1,30,1,Rsast,all
3,0.9073482428115016,17.17687177658081,0.030308246612548828,0.5568783283233643,16.565580368041992,0.01805877685546875,MoteStrain,all: n_random_points=30 nb_inst_per_class=10,30,10,Rsast,all
