,accuracy,time,cweights_time,fsubsequence_time,tdataset_time,tclassifier_time,dataset_name,classifier_name,rpoint,nb_per_class,method,len_method
0,0.8538461538461538,0.5272607803344727,0.09740614891052246,0.19420671463012695,0.18179726600646973,0.009819269180297852,ToeSegmentation2,all: n_random_points=10 nb_inst_per_class=1,10,1,Rsast,all
1,0.8846153846153846,3.289005756378174,0.09731793403625488,1.566633939743042,1.57197904586792,0.038358449935913086,ToeSegmentation2,all: n_random_points=10 nb_inst_per_class=10,10,10,Rsast,all
2,0.8923076923076924,0.8874411582946777,0.0969243049621582,0.2876880168914795,0.47394609451293945,0.014028072357177734,ToeSegmentation2,all: n_random_points=30 nb_inst_per_class=1,30,1,Rsast,all
3,0.8692307692307693,5.838888645172119,0.09669351577758789,2.0534255504608154,3.525509834289551,0.13607048988342285,ToeSegmentation2,all: n_random_points=30 nb_inst_per_class=10,30,10,Rsast,all
