,accuracy,time,cweights_time,fsubsequence_time,tdataset_time,tclassifier_time,dataset_name,classifier_name,rpoint,nb_per_class,method,len_method
0,0.8865979381443299,15.67596697807312,0.031885623931884766,0.03322625160217285,15.458972215652466,0.14180517196655273,ProximalPhalanxOutlineCorrect,all: n_random_points=10 nb_inst_per_class=1,10,1,Rsast,all
1,0.872852233676976,153.36044597625732,0.02158832550048828,0.22284674644470215,152.76078701019287,0.35340023040771484,ProximalPhalanxOutlineCorrect,all: n_random_points=10 nb_inst_per_class=10,10,10,Rsast,all
2,0.865979381443299,43.538307905197144,0.03151988983154297,0.050255537033081055,43.29166650772095,0.15859460830688477,ProximalPhalanxOutlineCorrect,all: n_random_points=30 nb_inst_per_class=1,30,1,Rsast,all
3,0.8762886597938144,434.54128789901733,0.03178215026855469,0.504899263381958,433.4418029785156,0.5453948974609375,ProximalPhalanxOutlineCorrect,all: n_random_points=30 nb_inst_per_class=10,30,10,Rsast,all
