,accuracy,time,cweights_time,fsubsequence_time,tdataset_time,tclassifier_time,dataset_name,classifier_name,rpoint,nb_per_class,method,len_method
0,0.8596491228070176,0.36443662643432617,0.07767295837402344,0.14872121810913086,0.11211133003234863,0.008116960525512695,ToeSegmentation1,all: n_random_points=10 nb_inst_per_class=1,10,1,Rsast,all
1,0.8947368421052632,2.244011163711548,0.08271598815917969,1.141254186630249,0.9736018180847168,0.039198875427246094,ToeSegmentation1,all: n_random_points=10 nb_inst_per_class=10,10,10,Rsast,all
2,0.8464912280701754,0.6536304950714111,0.0782315731048584,0.23374271392822266,0.3077354431152344,0.015741825103759766,ToeSegmentation1,all: n_random_points=30 nb_inst_per_class=1,30,1,Rsast,all
3,0.8596491228070176,4.514666318893433,0.07755899429321289,1.752181053161621,2.533022880554199,0.12609338760375977,ToeSegmentation1,all: n_random_points=30 nb_inst_per_class=10,30,10,Rsast,all
