,accuracy,time,cweights_time,fsubsequence_time,tdataset_time,tclassifier_time,dataset_name,classifier_name,rpoint,nb_per_class,method,len_method
0,0.7142857142857143,1.3377981185913086,0.13063359260559082,0.25679659843444824,0.9055683612823486,0.02654242515563965,Ham,all: n_random_points=10 nb_inst_per_class=1,10,1,Rsast,all
1,0.7238095238095238,8.244842052459717,0.1413424015045166,1.8683619499206543,5.9767396450042725,0.24396252632141113,Ham,all: n_random_points=10 nb_inst_per_class=10,10,10,Rsast,all
2,0.7047619047619048,2.8511996269226074,0.11502361297607422,0.3171236515045166,2.3263654708862305,0.07908415794372559,Ham,all: n_random_points=30 nb_inst_per_class=1,30,1,Rsast,all
3,0.7333333333333333,19.961695194244385,0.14016199111938477,2.6290078163146973,16.448460340499878,0.7034163475036621,Ham,all: n_random_points=30 nb_inst_per_class=10,30,10,Rsast,all
