,accuracy,time,cweights_time,fsubsequence_time,tdataset_time,tclassifier_time,dataset_name,classifier_name,rpoint,nb_per_class,method,len_method
0,0.9429268292682926,1.0709517002105713,0.10517048835754395,0.31597137451171875,0.5137801170349121,0.11944103240966797,FacesUCR,all: n_random_points=10 nb_inst_per_class=1,10,1,Rsast,all
1,0.9521951219512195,7.330374479293823,0.08514142036437988,2.3566877841949463,3.4666953086853027,1.3919110298156738,FacesUCR,all: n_random_points=10 nb_inst_per_class=10,10,10,Rsast,all
2,0.948780487804878,2.639739513397217,0.11599969863891602,0.6053528785705566,1.4042267799377441,0.4868314266204834,FacesUCR,all: n_random_points=30 nb_inst_per_class=1,30,1,Rsast,all
3,0.9604878048780487,16.548857927322388,0.1163637638092041,3.8877053260803223,8.205986022949219,4.26404881477356,FacesUCR,all: n_random_points=30 nb_inst_per_class=10,30,10,Rsast,all
