,accuracy,time,cweights_time,fsubsequence_time,tdataset_time,tclassifier_time,dataset_name,classifier_name,rpoint,nb_per_class,method,len_method
0,0.9301587301587302,0.1776440143585205,0.030916213989257812,0.04670977592468262,0.07296133041381836,0.0159604549407959,GunPointOldVersusYoung,all: n_random_points=10 nb_inst_per_class=1,10,1,Rsast,all
1,0.9523809523809523,1.250030517578125,0.03354334831237793,0.4585132598876953,0.6534957885742188,0.10091710090637207,GunPointOldVersusYoung,all: n_random_points=10 nb_inst_per_class=10,10,10,Rsast,all
2,0.9428571428571428,0.410855770111084,0.04564094543457031,0.1038658618927002,0.20969414710998535,0.04360461235046387,GunPointOldVersusYoung,all: n_random_points=30 nb_inst_per_class=1,30,1,Rsast,all
3,0.9650793650793651,3.3847954273223877,0.04550027847290039,0.9230356216430664,1.8363850116729736,0.5559430122375488,GunPointOldVersusYoung,all: n_random_points=30 nb_inst_per_class=10,30,10,Rsast,all
