,accuracy,time,cweights_time,fsubsequence_time,tdataset_time,tclassifier_time,dataset_name,classifier_name,rpoint,nb_per_class,method,len_method
0,0.7637271214642263,0.7230279445648193,0.020517587661743164,0.029796838760375977,0.663982629776001,0.004257678985595703,SonyAIBORobotSurface1,all: n_random_points=10 nb_inst_per_class=1,10,1,Rsast,all
1,0.740432612312812,3.8958699703216553,0.017485380172729492,0.23735952377319336,3.6255240440368652,0.011307477951049805,SonyAIBORobotSurface1,all: n_random_points=10 nb_inst_per_class=10,10,10,Rsast,all
2,0.757071547420965,1.7571122646331787,0.020138978958129883,0.04475545883178711,1.677105188369751,0.009676456451416016,SonyAIBORobotSurface1,all: n_random_points=30 nb_inst_per_class=1,30,1,Rsast,all
3,0.7537437603993344,9.449822902679443,0.025660276412963867,0.36066222190856934,9.045960187911987,0.013635873794555664,SonyAIBORobotSurface1,all: n_random_points=30 nb_inst_per_class=10,30,10,Rsast,all
