,accuracy,time,cweights_time,fsubsequence_time,tdataset_time,tclassifier_time,dataset_name,classifier_name,rpoint,nb_per_class,method,len_method
0,1.0,2.623694658279419,0.03760814666748047,0.061179399490356445,2.4941565990448,0.00981760025024414,ECGFiveDays,all: n_random_points=10 nb_inst_per_class=1,10,1,Rsast,all
1,1.0,17.94697880744934,0.037180185317993164,0.5714864730834961,17.319091081619263,0.014520883560180664,ECGFiveDays,all: n_random_points=10 nb_inst_per_class=10,10,10,Rsast,all
2,1.0,5.977991819381714,0.050060272216796875,0.10001921653747559,5.806629180908203,0.010246753692626953,ECGFiveDays,all: n_random_points=30 nb_inst_per_class=1,30,1,Rsast,all
3,1.0,51.24458193778992,0.04374432563781738,0.8884720802307129,50.26693677902222,0.031020164489746094,ECGFiveDays,all: n_random_points=30 nb_inst_per_class=10,30,10,Rsast,all
