,accuracy,time,cweights_time,fsubsequence_time,tdataset_time,tclassifier_time,dataset_name,classifier_name,rpoint,nb_per_class,method,len_method
0,0.9513513513513514,1.4599814414978027,0.10971879959106445,0.11612319946289062,0.9631328582763672,0.2420179843902588,Strawberry,all: n_random_points=10 nb_inst_per_class=1,10,1,Rsast,all
1,0.9621621621621622,8.539138078689575,0.10720992088317871,1.1328811645507812,6.266787052154541,1.0091822147369385,Strawberry,all: n_random_points=10 nb_inst_per_class=10,10,10,Rsast,all
2,0.9405405405405406,2.855032444000244,0.1074986457824707,0.17377519607543945,2.2535626888275146,0.30988097190856934,Strawberry,all: n_random_points=30 nb_inst_per_class=1,30,1,Rsast,all
3,0.9648648648648649,21.678439378738403,0.09013795852661133,1.4043457508087158,16.335662364959717,3.8024559020996094,Strawberry,all: n_random_points=30 nb_inst_per_class=10,30,10,Rsast,all
