,accuracy,time,cweights_time,fsubsequence_time,tdataset_time,tclassifier_time,dataset_name,classifier_name,rpoint,nb_per_class,method,len_method
0,0.9583333333333334,0.1846776008605957,0.04291200637817383,0.09019589424133301,0.0223844051361084,0.004853010177612305,UMD,all: n_random_points=10 nb_inst_per_class=1,10,1,Rsast,all
1,0.9652777777777778,0.9567039012908936,0.04266238212585449,0.6096847057342529,0.27626562118530273,0.02342367172241211,UMD,all: n_random_points=10 nb_inst_per_class=10,10,10,Rsast,all
2,0.9444444444444444,0.356677770614624,0.06319999694824219,0.18090510368347168,0.08467888832092285,0.0141448974609375,UMD,all: n_random_points=30 nb_inst_per_class=1,30,1,Rsast,all
3,0.9722222222222222,2.1489145755767822,0.0656743049621582,1.3136804103851318,0.6881959438323975,0.055933475494384766,UMD,all: n_random_points=30 nb_inst_per_class=10,30,10,Rsast,all
