,accuracy,time,cweights_time,fsubsequence_time,tdataset_time,tclassifier_time,dataset_name,classifier_name,rpoint,nb_per_class,method,len_method
0,0.88,0.16445708274841309,0.04169273376464844,0.08529877662658691,0.019291400909423828,0.006911516189575195,BME,all: n_random_points=10 nb_inst_per_class=1,10,1,Rsast,all
1,0.8666666666666667,1.0373249053955078,0.04225778579711914,0.7994201183319092,0.17281675338745117,0.018925189971923828,BME,all: n_random_points=10 nb_inst_per_class=10,10,10,Rsast,all
2,0.88,0.21866059303283691,0.03406119346618652,0.11275696754455566,0.05229640007019043,0.012125968933105469,BME,all: n_random_points=30 nb_inst_per_class=1,30,1,Rsast,all
3,0.8733333333333333,1.4633738994598389,0.039566755294799805,0.9226498603820801,0.4337313175201416,0.051110267639160156,BME,all: n_random_points=30 nb_inst_per_class=10,30,10,Rsast,all
