,accuracy,time,cweights_time,fsubsequence_time,tdataset_time,tclassifier_time,dataset_name,classifier_name,rpoint,nb_per_class,method,len_method
0,0.96,12.870463132858276,0.029728174209594727,0.06713008880615234,12.673145532608032,0.06679439544677734,SyntheticControl,all: n_random_points=10 nb_inst_per_class=1,10,1,Rsast,all
1,0.9866666666666667,127.59908151626587,0.024660825729370117,0.596642017364502,126.79531645774841,0.16986584663391113,SyntheticControl,all: n_random_points=10 nb_inst_per_class=10,10,10,Rsast,all
2,0.9666666666666667,34.814862966537476,0.041167497634887695,0.10971498489379883,34.57702112197876,0.07825708389282227,SyntheticControl,all: n_random_points=30 nb_inst_per_class=1,30,1,Rsast,all
3,0.99,347.88638186454773,0.026870012283325195,0.5987181663513184,346.8722825050354,0.3706650733947754,SyntheticControl,all: n_random_points=30 nb_inst_per_class=10,30,10,Rsast,all
