,accuracy,time,cweights_time,fsubsequence_time,tdataset_time,tclassifier_time,dataset_name,classifier_name,rpoint,nb_per_class,method,len_method
0,0.9587939698492463,1.3738996982574463,0.17562341690063477,0.6217572689056396,0.508124828338623,0.0175325870513916,Symbols,all: n_random_points=10 nb_inst_per_class=1,10,1,Rsast,all
1,0.9587939698492463,4.627748250961304,0.1802206039428711,2.3299331665039062,2.055997610092163,0.03953289985656738,Symbols,all: n_random_points=10 nb_inst_per_class=10,10,10,Rsast,all
2,0.9577889447236181,2.747020959854126,0.18007683753967285,1.0265703201293945,1.4903607368469238,0.026400327682495117,Symbols,all: n_random_points=30 nb_inst_per_class=1,30,1,Rsast,all
3,0.9577889447236181,7.906434059143066,0.1772010326385498,3.2427124977111816,4.329239368438721,0.10918807983398438,Symbols,all: n_random_points=30 nb_inst_per_class=10,30,10,Rsast,all
