,accuracy,time,cweights_time,fsubsequence_time,tdataset_time,tclassifier_time,dataset_name,classifier_name,rpoint,nb_per_class,method,len_method
0,0.9342222222222222,0.8323867321014404,0.06809496879577637,0.12880730628967285,0.5310699939727783,0.08478474617004395,ECG5000,all: n_random_points=10 nb_inst_per_class=1,10,1,Rsast,all
1,0.9388888888888889,5.344785928726196,0.05380988121032715,1.167506217956543,3.2576096057891846,0.8459811210632324,ECG5000,all: n_random_points=10 nb_inst_per_class=10,10,10,Rsast,all
2,0.9364444444444444,2.0677292346954346,0.07935714721679688,0.2283928394317627,1.481762170791626,0.26339268684387207,ECG5000,all: n_random_points=30 nb_inst_per_class=1,30,1,Rsast,all
3,0.9366666666666666,13.687994718551636,0.0786595344543457,1.8224425315856934,8.501510620117188,3.2363195419311523,ECG5000,all: n_random_points=30 nb_inst_per_class=10,30,10,Rsast,all
