,accuracy,time,cweights_time,fsubsequence_time,tdataset_time,tclassifier_time,dataset_name,classifier_name,rpoint,nb_per_class,method,len_method
0,0.8,1.8829100131988525,0.19357538223266602,0.7311446666717529,0.8850765228271484,0.021914005279541016,Beef,all: n_random_points=10 nb_inst_per_class=1,10,1,Rsast,all
1,0.8333333333333334,6.6363911628723145,0.19446516036987305,2.623538017272949,3.722970962524414,0.07293152809143066,Beef,all: n_random_points=10 nb_inst_per_class=10,10,10,Rsast,all
2,0.7666666666666667,3.017357349395752,0.1293330192565918,1.0155937671661377,1.8098423480987549,0.03475642204284668,Beef,all: n_random_points=30 nb_inst_per_class=1,30,1,Rsast,all
3,0.8333333333333334,13.344039678573608,0.18686914443969727,3.966001510620117,8.80406904220581,0.351215124130249,Beef,all: n_random_points=30 nb_inst_per_class=10,30,10,Rsast,all
