,accuracy,time,cweights_time,fsubsequence_time,tdataset_time,tclassifier_time,dataset_name,classifier_name,rpoint,nb_per_class,method,len_method
0,1.0,10.580752849578857,0.07781577110290527,0.14505219459533691,10.32899522781372,0.009283065795898438,Coffee,all: n_random_points=10 nb_inst_per_class=1,10,1,Rsast,all
1,1.0,99.31698656082153,0.0788729190826416,1.456780195236206,97.74053525924683,0.027784109115600586,Coffee,all: n_random_points=10 nb_inst_per_class=10,10,10,Rsast,all
2,1.0,29.908570766448975,0.07772278785705566,0.22240376472473145,29.58400297164917,0.014473199844360352,Coffee,all: n_random_points=30 nb_inst_per_class=1,30,1,Rsast,all
3,1.0,290.7787985801697,0.09125018119812012,2.103386163711548,288.4696714878082,0.09125876426696777,Coffee,all: n_random_points=30 nb_inst_per_class=10,30,10,Rsast,all
