,accuracy,time,cweights_time,fsubsequence_time,tdataset_time,tclassifier_time,dataset_name,classifier_name,rpoint,nb_per_class,method,len_method
0,0.9306666666666666,0.8897457122802734,0.07667970657348633,0.1474301815032959,0.5245306491851807,0.09526968002319336,ECG5000,all: n_random_points=10 nb_inst_per_class=1,10,1,Rsast,all
1,0.9377777777777778,5.2799413204193115,0.07187795639038086,1.0219664573669434,3.265167236328125,0.9020731449127197,ECG5000,all: n_random_points=10 nb_inst_per_class=10,10,10,Rsast,all
2,0.9357777777777778,2.0962467193603516,0.07903885841369629,0.23377561569213867,1.4985249042510986,0.2700672149658203,ECG5000,all: n_random_points=30 nb_inst_per_class=1,30,1,Rsast,all
3,0.9357777777777778,13.293635606765747,0.07802510261535645,1.672623634338379,8.139976739883423,3.357618808746338,ECG5000,all: n_random_points=30 nb_inst_per_class=10,30,10,Rsast,all
