,accuracy,time,cweights_time,fsubsequence_time,tdataset_time,tclassifier_time,dataset_name,classifier_name,rpoint,nb_per_class,method,len_method
0,1.0,2.703779458999634,0.04071378707885742,0.06566691398620605,2.5669100284576416,0.007129669189453125,ECGFiveDays,all: n_random_points=10 nb_inst_per_class=1,10,1,Rsast,all
1,1.0,18.011464834213257,0.04966878890991211,0.583787202835083,17.35652470588684,0.017505645751953125,ECGFiveDays,all: n_random_points=10 nb_inst_per_class=10,10,10,Rsast,all
2,1.0,5.998511791229248,0.04927945137023926,0.10074448585510254,5.830085515975952,0.009006977081298828,ECGFiveDays,all: n_random_points=30 nb_inst_per_class=1,30,1,Rsast,all
3,1.0,50.96017813682556,0.048975467681884766,0.8979287147521973,49.9581196308136,0.036832332611083984,ECGFiveDays,all: n_random_points=30 nb_inst_per_class=10,30,10,Rsast,all
