,accuracy,time,cweights_time,fsubsequence_time,tdataset_time,tclassifier_time,dataset_name,classifier_name,rpoint,nb_per_class,method,len_method
0,0.7428571428571429,0.4106786251068115,0.08082962036132812,0.191511869430542,0.11230111122131348,0.009937763214111328,ArrowHead,all: n_random_points=10 nb_inst_per_class=1,10,1,Rsast,all
1,0.7428571428571429,2.7244985103607178,0.07974886894226074,1.580655574798584,1.0011894702911377,0.04721522331237793,ArrowHead,all: n_random_points=10 nb_inst_per_class=10,10,10,Rsast,all
2,0.7257142857142858,0.5977983474731445,0.05440497398376465,0.18834257125854492,0.32375288009643555,0.018979549407958984,ArrowHead,all: n_random_points=30 nb_inst_per_class=1,30,1,Rsast,all
3,0.7542857142857143,5.057860851287842,0.08368086814880371,2.1263110637664795,2.6707534790039062,0.1513075828552246,ArrowHead,all: n_random_points=30 nb_inst_per_class=10,30,10,Rsast,all
