,accuracy,time,cweights_time,fsubsequence_time,tdataset_time,tclassifier_time,dataset_name,classifier_name,rpoint,nb_per_class,method,len_method
0,0.7230769230769231,6.798944711685181,0.28562331199645996,0.944028377532959,4.989847660064697,0.356311559677124,CricketZ,all: n_random_points=10 nb_inst_per_class=1,10,1,Rsast,all
1,0.7538461538461538,51.85792350769043,0.32302021980285645,5.61611795425415,39.9194700717926,5.902608394622803,CricketZ,all: n_random_points=10 nb_inst_per_class=10,10,10,Rsast,all
2,0.717948717948718,16.19878625869751,0.2894737720489502,1.2660977840423584,13.346505165100098,1.209519386291504,CricketZ,all: n_random_points=30 nb_inst_per_class=1,30,1,Rsast,all
3,0.7666666666666667,136.95833539962769,0.3283846378326416,8.550981760025024,113.92482089996338,13.952250242233276,CricketZ,all: n_random_points=30 nb_inst_per_class=10,30,10,Rsast,all
