,accuracy,time,cweights_time,fsubsequence_time,tdataset_time,tclassifier_time,dataset_name,classifier_name,rpoint,nb_per_class,method,len_method
0,0.8070175438596491,0.36708974838256836,0.07787132263183594,0.148712158203125,0.10938382148742676,0.00764012336730957,ToeSegmentation1,all: n_random_points=10 nb_inst_per_class=1,10,1,Rsast,all
1,0.8771929824561403,2.3849446773529053,0.07794809341430664,1.2796814441680908,0.9799044132232666,0.038889408111572266,ToeSegmentation1,all: n_random_points=10 nb_inst_per_class=10,10,10,Rsast,all
2,0.793859649122807,0.6387166976928711,0.07140803337097168,0.21353673934936523,0.3216249942779541,0.0184938907623291,ToeSegmentation1,all: n_random_points=30 nb_inst_per_class=1,30,1,Rsast,all
3,0.8596491228070176,4.553441047668457,0.08077454566955566,1.697558879852295,2.620594024658203,0.1306898593902588,ToeSegmentation1,all: n_random_points=30 nb_inst_per_class=10,30,10,Rsast,all
