,accuracy,time,cweights_time,fsubsequence_time,tdataset_time,tclassifier_time,dataset_name,classifier_name,rpoint,nb_per_class,method,len_method
0,0.9936708860759493,0.2290630340576172,0.04581451416015625,0.06778264045715332,0.07850003242492676,0.02303314208984375,GunPointMaleVersusFemale,all: n_random_points=10 nb_inst_per_class=1,10,1,Rsast,all
1,0.9936708860759493,1.529050588607788,0.04529762268066406,0.6517364978790283,0.7265775203704834,0.10147857666015625,GunPointMaleVersusFemale,all: n_random_points=10 nb_inst_per_class=10,10,10,Rsast,all
2,0.9873417721518988,0.41704654693603516,0.045601606369018555,0.10558724403381348,0.21373772621154785,0.04375600814819336,GunPointMaleVersusFemale,all: n_random_points=30 nb_inst_per_class=1,30,1,Rsast,all
3,0.9873417721518988,3.3307418823242188,0.04547858238220215,0.9247655868530273,1.84438157081604,0.4911959171295166,GunPointMaleVersusFemale,all: n_random_points=30 nb_inst_per_class=10,30,10,Rsast,all
