,accuracy,time,cweights_time,fsubsequence_time,tdataset_time,tclassifier_time,dataset_name,classifier_name,rpoint,nb_per_class,method,len_method
0,0.82,4.423773765563965,0.02824091911315918,0.042825937271118164,4.328125476837158,0.014876842498779297,ECG200,all: n_random_points=10 nb_inst_per_class=1,10,1,Rsast,all
1,0.88,37.58776664733887,0.017203569412231445,0.23842334747314453,37.28483057022095,0.04086136817932129,ECG200,all: n_random_points=10 nb_inst_per_class=10,10,10,Rsast,all
2,0.84,11.143605947494507,0.02792215347290039,0.06166672706604004,11.031812906265259,0.017771482467651367,ECG200,all: n_random_points=30 nb_inst_per_class=1,30,1,Rsast,all
3,0.87,107.03554010391235,0.036986589431762695,0.6520524024963379,106.21586441993713,0.1215364933013916,ECG200,all: n_random_points=30 nb_inst_per_class=10,30,10,Rsast,all
