,accuracy,time,cweights_time,fsubsequence_time,tdataset_time,tclassifier_time,dataset_name,classifier_name,rpoint,nb_per_class,method,len_method
0,0.538961038961039,30.65044331550598,0.045987844467163086,0.10122895240783691,30.374729871749878,0.1023867130279541,MiddlePhalanxTW,all: n_random_points=10 nb_inst_per_class=1,10,1,Rsast,all
1,0.5,307.1747760772705,0.06003165245056152,0.9764904975891113,305.6815800666809,0.4417576789855957,MiddlePhalanxTW,all: n_random_points=10 nb_inst_per_class=10,10,10,Rsast,all
2,0.512987012987013,87.71982979774475,0.05317878723144531,0.14838409423828125,87.34248495101929,0.1609039306640625,MiddlePhalanxTW,all: n_random_points=30 nb_inst_per_class=1,30,1,Rsast,all
3,0.5064935064935064,875.6468231678009,0.04528045654296875,1.437974214553833,873.2796545028687,0.8520674705505371,MiddlePhalanxTW,all: n_random_points=30 nb_inst_per_class=10,30,10,Rsast,all
