,accuracy,time,cweights_time,fsubsequence_time,tdataset_time,tclassifier_time,dataset_name,classifier_name,rpoint,nb_per_class,method,len_method
0,0.7943336831059811,0.8008451461791992,0.018491744995117188,0.028233051300048828,0.7376916408538818,0.008600950241088867,SonyAIBORobotSurface2,all: n_random_points=10 nb_inst_per_class=1,10,1,Rsast,all
1,0.8530954879328436,5.305538892745972,0.024004697799682617,0.2630188465118408,4.997202157974243,0.01748967170715332,SonyAIBORobotSurface2,all: n_random_points=10 nb_inst_per_class=10,10,10,Rsast,all
2,0.7985309548793285,1.8941717147827148,0.01874232292175293,0.03910350799560547,1.8223612308502197,0.009206771850585938,SonyAIBORobotSurface2,all: n_random_points=30 nb_inst_per_class=1,30,1,Rsast,all
3,0.857292759706191,13.352222442626953,0.024212360382080078,0.4344325065612793,12.86797022819519,0.019332408905029297,SonyAIBORobotSurface2,all: n_random_points=30 nb_inst_per_class=10,30,10,Rsast,all
