,accuracy,time,cweights_time,fsubsequence_time,tdataset_time,tclassifier_time,dataset_name,classifier_name,rpoint,nb_per_class,method,len_method
0,0.7318840579710145,15.65368366241455,0.043317317962646484,0.037763118743896484,15.420588970184326,0.14008641242980957,DistalPhalanxOutlineCorrect,all: n_random_points=10 nb_inst_per_class=1,10,1,Rsast,all
1,0.7391304347826086,152.52862548828125,0.03146934509277344,0.3307185173034668,151.75815510749817,0.40569496154785156,DistalPhalanxOutlineCorrect,all: n_random_points=10 nb_inst_per_class=10,10,10,Rsast,all
2,0.7101449275362319,42.47814178466797,0.03167390823364258,0.049912214279174805,42.227356910705566,0.16526103019714355,DistalPhalanxOutlineCorrect,all: n_random_points=30 nb_inst_per_class=1,30,1,Rsast,all
3,0.7246376811594203,430.68105602264404,0.03168535232543945,0.5086820125579834,429.56191539764404,0.5644538402557373,DistalPhalanxOutlineCorrect,all: n_random_points=30 nb_inst_per_class=10,30,10,Rsast,all
