,accuracy,time,cweights_time,fsubsequence_time,tdataset_time,tclassifier_time,dataset_name,classifier_name,rpoint,nb_per_class,method,len_method
0,0.9886363636363636,0.8115761280059814,0.12590336799621582,0.39174342155456543,0.24855566024780273,0.0068511962890625,FaceFour,all: n_random_points=10 nb_inst_per_class=1,10,1,Rsast,all
1,0.9886363636363636,3.165189504623413,0.1267716884613037,1.6453039646148682,1.3417749404907227,0.03315901756286621,FaceFour,all: n_random_points=10 nb_inst_per_class=10,10,10,Rsast,all
2,1.0,1.4567556381225586,0.15040802955627441,0.5885677337646484,0.6714901924133301,0.019765615463256836,FaceFour,all: n_random_points=30 nb_inst_per_class=1,30,1,Rsast,all
3,1.0,6.024127006530762,0.08541727066040039,2.6531901359558105,3.1339402198791504,0.10991811752319336,FaceFour,all: n_random_points=30 nb_inst_per_class=10,30,10,Rsast,all
