,accuracy,time,cweights_time,fsubsequence_time,tdataset_time,tclassifier_time,dataset_name,classifier_name,rpoint,nb_per_class,method,len_method
0,0.97625,1.5305919647216797,0.08762621879577637,0.1134340763092041,0.685814619064331,0.6196157932281494,TwoPatterns,all: n_random_points=10 nb_inst_per_class=1,10,1,Rsast,all
1,0.99625,7.8552305698394775,0.06285810470581055,0.8385167121887207,4.508657693862915,2.423201560974121,TwoPatterns,all: n_random_points=10 nb_inst_per_class=10,10,10,Rsast,all
2,0.98375,3.053551197052002,0.0855567455291748,0.1712496280670166,1.849672555923462,0.9370567798614502,TwoPatterns,all: n_random_points=30 nb_inst_per_class=1,30,1,Rsast,all
3,0.9975,21.004509449005127,0.07851815223693848,0.9809572696685791,11.886115312576294,8.00072193145752,TwoPatterns,all: n_random_points=30 nb_inst_per_class=10,30,10,Rsast,all
