,accuracy,time,cweights_time,fsubsequence_time,tdataset_time,tclassifier_time,dataset_name,classifier_name,rpoint,nb_per_class,method,len_method
0,0.6692789968652038,7.83734655380249,0.2243211269378662,1.778740406036377,5.25255560874939,0.4655766487121582,WordSynonyms,all: n_random_points=10 nb_inst_per_class=1,10,1,Rsast,all
1,0.6927899686520376,40.57587385177612,0.4048953056335449,6.8621063232421875,28.910440683364868,4.300822734832764,WordSynonyms,all: n_random_points=10 nb_inst_per_class=10,10,10,Rsast,all
2,0.6818181818181818,17.328359365463257,0.37781214714050293,1.7158904075622559,13.858258247375488,1.2438535690307617,WordSynonyms,all: n_random_points=30 nb_inst_per_class=1,30,1,Rsast,all
3,0.700626959247649,100.96682667732239,0.40540456771850586,9.82148265838623,79.77825450897217,10.769668579101562,WordSynonyms,all: n_random_points=30 nb_inst_per_class=10,30,10,Rsast,all
