,accuracy,time,cweights_time,fsubsequence_time,tdataset_time,tclassifier_time,dataset_name,classifier_name,rpoint,nb_per_class,method,len_method
0,0.8195121951219512,15.535579442977905,0.03258633613586426,0.050637006759643555,15.344115972518921,0.09516739845275879,ProximalPhalanxOutlineAgeGroup,all: n_random_points=10 nb_inst_per_class=1,10,1,Rsast,all
1,0.7951219512195122,154.48894023895264,0.033422231674194336,0.49373936653137207,153.70832800865173,0.24595189094543457,ProximalPhalanxOutlineAgeGroup,all: n_random_points=10 nb_inst_per_class=10,10,10,Rsast,all
2,0.8048780487804879,43.42011213302612,0.041655540466308594,0.07416844367980957,43.18397283554077,0.10977840423583984,ProximalPhalanxOutlineAgeGroup,all: n_random_points=30 nb_inst_per_class=1,30,1,Rsast,all
3,0.7951219512195122,436.96773290634155,0.044777870178222656,0.78082275390625,435.6067864894867,0.5123903751373291,ProximalPhalanxOutlineAgeGroup,all: n_random_points=30 nb_inst_per_class=10,30,10,Rsast,all
