,accuracy,time,cweights_time,fsubsequence_time,tdataset_time,tclassifier_time,dataset_name,classifier_name,rpoint,nb_per_class,method,len_method
0,0.6761904761904762,1.4315662384033203,0.14078116416931152,0.26038575172424316,0.9793622493743896,0.024159908294677734,Ham,all: n_random_points=10 nb_inst_per_class=1,10,1,Rsast,all
1,0.7714285714285715,8.147090196609497,0.14153242111206055,1.7949481010437012,5.9781012535095215,0.21323275566101074,Ham,all: n_random_points=10 nb_inst_per_class=10,10,10,Rsast,all
2,0.7333333333333333,2.909102439880371,0.12369465827941895,0.36133766174316406,2.341585159301758,0.06844377517700195,Ham,all: n_random_points=30 nb_inst_per_class=1,30,1,Rsast,all
3,0.7523809523809524,20.11300802230835,0.14176177978515625,2.562012195587158,16.617177486419678,0.747830867767334,Ham,all: n_random_points=30 nb_inst_per_class=10,30,10,Rsast,all
