,accuracy,time,cweights_time,fsubsequence_time,tdataset_time,tclassifier_time,dataset_name,classifier_name,rpoint,nb_per_class,method,len_method
0,0.789044289044289,48.59264326095581,0.036772966384887695,0.02608466148376465,46.016854763031006,2.494138717651367,PhalangesOutlinesCorrect,all: n_random_points=10 nb_inst_per_class=1,10,1,Rsast,all
1,0.8018648018648019,458.9346373081207,0.04921984672546387,0.34238767623901367,456.9138057231903,1.6129615306854248,PhalangesOutlinesCorrect,all: n_random_points=10 nb_inst_per_class=10,10,10,Rsast,all
2,0.8006993006993007,132.1432399749756,0.052947282791137695,0.05171966552734375,130.83814239501953,1.192253828048706,PhalangesOutlinesCorrect,all: n_random_points=30 nb_inst_per_class=1,30,1,Rsast,all
3,0.796037296037296,1299.8015956878662,0.04889512062072754,0.5247297286987305,1296.6220407485962,2.563549280166626,PhalangesOutlinesCorrect,all: n_random_points=30 nb_inst_per_class=10,30,10,Rsast,all
