,accuracy,time,cweights_time,fsubsequence_time,tdataset_time,tclassifier_time,dataset_name,classifier_name,rpoint,nb_per_class,method,len_method
0,0.978,1.6265978813171387,0.08599972724914551,0.1106107234954834,0.6809983253479004,0.7214553356170654,TwoPatterns,all: n_random_points=10 nb_inst_per_class=1,10,1,Rsast,all
1,0.997,8.08983826637268,0.08150196075439453,1.0548374652862549,4.493185043334961,2.43709659576416,TwoPatterns,all: n_random_points=10 nb_inst_per_class=10,10,10,Rsast,all
2,0.9845,3.0802865028381348,0.08697700500488281,0.1720280647277832,1.8147695064544678,0.9920661449432373,TwoPatterns,all: n_random_points=30 nb_inst_per_class=1,30,1,Rsast,all
3,0.99675,21.55295991897583,0.06122303009033203,1.4866831302642822,11.686010122299194,8.257308721542358,TwoPatterns,all: n_random_points=30 nb_inst_per_class=10,30,10,Rsast,all
