,accuracy,time,cweights_time,fsubsequence_time,tdataset_time,tclassifier_time,dataset_name,classifier_name,rpoint,nb_per_class,method,len_method
0,0.8405797101449275,8.057937860488892,0.08422970771789551,0.18279409408569336,7.733574867248535,0.009102106094360352,DodgerLoopGame,all: n_random_points=10 nb_inst_per_class=1,10,1,Rsast,all
1,0.8768115942028986,72.9243676662445,0.07720088958740234,1.4993300437927246,71.30305218696594,0.026646852493286133,DodgerLoopGame,all: n_random_points=10 nb_inst_per_class=10,10,10,Rsast,all
2,0.8188405797101449,22.186729907989502,0.0838310718536377,0.2301018238067627,21.83463740348816,0.011483430862426758,DodgerLoopGame,all: n_random_points=30 nb_inst_per_class=1,30,1,Rsast,all
3,0.855072463768116,213.22952675819397,0.08710169792175293,2.1376399993896484,210.92181539535522,0.053925275802612305,DodgerLoopGame,all: n_random_points=30 nb_inst_per_class=10,30,10,Rsast,all
