,accuracy,time,cweights_time,fsubsequence_time,tdataset_time,tclassifier_time,dataset_name,classifier_name,rpoint,nb_per_class,method,len_method
0,0.9166666666666666,1.470266580581665,0.1368393898010254,0.40291881561279297,0.855475902557373,0.020864009857177734,Meat,all: n_random_points=10 nb_inst_per_class=1,10,1,Rsast,all
1,0.95,8.523778676986694,0.18958282470703125,2.5105481147766113,5.647572040557861,0.16177153587341309,Meat,all: n_random_points=10 nb_inst_per_class=10,10,10,Rsast,all
2,0.85,2.9978694915771484,0.11721205711364746,0.5960841178894043,2.2256698608398438,0.034577131271362305,Meat,all: n_random_points=30 nb_inst_per_class=1,30,1,Rsast,all
3,0.9,19.29115891456604,0.10308551788330078,3.7871081829071045,14.894155740737915,0.4561491012573242,Meat,all: n_random_points=30 nb_inst_per_class=10,30,10,Rsast,all
