,accuracy,time,cweights_time,fsubsequence_time,tdataset_time,tclassifier_time,dataset_name,classifier_name,rpoint,nb_per_class,method,len_method
0,0.8490415335463258,0.9689204692840576,0.017667293548583984,0.027158737182617188,0.9052767753601074,0.012537717819213867,MoteStrain,all: n_random_points=10 nb_inst_per_class=1,10,1,Rsast,all
1,0.9009584664536742,6.682307243347168,0.02309107780456543,0.35229945182800293,6.28646183013916,0.017150163650512695,MoteStrain,all: n_random_points=10 nb_inst_per_class=10,10,10,Rsast,all
2,0.8506389776357828,2.5090882778167725,0.031333208084106445,0.07017111778259277,2.3924100399017334,0.00731968879699707,MoteStrain,all: n_random_points=30 nb_inst_per_class=1,30,1,Rsast,all
3,0.90814696485623,17.28944492340088,0.0232846736907959,0.5398313999176025,16.700143337249756,0.01984858512878418,MoteStrain,all: n_random_points=30 nb_inst_per_class=10,30,10,Rsast,all
