,accuracy,time,cweights_time,fsubsequence_time,tdataset_time,tclassifier_time,dataset_name,classifier_name,rpoint,nb_per_class,method,len_method
0,0.9537688442211055,1.296034812927246,0.16345858573913574,0.5768938064575195,0.5155227184295654,0.014641761779785156,Symbols,all: n_random_points=10 nb_inst_per_class=1,10,1,Rsast,all
1,0.9587939698492463,3.788809061050415,0.17703795433044434,1.9783382415771484,1.5676677227020264,0.04440617561340332,Symbols,all: n_random_points=10 nb_inst_per_class=10,10,10,Rsast,all
2,0.9618090452261306,2.753748655319214,0.1795518398284912,1.027745246887207,1.488142967224121,0.028021812438964844,Symbols,all: n_random_points=30 nb_inst_per_class=1,30,1,Rsast,all
3,0.9577889447236181,7.861858129501343,0.17697715759277344,3.160754919052124,4.348470211029053,0.1329500675201416,Symbols,all: n_random_points=30 nb_inst_per_class=10,30,10,Rsast,all
