,accuracy,time,cweights_time,fsubsequence_time,tdataset_time,tclassifier_time,dataset_name,classifier_name,rpoint,nb_per_class,method,len_method
0,0.6474820143884892,30.79612946510315,0.04471778869628906,0.10043716430664062,30.529820919036865,0.10009121894836426,DistalPhalanxTW,all: n_random_points=10 nb_inst_per_class=1,10,1,Rsast,all
1,0.6330935251798561,307.7313458919525,0.04462432861328125,0.9824812412261963,306.3151776790619,0.37567949295043945,DistalPhalanxTW,all: n_random_points=10 nb_inst_per_class=10,10,10,Rsast,all
2,0.5755395683453237,87.2261974811554,0.044317007064819336,0.14625024795532227,86.88267874717712,0.14527177810668945,DistalPhalanxTW,all: n_random_points=30 nb_inst_per_class=1,30,1,Rsast,all
3,0.6187050359712231,876.546293258667,0.0471339225769043,1.4950509071350098,874.1623940467834,0.8091633319854736,DistalPhalanxTW,all: n_random_points=30 nb_inst_per_class=10,30,10,Rsast,all
