,accuracy,time,cweights_time,fsubsequence_time,tdataset_time,tclassifier_time,dataset_name,classifier_name,rpoint,nb_per_class,method,len_method
0,0.5064935064935064,30.893986225128174,0.045534610748291016,0.10015630722045898,30.610220909118652,0.11478114128112793,MiddlePhalanxTW,all: n_random_points=10 nb_inst_per_class=1,10,1,Rsast,all
1,0.512987012987013,307.72774505615234,0.045554161071777344,0.9904513359069824,306.32335019111633,0.35252881050109863,MiddlePhalanxTW,all: n_random_points=10 nb_inst_per_class=10,10,10,Rsast,all
2,0.525974025974026,86.34035181999207,0.04541420936584473,0.14531612396240234,85.98529148101807,0.1559739112854004,MiddlePhalanxTW,all: n_random_points=30 nb_inst_per_class=1,30,1,Rsast,all
3,0.512987012987013,879.6281895637512,0.04552197456359863,1.5139391422271729,877.1894903182983,0.8419711589813232,MiddlePhalanxTW,all: n_random_points=30 nb_inst_per_class=10,30,10,Rsast,all
