,accuracy,time,cweights_time,fsubsequence_time,tdataset_time,tclassifier_time,dataset_name,classifier_name,rpoint,nb_per_class,method,len_method
0,0.9825072886297376,0.09216570854187012,0.00433802604675293,0.005590200424194336,0.07501602172851562,0.005915641784667969,Chinatown,all: n_random_points=10 nb_inst_per_class=1,10,1,Rsast,all
1,0.9854227405247813,0.6068410873413086,0.0052356719970703125,0.06653261184692383,0.5269157886505127,0.006939411163330078,Chinatown,all: n_random_points=10 nb_inst_per_class=10,10,10,Rsast,all
2,0.9766763848396501,0.14498376846313477,0.007402896881103516,0.009198904037475586,0.11472916603088379,0.011153936386108398,Chinatown,all: n_random_points=30 nb_inst_per_class=1,30,1,Rsast,all
3,0.9854227405247813,0.9219563007354736,0.005270719528198242,0.08005833625793457,0.8248522281646729,0.010528802871704102,Chinatown,all: n_random_points=30 nb_inst_per_class=10,30,10,Rsast,all
