,accuracy,time,cweights_time,fsubsequence_time,tdataset_time,tclassifier_time,dataset_name,classifier_name,rpoint,nb_per_class,method,len_method
0,0.9504373177842566,0.23899006843566895,0.005880832672119141,0.007416486740112305,0.21246552467346191,0.011354684829711914,ItalyPowerDemand,all: n_random_points=10 nb_inst_per_class=1,10,1,Rsast,all
1,0.9533527696793003,1.7149858474731445,0.005479335784912109,0.0690155029296875,1.6214566230773926,0.016886234283447266,ItalyPowerDemand,all: n_random_points=10 nb_inst_per_class=10,10,10,Rsast,all
2,0.9650145772594753,0.3327920436859131,0.004319429397583008,0.006539344787597656,0.3089752197265625,0.011445045471191406,ItalyPowerDemand,all: n_random_points=30 nb_inst_per_class=1,30,1,Rsast,all
3,0.9494655004859086,2.584576368331909,0.005587577819824219,0.08489012718200684,2.4840214252471924,0.009044408798217773,ItalyPowerDemand,all: n_random_points=30 nb_inst_per_class=10,30,10,Rsast,all
