,accuracy,time,cweights_time,fsubsequence_time,tdataset_time,tclassifier_time,dataset_name,classifier_name,rpoint,nb_per_class,method,len_method
0,0.8944444444444445,0.8085377216339111,0.13852953910827637,0.3322439193725586,0.2617218494415283,0.0068128108978271484,ShapeletSim,all: n_random_points=10 nb_inst_per_class=1,10,1,Rsast,all
1,0.8,4.8493242263793945,0.1385202407836914,2.203188180923462,2.459341287612915,0.03188681602478027,ShapeletSim,all: n_random_points=10 nb_inst_per_class=10,10,10,Rsast,all
2,0.8277777777777777,1.4359216690063477,0.13768887519836426,0.4843714237213135,0.776740312576294,0.01351475715637207,ShapeletSim,all: n_random_points=30 nb_inst_per_class=1,30,1,Rsast,all
3,0.8055555555555556,8.666445970535278,0.13710689544677734,3.3156561851501465,5.056355953216553,0.11903619766235352,ShapeletSim,all: n_random_points=30 nb_inst_per_class=10,30,10,Rsast,all
