,accuracy,time,cweights_time,fsubsequence_time,tdataset_time,tclassifier_time,dataset_name,classifier_name,rpoint,nb_per_class,method,len_method
0,0.8,1.3759791851043701,0.14079952239990234,0.26163506507873535,0.9132182598114014,0.033408403396606445,Ham,all: n_random_points=10 nb_inst_per_class=1,10,1,Rsast,all
1,0.6761904761904762,8.052981853485107,0.14039874076843262,1.638300895690918,6.001412391662598,0.25397229194641113,Ham,all: n_random_points=10 nb_inst_per_class=10,10,10,Rsast,all
2,0.7142857142857143,3.1018030643463135,0.14086389541625977,0.3866238594055176,2.48893404006958,0.06383347511291504,Ham,all: n_random_points=30 nb_inst_per_class=1,30,1,Rsast,all
3,0.7238095238095238,20.224911212921143,0.14169025421142578,3.3582513332366943,15.970039129257202,0.7087454795837402,Ham,all: n_random_points=30 nb_inst_per_class=10,30,10,Rsast,all
