,accuracy,time,cweights_time,fsubsequence_time,tdataset_time,tclassifier_time,dataset_name,classifier_name,rpoint,nb_per_class,method,len_method
0,0.8833333333333333,1.398888111114502,0.1397862434387207,0.4051342010498047,0.7576034069061279,0.016906023025512695,Meat,all: n_random_points=10 nb_inst_per_class=1,10,1,Rsast,all
1,0.9333333333333333,8.270885229110718,0.1543898582458496,2.494950294494629,5.43609619140625,0.17183732986450195,Meat,all: n_random_points=10 nb_inst_per_class=10,10,10,Rsast,all
2,0.8833333333333333,2.8645362854003906,0.13965296745300293,0.5843844413757324,2.0748136043548584,0.03182363510131836,Meat,all: n_random_points=30 nb_inst_per_class=1,30,1,Rsast,all
3,0.9166666666666666,19.982001304626465,0.09742021560668945,4.747896671295166,14.630831956863403,0.45808935165405273,Meat,all: n_random_points=30 nb_inst_per_class=10,30,10,Rsast,all
