,accuracy,time,cweights_time,fsubsequence_time,tdataset_time,tclassifier_time,dataset_name,classifier_name,rpoint,nb_per_class,method,len_method
0,0.724561403508772,0.3929164409637451,0.08039379119873047,0.1590287685394287,0.09350824356079102,0.01049041748046875,FreezerSmallTrain,all: n_random_points=10 nb_inst_per_class=1,10,1,Rsast,all
1,0.7392982456140351,2.0052170753479004,0.055835723876953125,0.9747700691223145,0.9323458671569824,0.03169131278991699,FreezerSmallTrain,all: n_random_points=10 nb_inst_per_class=10,10,10,Rsast,all
2,0.6891228070175439,0.6311850547790527,0.08158993721008301,0.24368667602539062,0.27387571334838867,0.016773462295532227,FreezerSmallTrain,all: n_random_points=30 nb_inst_per_class=1,30,1,Rsast,all
3,0.7491228070175439,5.133057117462158,0.08400726318359375,2.1762773990631104,2.7274274826049805,0.10456275939941406,FreezerSmallTrain,all: n_random_points=30 nb_inst_per_class=10,30,10,Rsast,all
