,accuracy,time,cweights_time,fsubsequence_time,tdataset_time,tclassifier_time,dataset_name,classifier_name,rpoint,nb_per_class,method,len_method
0,0.9694736842105263,0.8099856376647949,0.09911108016967773,0.16172003746032715,0.4850618839263916,0.032243967056274414,FreezerRegularTrain,all: n_random_points=10 nb_inst_per_class=1,10,1,Rsast,all
1,0.9831578947368421,5.656989812850952,0.09895658493041992,1.5057563781738281,3.5937986373901367,0.4413270950317383,FreezerRegularTrain,all: n_random_points=10 nb_inst_per_class=10,10,10,Rsast,all
2,0.9796491228070175,1.6039035320281982,0.09863948822021484,0.24450206756591797,1.1558895111083984,0.08701825141906738,FreezerRegularTrain,all: n_random_points=30 nb_inst_per_class=1,30,1,Rsast,all
3,0.9764912280701754,12.115277290344238,0.09677410125732422,1.9438660144805908,8.830622434616089,1.2091808319091797,FreezerRegularTrain,all: n_random_points=30 nb_inst_per_class=10,30,10,Rsast,all
