,accuracy,time,cweights_time,fsubsequence_time,tdataset_time,tclassifier_time,dataset_name,classifier_name,rpoint,nb_per_class,method,len_method
0,0.6306547619047619,49.668741941452026,0.16022586822509766,1.5300376415252686,6.4368836879730225,41.51694703102112,Crop,all: n_random_points=10 nb_inst_per_class=1,10,1,Rsast,all
1,0.7426785714285714,296.92070150375366,0.26279783248901367,1.2939603328704834,15.84222674369812,279.3628454208374,Crop,all: n_random_points=10 nb_inst_per_class=10,10,10,Rsast,all
2,0.7049404761904762,43.49017548561096,0.12716078758239746,0.16541123390197754,4.813570499420166,38.24598169326782,Crop,all: n_random_points=30 nb_inst_per_class=1,30,1,Rsast,all
3,0.7514285714285714,339.58058738708496,0.2368183135986328,1.868483304977417,38.20722699165344,298.93881011009216,Crop,all: n_random_points=30 nb_inst_per_class=10,30,10,Rsast,all
