,accuracy,time,cweights_time,fsubsequence_time,tdataset_time,tclassifier_time,dataset_name,classifier_name,rpoint,nb_per_class,method,len_method
0,0.9810126582278481,0.20552468299865723,0.039031982421875,0.058371782302856445,0.07975578308105469,0.01577138900756836,GunPointMaleVersusFemale,all: n_random_points=10 nb_inst_per_class=1,10,1,Rsast,all
1,0.990506329113924,1.4166209697723389,0.04344344139099121,0.5634939670562744,0.6752011775970459,0.12992548942565918,GunPointMaleVersusFemale,all: n_random_points=10 nb_inst_per_class=10,10,10,Rsast,all
2,0.9683544303797469,0.3844258785247803,0.030863523483276367,0.0700216293334961,0.23445916175842285,0.04296445846557617,GunPointMaleVersusFemale,all: n_random_points=30 nb_inst_per_class=1,30,1,Rsast,all
3,0.990506329113924,3.4158577919006348,0.04606771469116211,0.8892271518707275,1.9842376708984375,0.47046589851379395,GunPointMaleVersusFemale,all: n_random_points=30 nb_inst_per_class=10,30,10,Rsast,all
