,accuracy,time,cweights_time,fsubsequence_time,tdataset_time,tclassifier_time,dataset_name,classifier_name,rpoint,nb_per_class,method,len_method
0,0.9378378378378378,1.5084431171417236,0.11049938201904297,0.11741209030151367,1.0336940288543701,0.22052359580993652,Strawberry,all: n_random_points=10 nb_inst_per_class=1,10,1,Rsast,all
1,0.9648648648648649,8.124679565429688,0.11119627952575684,0.8771603107452393,6.1399335861206055,0.9751832485198975,Strawberry,all: n_random_points=10 nb_inst_per_class=10,10,10,Rsast,all
2,0.9567567567567568,2.8243794441223145,0.11181521415710449,0.17473673820495605,2.252007484436035,0.27546191215515137,Strawberry,all: n_random_points=30 nb_inst_per_class=1,30,1,Rsast,all
3,0.972972972972973,21.496663331985474,0.11234855651855469,1.4415972232818604,16.825744152069092,3.0773348808288574,Strawberry,all: n_random_points=30 nb_inst_per_class=10,30,10,Rsast,all
