,accuracy,time,cweights_time,fsubsequence_time,tdataset_time,tclassifier_time,dataset_name,classifier_name,rpoint,nb_per_class,method,len_method
0,0.675,0.7862448692321777,0.07756304740905762,0.2088329792022705,0.37065601348876953,0.09623503684997559,MedicalImages,all: n_random_points=10 nb_inst_per_class=1,10,1,Rsast,all
1,0.7118421052631579,4.85535740852356,0.07367968559265137,1.4106616973876953,2.3596854209899902,0.9871752262115479,MedicalImages,all: n_random_points=10 nb_inst_per_class=10,10,10,Rsast,all
2,0.6828947368421052,1.7556328773498535,0.06109118461608887,0.3012831211090088,1.1060447692871094,0.2731442451477051,MedicalImages,all: n_random_points=30 nb_inst_per_class=1,30,1,Rsast,all
3,0.7171052631578947,11.411399602890015,0.08844351768493652,1.8698699474334717,5.895376205444336,3.5051162242889404,MedicalImages,all: n_random_points=30 nb_inst_per_class=10,30,10,Rsast,all
