,accuracy,time,cweights_time,fsubsequence_time,tdataset_time,tclassifier_time,dataset_name,classifier_name,rpoint,nb_per_class,method,len_method
0,0.7205128205128205,6.80080509185791,0.290771484375,0.9609880447387695,5.0025646686553955,0.34680771827697754,CricketY,all: n_random_points=10 nb_inst_per_class=1,10,1,Rsast,all
1,0.7487179487179487,50.56515860557556,0.1650998592376709,5.09571647644043,39.08361554145813,6.1295976638793945,CricketY,all: n_random_points=10 nb_inst_per_class=10,10,10,Rsast,all
2,0.7282051282051282,17.160046100616455,0.28299713134765625,1.3421070575714111,14.19736623764038,1.2586936950683594,CricketY,all: n_random_points=30 nb_inst_per_class=1,30,1,Rsast,all
3,0.7589743589743589,138.95394921302795,0.2907857894897461,9.30620551109314,114.17592144012451,14.947385549545288,CricketY,all: n_random_points=30 nb_inst_per_class=10,30,10,Rsast,all
