,accuracy,time,cweights_time,fsubsequence_time,tdataset_time,tclassifier_time,dataset_name,classifier_name,rpoint,nb_per_class,method,len_method
0,0.7205128205128205,6.511564493179321,0.28583455085754395,0.7786238193511963,4.9442360401153564,0.3261854648590088,CricketY,all: n_random_points=10 nb_inst_per_class=1,10,1,Rsast,all
1,0.7435897435897436,51.11638402938843,0.33054065704345703,5.504262685775757,39.40832734107971,5.779840469360352,CricketY,all: n_random_points=10 nb_inst_per_class=10,10,10,Rsast,all
2,0.717948717948718,16.538573503494263,0.2854299545288086,1.357330560684204,13.679662704467773,1.135399580001831,CricketY,all: n_random_points=30 nb_inst_per_class=1,30,1,Rsast,all
3,0.7615384615384615,137.06364798545837,0.2893943786621094,8.528874397277832,114.47627878189087,13.596060276031494,CricketY,all: n_random_points=30 nb_inst_per_class=10,30,10,Rsast,all
