,accuracy,time,cweights_time,fsubsequence_time,tdataset_time,tclassifier_time,dataset_name,classifier_name,rpoint,nb_per_class,method,len_method
0,0.9778481012658228,0.22962141036987305,0.04535555839538574,0.06948232650756836,0.08182787895202637,0.017712116241455078,GunPointAgeSpan,all: n_random_points=10 nb_inst_per_class=1,10,1,Rsast,all
1,0.9778481012658228,1.3625004291534424,0.045403480529785156,0.6474249362945557,0.5789375305175781,0.08684206008911133,GunPointAgeSpan,all: n_random_points=10 nb_inst_per_class=10,10,10,Rsast,all
2,0.9746835443037974,0.41592907905578613,0.04544353485107422,0.10635161399841309,0.20980000495910645,0.04635787010192871,GunPointAgeSpan,all: n_random_points=30 nb_inst_per_class=1,30,1,Rsast,all
3,0.9746835443037974,3.401254653930664,0.045239925384521484,0.9574434757232666,1.8789746761322021,0.4931142330169678,GunPointAgeSpan,all: n_random_points=30 nb_inst_per_class=10,30,10,Rsast,all
