,accuracy,time,cweights_time,fsubsequence_time,tdataset_time,tclassifier_time,dataset_name,classifier_name,rpoint,nb_per_class,method,len_method
0,0.6907894736842105,0.8147950172424316,0.10065484046936035,0.21116065979003906,0.3705611228942871,0.09566998481750488,MedicalImages,all: n_random_points=10 nb_inst_per_class=1,10,1,Rsast,all
1,0.7118421052631579,5.510725736618042,0.07125973701477051,1.7366149425506592,2.7426564693450928,0.9345033168792725,MedicalImages,all: n_random_points=10 nb_inst_per_class=10,10,10,Rsast,all
2,0.7144736842105263,1.7062170505523682,0.07742094993591309,0.3180999755859375,1.0222225189208984,0.27166032791137695,MedicalImages,all: n_random_points=30 nb_inst_per_class=1,30,1,Rsast,all
3,0.7171052631578947,10.770952463150024,0.07977461814880371,1.8736531734466553,5.9726362228393555,2.785330295562744,MedicalImages,all: n_random_points=30 nb_inst_per_class=10,30,10,Rsast,all
