,accuracy,time,cweights_time,fsubsequence_time,tdataset_time,tclassifier_time,dataset_name,classifier_name,rpoint,nb_per_class,method,len_method
0,0.7972508591065293,15.70285439491272,0.03174710273742676,0.03473186492919922,15.466606378555298,0.15981721878051758,MiddlePhalanxOutlineCorrect,all: n_random_points=10 nb_inst_per_class=1,10,1,Rsast,all
1,0.7835051546391752,152.9940207004547,0.042589664459228516,0.3326551914215088,152.28994369506836,0.32599806785583496,MiddlePhalanxOutlineCorrect,all: n_random_points=10 nb_inst_per_class=10,10,10,Rsast,all
2,0.8109965635738832,43.49184226989746,0.031366586685180664,0.04978513717651367,43.22544002532959,0.1817305088043213,MiddlePhalanxOutlineCorrect,all: n_random_points=30 nb_inst_per_class=1,30,1,Rsast,all
3,0.7938144329896907,434.86427330970764,0.017832040786743164,0.4027433395385742,433.71129631996155,0.7137908935546875,MiddlePhalanxOutlineCorrect,all: n_random_points=30 nb_inst_per_class=10,30,10,Rsast,all
