,accuracy,time,cweights_time,fsubsequence_time,tdataset_time,tclassifier_time,dataset_name,classifier_name,rpoint,nb_per_class,method,len_method
0,0.9426627793974732,0.25308990478515625,0.008089780807495117,0.010673761367797852,0.22570395469665527,0.006773471832275391,ItalyPowerDemand,all: n_random_points=10 nb_inst_per_class=1,10,1,Rsast,all
1,0.956268221574344,1.5062527656555176,0.005722999572753906,0.06230497360229492,1.427530288696289,0.009706258773803711,ItalyPowerDemand,all: n_random_points=10 nb_inst_per_class=10,10,10,Rsast,all
2,0.9446064139941691,0.3573036193847656,0.006386518478393555,0.008905887603759766,0.327298641204834,0.013263225555419922,ItalyPowerDemand,all: n_random_points=30 nb_inst_per_class=1,30,1,Rsast,all
3,0.9582118561710399,2.327322244644165,0.005085468292236328,0.06350350379943848,2.2452144622802734,0.012090444564819336,ItalyPowerDemand,all: n_random_points=30 nb_inst_per_class=10,30,10,Rsast,all
