,accuracy,time,cweights_time,fsubsequence_time,tdataset_time,tclassifier_time,dataset_name,classifier_name,rpoint,nb_per_class,method,len_method
0,0.7371428571428571,0.4415709972381592,0.10239624977111816,0.1895153522491455,0.11048245429992676,0.006774425506591797,ArrowHead,all: n_random_points=10 nb_inst_per_class=1,10,1,Rsast,all
1,0.7428571428571429,2.6606180667877197,0.07993388175964355,1.532181978225708,0.9937999248504639,0.03818845748901367,ArrowHead,all: n_random_points=10 nb_inst_per_class=10,10,10,Rsast,all
2,0.6914285714285714,0.6660294532775879,0.054732561111450195,0.2498948574066162,0.32680225372314453,0.02190256118774414,ArrowHead,all: n_random_points=30 nb_inst_per_class=1,30,1,Rsast,all
3,0.7485714285714286,4.960774660110474,0.10505867004394531,2.0722641944885254,2.6016831398010254,0.14649462699890137,ArrowHead,all: n_random_points=30 nb_inst_per_class=10,30,10,Rsast,all
