,accuracy,time,cweights_time,fsubsequence_time,tdataset_time,tclassifier_time,dataset_name,classifier_name,rpoint,nb_per_class,method,len_method
0,0.7603993344425957,0.7102065086364746,0.020322322845458984,0.03175711631774902,0.6420700550079346,0.00799870491027832,SonyAIBORobotSurface1,all: n_random_points=10 nb_inst_per_class=1,10,1,Rsast,all
1,0.7454242928452579,3.947819471359253,0.02501821517944336,0.2552146911621094,3.652749538421631,0.011956453323364258,SonyAIBORobotSurface1,all: n_random_points=10 nb_inst_per_class=10,10,10,Rsast,all
2,0.7337770382695508,1.724930763244629,0.019343137741088867,0.0444180965423584,1.6476867198944092,0.008145332336425781,SonyAIBORobotSurface1,all: n_random_points=30 nb_inst_per_class=1,30,1,Rsast,all
3,0.7687188019966722,9.428476095199585,0.02527165412902832,0.3618757724761963,9.022963523864746,0.014601469039916992,SonyAIBORobotSurface1,all: n_random_points=30 nb_inst_per_class=10,30,10,Rsast,all
