,accuracy,time,cweights_time,fsubsequence_time,tdataset_time,tclassifier_time,dataset_name,classifier_name,rpoint,nb_per_class,method,len_method
0,0.6285714285714286,1.3951139450073242,0.14101243019104004,0.2646303176879883,0.9306204319000244,0.02643609046936035,Ham,all: n_random_points=10 nb_inst_per_class=1,10,1,Rsast,all
1,0.7047619047619048,8.33512258529663,0.13915085792541504,2.032435178756714,5.918647527694702,0.22730779647827148,Ham,all: n_random_points=10 nb_inst_per_class=10,10,10,Rsast,all
2,0.6952380952380952,3.1064693927764893,0.1419234275817871,0.38622355461120605,2.5020031929016113,0.06073117256164551,Ham,all: n_random_points=30 nb_inst_per_class=1,30,1,Rsast,all
3,0.7047619047619048,19.203429698944092,0.08257913589477539,2.06048583984375,16.289167404174805,0.7306995391845703,Ham,all: n_random_points=30 nb_inst_per_class=10,30,10,Rsast,all
