,accuracy,time,cweights_time,fsubsequence_time,tdataset_time,tclassifier_time,dataset_name,classifier_name,rpoint,nb_per_class,method,len_method
0,0.8666666666666667,3.434495210647583,0.22541141510009766,0.7970433235168457,2.27274227142334,0.025560855865478516,Car,all: n_random_points=10 nb_inst_per_class=1,10,1,Rsast,all
1,0.9,18.493958711624146,0.14894652366638184,4.187755823135376,13.830714225769043,0.28629255294799805,Car,all: n_random_points=10 nb_inst_per_class=10,10,10,Rsast,all
2,0.9,6.071542501449585,0.23310065269470215,1.1393928527832031,4.570401430130005,0.08251690864562988,Car,all: n_random_points=30 nb_inst_per_class=1,30,1,Rsast,all
3,0.9,46.94196367263794,0.2163100242614746,6.756884336471558,39.087464570999146,0.7901315689086914,Car,all: n_random_points=30 nb_inst_per_class=10,30,10,Rsast,all
