,accuracy,time,cweights_time,fsubsequence_time,tdataset_time,tclassifier_time,dataset_name,classifier_name,rpoint,nb_per_class,method,len_method
0,0.8035143769968051,1.0119357109069824,0.02351069450378418,0.036119699478149414,0.934013843536377,0.00701141357421875,MoteStrain,all: n_random_points=10 nb_inst_per_class=1,10,1,Rsast,all
1,0.9001597444089456,6.614601135253906,0.022991657257080078,0.35446977615356445,6.214112997055054,0.020160436630249023,MoteStrain,all: n_random_points=10 nb_inst_per_class=10,10,10,Rsast,all
2,0.8011182108626198,2.4837169647216797,0.024916410446166992,0.055013179779052734,2.390373468399048,0.006127119064331055,MoteStrain,all: n_random_points=30 nb_inst_per_class=1,30,1,Rsast,all
3,0.9073482428115016,17.116633892059326,0.02280902862548828,0.5374910831451416,16.53642725944519,0.014794111251831055,MoteStrain,all: n_random_points=30 nb_inst_per_class=10,30,10,Rsast,all
