,accuracy,time,cweights_time,fsubsequence_time,tdataset_time,tclassifier_time,dataset_name,classifier_name,rpoint,nb_per_class,method,len_method
0,0.7282051282051282,6.563935995101929,0.23194050788879395,0.5704305171966553,5.250471115112305,0.343611478805542,CricketX,all: n_random_points=10 nb_inst_per_class=1,10,1,Rsast,all
1,0.7410256410256411,52.86715912818909,0.2712547779083252,7.370906829833984,39.90699243545532,5.192576169967651,CricketX,all: n_random_points=10 nb_inst_per_class=10,10,10,Rsast,all
2,0.7333333333333333,16.200540781021118,0.2964956760406494,1.445838451385498,13.000886678695679,1.3242061138153076,CricketX,all: n_random_points=30 nb_inst_per_class=1,30,1,Rsast,all
3,0.7794871794871795,137.9216113090515,0.26307129859924316,8.582824230194092,112.94026470184326,15.954914331436157,CricketX,all: n_random_points=30 nb_inst_per_class=10,30,10,Rsast,all
