,accuracy,time,cweights_time,fsubsequence_time,tdataset_time,tclassifier_time,dataset_name,classifier_name,rpoint,nb_per_class,method,len_method
0,0.8768115942028986,7.956310987472534,0.07842397689819336,0.14920401573181152,7.688935041427612,0.010484695434570312,DodgerLoopGame,all: n_random_points=10 nb_inst_per_class=1,10,1,Rsast,all
1,0.8695652173913043,73.63723421096802,0.07822513580322266,1.4555079936981201,72.06745672225952,0.023114442825317383,DodgerLoopGame,all: n_random_points=10 nb_inst_per_class=10,10,10,Rsast,all
2,0.8623188405797102,22.01251244544983,0.07798361778259277,0.22449040412902832,21.667689323425293,0.028563737869262695,DodgerLoopGame,all: n_random_points=30 nb_inst_per_class=1,30,1,Rsast,all
3,0.8695652173913043,213.62128496170044,0.07793092727661133,2.1321396827697754,211.3433678150177,0.04657602310180664,DodgerLoopGame,all: n_random_points=30 nb_inst_per_class=10,30,10,Rsast,all
