,accuracy,time,cweights_time,fsubsequence_time,tdataset_time,tclassifier_time,dataset_name,classifier_name,rpoint,nb_per_class,method,len_method
0,0.9637681159420289,8.044456243515015,0.08835482597351074,0.14682340621948242,7.759859323501587,0.00981903076171875,DodgerLoopWeekend,all: n_random_points=10 nb_inst_per_class=1,10,1,Rsast,all
1,0.9782608695652174,73.26046681404114,0.07783389091491699,1.4434170722961426,71.70435667037964,0.023382902145385742,DodgerLoopWeekend,all: n_random_points=10 nb_inst_per_class=10,10,10,Rsast,all
2,0.9710144927536232,21.911285638809204,0.07774066925048828,0.21988463401794434,21.59428310394287,0.008931159973144531,DodgerLoopWeekend,all: n_random_points=30 nb_inst_per_class=1,30,1,Rsast,all
3,0.9710144927536232,213.20649075508118,0.07792282104492188,2.1009888648986816,210.95070552825928,0.056084632873535156,DodgerLoopWeekend,all: n_random_points=30 nb_inst_per_class=10,30,10,Rsast,all
