,accuracy,time,cweights_time,fsubsequence_time,tdataset_time,tclassifier_time,dataset_name,classifier_name,rpoint,nb_per_class,method,len_method
0,0.824,2.1634247303009033,0.1439971923828125,0.42729878425598145,1.226792335510254,0.2837412357330322,SwedishLeaf,all: n_random_points=10 nb_inst_per_class=1,10,1,Rsast,all
1,0.8768,15.37242341041565,0.18627667427062988,2.6377954483032227,7.831648826599121,4.65159010887146,SwedishLeaf,all: n_random_points=10 nb_inst_per_class=10,10,10,Rsast,all
2,0.8336,4.114802598953247,0.1274728775024414,0.5343067646026611,2.7503600120544434,0.631117582321167,SwedishLeaf,all: n_random_points=30 nb_inst_per_class=1,30,1,Rsast,all
3,0.8848,37.92455697059631,0.14670062065124512,4.208522081375122,21.207621812820435,12.233225584030151,SwedishLeaf,all: n_random_points=30 nb_inst_per_class=10,30,10,Rsast,all
