,accuracy,time,cweights_time,fsubsequence_time,tdataset_time,tclassifier_time,dataset_name,classifier_name,rpoint,nb_per_class,method,len_method
0,0.5656565656565656,3.4644415378570557,0.20323395729064941,0.7011821269989014,2.3050920963287354,0.22124910354614258,InsectWingbeatSound,all: n_random_points=10 nb_inst_per_class=1,10,1,Rsast,all
1,0.5964646464646465,22.124125719070435,0.21398258209228516,4.847085952758789,14.044701099395752,2.9604408740997314,InsectWingbeatSound,all: n_random_points=10 nb_inst_per_class=10,10,10,Rsast,all
2,0.5737373737373738,6.847910165786743,0.19974017143249512,0.7877929210662842,4.8509438037872314,0.924898624420166,InsectWingbeatSound,all: n_random_points=30 nb_inst_per_class=1,30,1,Rsast,all
3,0.5994949494949495,54.417728662490845,0.19879603385925293,6.320044040679932,39.22664546966553,8.532331705093384,InsectWingbeatSound,all: n_random_points=30 nb_inst_per_class=10,30,10,Rsast,all
