,accuracy,time,cweights_time,fsubsequence_time,tdataset_time,tclassifier_time,dataset_name,classifier_name,rpoint,nb_per_class,method,len_method
0,0.9673202614379085,0.6978251934051514,0.12284302711486816,0.38538646697998047,0.16119718551635742,0.0054247379302978516,DiatomSizeReduction,all: n_random_points=10 nb_inst_per_class=1,10,1,Rsast,all
1,0.9640522875816994,2.236145257949829,0.15957045555114746,1.458512306213379,0.5820963382720947,0.018834829330444336,DiatomSizeReduction,all: n_random_points=10 nb_inst_per_class=10,10,10,Rsast,all
2,0.9673202614379085,1.203343152999878,0.1541755199432373,0.5752654075622559,0.4355957508087158,0.014148712158203125,DiatomSizeReduction,all: n_random_points=30 nb_inst_per_class=1,30,1,Rsast,all
3,0.9673202614379085,2.912914752960205,0.09993314743041992,1.48624587059021,1.2623867988586426,0.03722071647644043,DiatomSizeReduction,all: n_random_points=30 nb_inst_per_class=10,30,10,Rsast,all
