,accuracy,time,cweights_time,fsubsequence_time,tdataset_time,tclassifier_time,dataset_name,classifier_name,rpoint,nb_per_class,method,len_method
0,0.9633333333333334,0.16805553436279297,0.0411992073059082,0.08499646186828613,0.021344423294067383,0.005240201950073242,CBF,all: n_random_points=10 nb_inst_per_class=1,10,1,Rsast,all
1,0.9566666666666667,1.0643706321716309,0.04202604293823242,0.8342931270599365,0.1607227325439453,0.021141529083251953,CBF,all: n_random_points=10 nb_inst_per_class=10,10,10,Rsast,all
2,0.9722222222222222,0.18919110298156738,0.03223299980163574,0.09171199798583984,0.04568290710449219,0.00833582878112793,CBF,all: n_random_points=30 nb_inst_per_class=1,30,1,Rsast,all
3,0.97,1.6004116535186768,0.05804181098937988,1.0482897758483887,0.42067480087280273,0.05132579803466797,CBF,all: n_random_points=30 nb_inst_per_class=10,30,10,Rsast,all
