,accuracy,time,cweights_time,fsubsequence_time,tdataset_time,tclassifier_time,dataset_name,classifier_name,rpoint,nb_per_class,method,len_method
0,0.9948085658663206,1.503002643585205,0.07958745956420898,0.06939959526062012,0.5484981536865234,0.7850284576416016,Wafer,all: n_random_points=10 nb_inst_per_class=1,10,1,Rsast,all
1,0.9972420506164829,5.968930721282959,0.07102394104003906,0.6604220867156982,3.5748870372772217,1.6479599475860596,Wafer,all: n_random_points=10 nb_inst_per_class=10,10,10,Rsast,all
2,0.9975665152498377,2.3904075622558594,0.08001589775085449,0.1054849624633789,1.4490306377410889,0.7458837032318115,Wafer,all: n_random_points=30 nb_inst_per_class=1,30,1,Rsast,all
3,0.9975665152498377,14.72022008895874,0.08023476600646973,1.0385949611663818,9.169275760650635,4.394540548324585,Wafer,all: n_random_points=30 nb_inst_per_class=10,30,10,Rsast,all
