,accuracy,time,cweights_time,fsubsequence_time,tdataset_time,tclassifier_time,dataset_name,classifier_name,rpoint,nb_per_class,method,len_method
0,0.7627218934911243,2.159231424331665,0.07688450813293457,0.2842850685119629,1.4318900108337402,0.3065674304962158,FaceAll,all: n_random_points=10 nb_inst_per_class=1,10,1,Rsast,all
1,0.7792899408284024,15.348206996917725,0.13803935050964355,2.750633478164673,9.346273183822632,3.0586774349212646,FaceAll,all: n_random_points=10 nb_inst_per_class=10,10,10,Rsast,all
2,0.7662721893491125,4.834233283996582,0.13891887664794922,0.6042702198028564,3.180375099182129,0.8613569736480713,FaceAll,all: n_random_points=30 nb_inst_per_class=1,30,1,Rsast,all
3,0.7769230769230769,33.891746282577515,0.1431887149810791,4.0619049072265625,23.05904793739319,6.472729682922363,FaceAll,all: n_random_points=30 nb_inst_per_class=10,30,10,Rsast,all
