,accuracy,time,cweights_time,fsubsequence_time,tdataset_time,tclassifier_time,dataset_name,classifier_name,rpoint,nb_per_class,method,len_method
0,0.9673202614379085,0.728400468826294,0.1461048126220703,0.3836648464202881,0.16311955451965332,0.00744318962097168,DiatomSizeReduction,all: n_random_points=10 nb_inst_per_class=1,10,1,Rsast,all
1,0.9607843137254902,2.1552767753601074,0.16086030006408691,1.3825550079345703,0.5776824951171875,0.017273664474487305,DiatomSizeReduction,all: n_random_points=10 nb_inst_per_class=10,10,10,Rsast,all
2,0.9673202614379085,1.2053167819976807,0.16476178169250488,0.5756921768188477,0.42897748947143555,0.014493703842163086,DiatomSizeReduction,all: n_random_points=30 nb_inst_per_class=1,30,1,Rsast,all
3,0.9640522875816994,3.865211009979248,0.15699100494384766,1.885824203491211,1.7609994411468506,0.03957653045654297,DiatomSizeReduction,all: n_random_points=30 nb_inst_per_class=10,30,10,Rsast,all
