,accuracy,time,cweights_time,fsubsequence_time,tdataset_time,tclassifier_time,dataset_name,classifier_name,rpoint,nb_per_class,method,len_method
0,0.9782608695652174,8.007341146469116,0.0790565013885498,0.14753103256225586,7.742031812667847,0.01619434356689453,DodgerLoopWeekend,all: n_random_points=10 nb_inst_per_class=1,10,1,Rsast,all
1,0.9782608695652174,73.35881495475769,0.08151435852050781,1.4576408863067627,71.7779324054718,0.028809547424316406,DodgerLoopWeekend,all: n_random_points=10 nb_inst_per_class=10,10,10,Rsast,all
2,0.9782608695652174,21.981370210647583,0.045279502868652344,0.13717389106750488,21.758275270462036,0.013959169387817383,DodgerLoopWeekend,all: n_random_points=30 nb_inst_per_class=1,30,1,Rsast,all
3,0.9710144927536232,213.2680435180664,0.0769195556640625,2.1165931224823,210.99445748329163,0.054689884185791016,DodgerLoopWeekend,all: n_random_points=30 nb_inst_per_class=10,30,10,Rsast,all
