,accuracy,time,cweights_time,fsubsequence_time,tdataset_time,tclassifier_time,dataset_name,classifier_name,rpoint,nb_per_class,method,len_method
0,0.8523985239852399,0.7823653221130371,0.022362709045410156,0.03502488136291504,0.06939506530761719,0.6410911083221436,MelbournePedestrian,all: n_random_points=10 nb_inst_per_class=1,10,1,Rsast,all
1,0.8774087740877409,2.309072256088257,0.018318653106689453,0.3330881595611572,0.343580961227417,1.5984246730804443,MelbournePedestrian,all: n_random_points=10 nb_inst_per_class=10,10,10,Rsast,all
2,0.8622386223862238,1.27555251121521,0.0198514461517334,0.03136467933654785,0.08522629737854004,1.1326940059661865,MelbournePedestrian,all: n_random_points=30 nb_inst_per_class=1,30,1,Rsast,all
3,0.8827388273882739,2.873169183731079,0.014645099639892578,0.29860615730285645,0.4999985694885254,2.046252489089966,MelbournePedestrian,all: n_random_points=30 nb_inst_per_class=10,30,10,Rsast,all
