,accuracy,time,cweights_time,fsubsequence_time,tdataset_time,tclassifier_time,dataset_name,classifier_name,rpoint,nb_per_class,method,len_method
0,0.7050359712230215,3.909345865249634,0.24996256828308105,0.3432900905609131,3.158388614654541,0.08510255813598633,Earthquakes,all: n_random_points=10 nb_inst_per_class=1,10,1,Rsast,all
1,0.7410071942446043,28.81403613090515,0.2426443099975586,2.2625343799591064,25.238338947296143,1.0369372367858887,Earthquakes,all: n_random_points=10 nb_inst_per_class=10,10,10,Rsast,all
2,0.6762589928057554,9.111422061920166,0.24845647811889648,0.4989471435546875,8.09292197227478,0.23465251922607422,Earthquakes,all: n_random_points=30 nb_inst_per_class=1,30,1,Rsast,all
3,0.7266187050359713,80.51974368095398,0.2512929439544678,3.250122547149658,72.89065146446228,4.063709735870361,Earthquakes,all: n_random_points=30 nb_inst_per_class=10,30,10,Rsast,all
