,accuracy,time,cweights_time,fsubsequence_time,tdataset_time,tclassifier_time,dataset_name,classifier_name,rpoint,nb_per_class,method,len_method
0,0.9861111111111112,0.2608625888824463,0.05010223388671875,0.10531949996948242,0.06181669235229492,0.0064885616302490234,UMD,all: n_random_points=10 nb_inst_per_class=1,10,1,Rsast,all
1,0.9861111111111112,1.2214369773864746,0.0506281852722168,0.8494164943695068,0.2929997444152832,0.02399587631225586,UMD,all: n_random_points=10 nb_inst_per_class=10,10,10,Rsast,all
2,0.9583333333333334,0.31796813011169434,0.04816913604736328,0.15856456756591797,0.0920112133026123,0.009900808334350586,UMD,all: n_random_points=30 nb_inst_per_class=1,30,1,Rsast,all
3,0.9722222222222222,2.1597015857696533,0.056111812591552734,1.2595956325531006,0.7609965801239014,0.06114029884338379,UMD,all: n_random_points=30 nb_inst_per_class=10,30,10,Rsast,all
