,accuracy,time,cweights_time,fsubsequence_time,tdataset_time,tclassifier_time,dataset_name,classifier_name,rpoint,nb_per_class,method,len_method
0,0.7435897435897436,3.9039723873138428,0.2539660930633545,2.876453399658203,0.7100780010223389,0.061159372329711914,CricketX,ACF&PACF: n_random_points=10 nb_inst_per_class=1,10,1,Rsast,ACF&PACF
1,0.8256410256410256,35.49113059043884,0.21845555305480957,31.127504348754883,3.905352830886841,0.23189997673034668,CricketX,ACF&PACF: n_random_points=10 nb_inst_per_class=10,10,10,Rsast,ACF&PACF
2,0.7692307692307693,4.615144968032837,0.2049555778503418,3.0293054580688477,1.2706184387207031,0.10247039794921875,CricketX,ACF&PACF: n_random_points=30 nb_inst_per_class=1,30,1,Rsast,ACF&PACF
3,0.8256410256410256,44.287224769592285,0.24183249473571777,30.85489583015442,11.945739269256592,1.2159123420715332,CricketX,ACF&PACF: n_random_points=30 nb_inst_per_class=10,30,10,Rsast,ACF&PACF
4,0.6410256410256411,5.681978464126587,0.2310962677001953,3.3294522762298584,0.03627967834472656,2.0729033946990967,CricketX,Max PACF: n_random_points=10 nb_inst_per_class=1,10,1,Rsast,Max PACF
5,0.7538461538461538,27.438025951385498,0.1648249626159668,26.9522123336792,0.28054285049438477,0.03948855400085449,CricketX,Max PACF: n_random_points=10 nb_inst_per_class=10,10,10,Rsast,Max PACF
6,0.6897435897435897,10.426387071609497,0.19475936889648438,2.678250789642334,0.10661768913269043,7.445797443389893,CricketX,Max PACF: n_random_points=30 nb_inst_per_class=1,30,1,Rsast,Max PACF
7,0.8025641025641026,27.202701807022095,0.16461873054504395,26.35563850402832,0.6393356323242188,0.04169750213623047,CricketX,Max PACF: n_random_points=30 nb_inst_per_class=10,30,10,Rsast,Max PACF
8,0.6564102564102564,2.2854433059692383,0.1649792194366455,0.0030193328857421875,0.03478860855102539,2.081362247467041,CricketX,None: n_random_points=10 nb_inst_per_class=1,10,1,Rsast,None
9,0.6974358974358974,0.4322965145111084,0.16379046440124512,0.023271799087524414,0.20880389213562012,0.03558778762817383,CricketX,None: n_random_points=10 nb_inst_per_class=10,10,10,Rsast,None
10,0.6897435897435897,8.428273677825928,0.16365385055541992,0.004069328308105469,0.07072067260742188,8.189083099365234,CricketX,None: n_random_points=30 nb_inst_per_class=1,30,1,Rsast,None
11,0.7564102564102564,0.6964817047119141,0.16280865669250488,0.03356528282165527,0.45702457427978516,0.04205942153930664,CricketX,None: n_random_points=30 nb_inst_per_class=10,30,10,Rsast,None
