,accuracy,time,cweights_time,fsubsequence_time,tdataset_time,tclassifier_time,dataset_name,classifier_name,rpoint,nb_per_class,method,len_method
0,0.7321131447587355,0.7199199199676514,0.019628047943115234,0.030565738677978516,0.6427547931671143,0.019565582275390625,SonyAIBORobotSurface1,all: n_random_points=10 nb_inst_per_class=1,10,1,Rsast,all
1,0.7603993344425957,3.853713035583496,0.020552873611450195,0.23162555694580078,3.587834596633911,0.011935949325561523,SonyAIBORobotSurface1,all: n_random_points=10 nb_inst_per_class=10,10,10,Rsast,all
2,0.7587354409317804,1.7884464263916016,0.026049137115478516,0.06469893455505371,1.6799061298370361,0.014510154724121094,SonyAIBORobotSurface1,all: n_random_points=30 nb_inst_per_class=1,30,1,Rsast,all
3,0.7703826955074875,9.402501344680786,0.019718170166015625,0.35100626945495605,9.013078689575195,0.015294313430786133,SonyAIBORobotSurface1,all: n_random_points=30 nb_inst_per_class=10,30,10,Rsast,all
