,accuracy,time,cweights_time,fsubsequence_time,tdataset_time,tclassifier_time,dataset_name,classifier_name,rpoint,nb_per_class,method,len_method
0,0.8538461538461538,0.5031375885009766,0.09682536125183105,0.1932973861694336,0.17976999282836914,0.008037090301513672,ToeSegmentation2,all: n_random_points=10 nb_inst_per_class=1,10,1,Rsast,all
1,0.8769230769230769,3.2893667221069336,0.12047791481018066,1.4882895946502686,1.6347455978393555,0.03218483924865723,ToeSegmentation2,all: n_random_points=10 nb_inst_per_class=10,10,10,Rsast,all
2,0.8538461538461538,0.9053292274475098,0.09651494026184082,0.28679323196411133,0.49260377883911133,0.01489567756652832,ToeSegmentation2,all: n_random_points=30 nb_inst_per_class=1,30,1,Rsast,all
3,0.8615384615384616,5.507309675216675,0.07189440727233887,1.708068609237671,3.567499876022339,0.13311147689819336,ToeSegmentation2,all: n_random_points=30 nb_inst_per_class=10,30,10,Rsast,all
