,accuracy,time,cweights_time,fsubsequence_time,tdataset_time,tclassifier_time,dataset_name,classifier_name,rpoint,nb_per_class,method,len_method
0,0.8817204301075269,1.0392000675201416,0.06251025199890137,0.7636876106262207,0.1849040985107422,0.011506080627441406,Fungi,all: n_random_points=10 nb_inst_per_class=1,10,1,Rsast,all
1,0.8817204301075269,1.0793533325195312,0.09050798416137695,0.7862188816070557,0.17735743522644043,0.014857292175292969,Fungi,all: n_random_points=10 nb_inst_per_class=10,10,10,Rsast,all
2,0.8817204301075269,1.8355531692504883,0.0904386043548584,1.185908317565918,0.49979734420776367,0.034659385681152344,Fungi,all: n_random_points=30 nb_inst_per_class=1,30,1,Rsast,all
3,0.8817204301075269,1.3615500926971436,0.07176351547241211,0.7106890678405762,0.515399694442749,0.03105783462524414,Fungi,all: n_random_points=30 nb_inst_per_class=10,30,10,Rsast,all
