,accuracy,time,cweights_time,fsubsequence_time,tdataset_time,tclassifier_time,dataset_name,classifier_name,rpoint,nb_per_class,method,len_method
0,0.9459459459459459,1.431062936782837,0.11052751541137695,0.11620473861694336,0.9567031860351562,0.2180774211883545,Strawberry,all: n_random_points=10 nb_inst_per_class=1,10,1,Rsast,all
1,0.9621621621621622,8.290637254714966,0.11131143569946289,0.9620051383972168,6.166070222854614,1.0288913249969482,Strawberry,all: n_random_points=10 nb_inst_per_class=10,10,10,Rsast,all
2,0.9432432432432433,2.83563494682312,0.11107182502746582,0.17418193817138672,2.2781314849853516,0.26222944259643555,Strawberry,all: n_random_points=30 nb_inst_per_class=1,30,1,Rsast,all
3,0.9702702702702702,21.668628215789795,0.059760093688964844,0.9610195159912109,17.116989374160767,3.4808316230773926,Strawberry,all: n_random_points=30 nb_inst_per_class=10,30,10,Rsast,all
