,accuracy,time,cweights_time,fsubsequence_time,tdataset_time,tclassifier_time,dataset_name,classifier_name,rpoint,nb_per_class,method,len_method
0,0.98,0.16054916381835938,0.04160571098327637,0.06881332397460938,0.030685901641845703,0.005885124206542969,GunPoint,all: n_random_points=10 nb_inst_per_class=1,10,1,Rsast,all
1,0.9533333333333334,1.021308422088623,0.043088436126708984,0.674630880355835,0.2723104953765869,0.027655839920043945,GunPoint,all: n_random_points=10 nb_inst_per_class=10,10,10,Rsast,all
2,0.9933333333333333,0.21833252906799316,0.03255033493041992,0.0821080207824707,0.08292984962463379,0.014061927795410156,GunPoint,all: n_random_points=30 nb_inst_per_class=1,30,1,Rsast,all
3,0.9666666666666667,1.8257882595062256,0.04165768623352051,0.9849526882171631,0.725745439529419,0.06009721755981445,GunPoint,all: n_random_points=30 nb_inst_per_class=10,30,10,Rsast,all
