,accuracy,time,cweights_time,fsubsequence_time,tdataset_time,tclassifier_time,dataset_name,classifier_name,rpoint,nb_per_class,method,len_method
0,0.8070175438596491,0.3671131134033203,0.07749390602111816,0.1471717357635498,0.10947513580322266,0.007666826248168945,ToeSegmentation1,all: n_random_points=10 nb_inst_per_class=1,10,1,Rsast,all
1,0.8771929824561403,2.338599681854248,0.07776474952697754,1.2204418182373047,0.9930031299591064,0.03981614112854004,ToeSegmentation1,all: n_random_points=10 nb_inst_per_class=10,10,10,Rsast,all
2,0.8421052631578947,0.6783831119537354,0.07894277572631836,0.2222588062286377,0.34359121322631836,0.01788187026977539,ToeSegmentation1,all: n_random_points=30 nb_inst_per_class=1,30,1,Rsast,all
3,0.8771929824561403,4.522881746292114,0.0774686336517334,1.6893720626831055,2.6016364097595215,0.1309206485748291,ToeSegmentation1,all: n_random_points=30 nb_inst_per_class=10,30,10,Rsast,all
