,accuracy,time,cweights_time,fsubsequence_time,tdataset_time,tclassifier_time,dataset_name,classifier_name,rpoint,nb_per_class,method,len_method
0,0.6802631578947368,5.455469608306885,0.04984927177429199,0.8355019092559814,4.344128370285034,0.2216174602508545,MedicalImages,all: n_random_points=10 nb_inst_per_class=1,10,1,Rsast,all
1,0.7157894736842105,5.36421799659729,0.08772563934326172,1.642085313796997,2.576526641845703,1.0252749919891357,MedicalImages,all: n_random_points=10 nb_inst_per_class=10,10,10,Rsast,all
2,0.6828947368421052,1.6629750728607178,0.07131838798522949,0.30107808113098145,1.014115333557129,0.255659818649292,MedicalImages,all: n_random_points=30 nb_inst_per_class=1,30,1,Rsast,all
3,0.7131578947368421,12.377273321151733,0.10931229591369629,2.8723325729370117,6.0445380210876465,3.3083178997039795,MedicalImages,all: n_random_points=30 nb_inst_per_class=10,30,10,Rsast,all
