,accuracy,time,cweights_time,fsubsequence_time,tdataset_time,tclassifier_time,dataset_name,classifier_name,rpoint,nb_per_class,method,len_method
0,0.9974042829331603,1.5117182731628418,0.06410789489746094,0.055721282958984375,0.6143174171447754,0.7479348182678223,Wafer,all: n_random_points=10 nb_inst_per_class=1,10,1,Rsast,all
1,0.9975665152498377,5.966267824172974,0.0774545669555664,0.6947927474975586,3.6107754707336426,1.5644521713256836,Wafer,all: n_random_points=10 nb_inst_per_class=10,10,10,Rsast,all
2,0.9978909798831928,2.1128315925598145,0.07611536979675293,0.1072537899017334,1.1429526805877686,0.778209924697876,Wafer,all: n_random_points=30 nb_inst_per_class=1,30,1,Rsast,all
3,0.9977287475665152,14.103205919265747,0.07750511169433594,0.9537301063537598,8.687870979309082,4.3446877002716064,Wafer,all: n_random_points=30 nb_inst_per_class=10,30,10,Rsast,all
