,accuracy,time,cweights_time,fsubsequence_time,tdataset_time,tclassifier_time,dataset_name,classifier_name,rpoint,nb_per_class,method,len_method
0,0.7384615384615385,6.413824558258057,0.2505683898925781,0.6017708778381348,5.041724443435669,0.34465622901916504,CricketX,all: n_random_points=10 nb_inst_per_class=1,10,1,Rsast,all
1,0.7897435897435897,50.88205003738403,0.19460511207580566,6.009541988372803,39.287694215774536,5.296856880187988,CricketX,all: n_random_points=10 nb_inst_per_class=10,10,10,Rsast,all
2,0.7410256410256411,16.381593465805054,0.2994821071624756,1.3350872993469238,13.235995292663574,1.3879854679107666,CricketX,all: n_random_points=30 nb_inst_per_class=1,30,1,Rsast,all
3,0.7692307692307693,136.40935158729553,0.2952132225036621,8.464462280273438,113.01175808906555,14.422269105911255,CricketX,all: n_random_points=30 nb_inst_per_class=10,30,10,Rsast,all
