,accuracy,time,cweights_time,fsubsequence_time,tdataset_time,tclassifier_time,dataset_name,classifier_name,rpoint,nb_per_class,method,len_method
0,0.8,1.841125249862671,0.1972353458404541,0.7367143630981445,0.828930139541626,0.019702434539794922,Beef,all: n_random_points=10 nb_inst_per_class=1,10,1,Rsast,all
1,0.8333333333333334,7.550921678543091,0.19765996932983398,3.6268815994262695,3.626800060272217,0.07021117210388184,Beef,all: n_random_points=10 nb_inst_per_class=10,10,10,Rsast,all
2,0.8333333333333334,3.4521989822387695,0.14023542404174805,1.0369336605072021,2.204720973968506,0.03629016876220703,Beef,all: n_random_points=30 nb_inst_per_class=1,30,1,Rsast,all
3,0.8333333333333334,12.842118501663208,0.1401667594909668,3.8664729595184326,8.527928829193115,0.26584315299987793,Beef,all: n_random_points=30 nb_inst_per_class=10,30,10,Rsast,all
