,accuracy,time,cweights_time,fsubsequence_time,tdataset_time,tclassifier_time,dataset_name,classifier_name,rpoint,nb_per_class,method,len_method
0,0.640625,1.3684675693511963,0.15804505348205566,0.33684206008911133,0.8005704879760742,0.016708850860595703,Herring,all: n_random_points=10 nb_inst_per_class=1,10,1,Rsast,all
1,0.609375,7.938523054122925,0.15671634674072266,2.1141602993011475,5.47674298286438,0.17206048965454102,Herring,all: n_random_points=10 nb_inst_per_class=10,10,10,Rsast,all
2,0.5625,2.900906801223755,0.13392162322998047,0.437469482421875,2.276693344116211,0.029525041580200195,Herring,all: n_random_points=30 nb_inst_per_class=1,30,1,Rsast,all
3,0.625,19.253827810287476,0.14891648292541504,3.314068078994751,15.327741384506226,0.41809535026550293,Herring,all: n_random_points=30 nb_inst_per_class=10,30,10,Rsast,all
