,accuracy,time,cweights_time,fsubsequence_time,tdataset_time,tclassifier_time,dataset_name,classifier_name,rpoint,nb_per_class,method,len_method
0,0.9705263157894737,0.8088099956512451,0.07825946807861328,0.11868596076965332,0.5331845283508301,0.04374814033508301,FreezerRegularTrain,all: n_random_points=10 nb_inst_per_class=1,10,1,Rsast,all
1,0.9831578947368421,5.573615312576294,0.09923267364501953,1.515172004699707,3.556990385055542,0.38056206703186035,FreezerRegularTrain,all: n_random_points=10 nb_inst_per_class=10,10,10,Rsast,all
2,0.9617543859649123,1.8166875839233398,0.09844088554382324,0.23839282989501953,1.3807156085968018,0.08322572708129883,FreezerRegularTrain,all: n_random_points=30 nb_inst_per_class=1,30,1,Rsast,all
3,0.9747368421052631,11.565718173980713,0.09914827346801758,1.9503653049468994,8.239598035812378,1.2305200099945068,FreezerRegularTrain,all: n_random_points=30 nb_inst_per_class=10,30,10,Rsast,all
