,accuracy,time,cweights_time,fsubsequence_time,tdataset_time,tclassifier_time,dataset_name,classifier_name,rpoint,nb_per_class,method,len_method
0,0.5590909090909091,3.500514030456543,0.20304179191589355,0.6685159206390381,2.277909994125366,0.2550981044769287,InsectWingbeatSound,all: n_random_points=10 nb_inst_per_class=1,10,1,Rsast,all
1,0.5944444444444444,22.546100854873657,0.1922295093536377,4.611993789672852,14.41201376914978,3.261035203933716,InsectWingbeatSound,all: n_random_points=10 nb_inst_per_class=10,10,10,Rsast,all
2,0.5656565656565656,6.90198826789856,0.18050527572631836,0.7141063213348389,4.866798400878906,1.0651209354400635,InsectWingbeatSound,all: n_random_points=30 nb_inst_per_class=1,30,1,Rsast,all
3,0.5974747474747475,55.650105476379395,0.2150130271911621,6.421452045440674,40.86652112007141,7.964979410171509,InsectWingbeatSound,all: n_random_points=30 nb_inst_per_class=10,30,10,Rsast,all
