,accuracy,time,cweights_time,fsubsequence_time,tdataset_time,tclassifier_time,dataset_name,classifier_name,rpoint,nb_per_class,method,len_method
0,0.677115987460815,7.793144702911377,0.21317720413208008,1.7294635772705078,5.308656930923462,0.3937211036682129,WordSynonyms,all: n_random_points=10 nb_inst_per_class=1,10,1,Rsast,all
1,0.6912225705329154,39.003488302230835,0.4022634029388428,6.68801474571228,27.79638385772705,4.0422868728637695,WordSynonyms,all: n_random_points=10 nb_inst_per_class=10,10,10,Rsast,all
2,0.6802507836990596,17.723323583602905,0.4060685634613037,2.0678155422210693,13.608312606811523,1.4638466835021973,WordSynonyms,all: n_random_points=30 nb_inst_per_class=1,30,1,Rsast,all
3,0.6959247648902821,99.32745671272278,0.364351749420166,10.503132104873657,79.60070204734802,8.6868736743927,WordSynonyms,all: n_random_points=30 nb_inst_per_class=10,30,10,Rsast,all
