,accuracy,time,cweights_time,fsubsequence_time,tdataset_time,tclassifier_time,dataset_name,classifier_name,rpoint,nb_per_class,method,len_method
0,0.75,0.8083176612854004,0.13962340354919434,0.3363814353942871,0.2924623489379883,0.0056726932525634766,BirdChicken,all: n_random_points=10 nb_inst_per_class=1,10,1,Rsast,all
1,0.75,4.917145729064941,0.1480114459991455,2.146804094314575,2.572016477584839,0.03237009048461914,BirdChicken,all: n_random_points=10 nb_inst_per_class=10,10,10,Rsast,all
2,0.7,1.5167179107666016,0.1418781280517578,0.48586153984069824,0.8540475368499756,0.013223886489868164,BirdChicken,all: n_random_points=30 nb_inst_per_class=1,30,1,Rsast,all
3,0.75,8.78328561782837,0.1414356231689453,3.1951098442077637,5.305211067199707,0.10346674919128418,BirdChicken,all: n_random_points=30 nb_inst_per_class=10,30,10,Rsast,all
