,accuracy,time,cweights_time,fsubsequence_time,tdataset_time,tclassifier_time,dataset_name,classifier_name,rpoint,nb_per_class,method,len_method
0,0.9637681159420289,8.08315634727478,0.0785818099975586,0.14968442916870117,7.812569618225098,0.009301185607910156,DodgerLoopWeekend,all: n_random_points=10 nb_inst_per_class=1,10,1,Rsast,all
1,0.9782608695652174,72.75907349586487,0.08929276466369629,1.4801547527313232,71.1490695476532,0.021663188934326172,DodgerLoopWeekend,all: n_random_points=10 nb_inst_per_class=10,10,10,Rsast,all
2,0.9782608695652174,21.90219521522522,0.07864260673522949,0.2217419147491455,21.577419757843018,0.009820938110351562,DodgerLoopWeekend,all: n_random_points=30 nb_inst_per_class=1,30,1,Rsast,all
3,0.9710144927536232,213.76935076713562,0.08224964141845703,2.106266736984253,211.50415587425232,0.05161643028259277,DodgerLoopWeekend,all: n_random_points=30 nb_inst_per_class=10,30,10,Rsast,all
