,accuracy,time,cweights_time,fsubsequence_time,tdataset_time,tclassifier_time,dataset_name,classifier_name,rpoint,nb_per_class,method,len_method
0,0.9111111111111111,0.24195575714111328,0.04066348075866699,0.06390571594238281,0.0901648998260498,0.027974843978881836,PowerCons,all: n_random_points=10 nb_inst_per_class=1,10,1,Rsast,all
1,0.9611111111111111,1.7111077308654785,0.04760313034057617,0.6446483135223389,0.8125941753387451,0.19956684112548828,PowerCons,all: n_random_points=10 nb_inst_per_class=10,10,10,Rsast,all
2,0.8888888888888888,0.45258665084838867,0.04468655586242676,0.0976111888885498,0.24564480781555176,0.057404518127441406,PowerCons,all: n_random_points=30 nb_inst_per_class=1,30,1,Rsast,all
3,0.9611111111111111,3.754732847213745,0.04551434516906738,0.9049220085144043,2.1214568614959717,0.6596696376800537,PowerCons,all: n_random_points=30 nb_inst_per_class=10,30,10,Rsast,all
