,accuracy,time,cweights_time,fsubsequence_time,tdataset_time,tclassifier_time,dataset_name,classifier_name,rpoint,nb_per_class,method,len_method
0,0.8817204301075269,1.053278923034668,0.062216758728027344,0.7642533779144287,0.19899225234985352,0.011531591415405273,Fungi,all: n_random_points=10 nb_inst_per_class=1,10,1,Rsast,all
1,0.8817204301075269,1.0710182189941406,0.09362912178039551,0.7832410335540771,0.16752409934997559,0.01529240608215332,Fungi,all: n_random_points=10 nb_inst_per_class=10,10,10,Rsast,all
2,0.8817204301075269,1.607602596282959,0.06887102127075195,0.9399740695953369,0.5394527912139893,0.03400683403015137,Fungi,all: n_random_points=30 nb_inst_per_class=1,30,1,Rsast,all
3,0.8817204301075269,1.3078112602233887,0.06190180778503418,0.7115285396575928,0.4703094959259033,0.032141923904418945,Fungi,all: n_random_points=30 nb_inst_per_class=10,30,10,Rsast,all
