,accuracy,time,cweights_time,fsubsequence_time,tdataset_time,tclassifier_time,dataset_name,classifier_name,rpoint,nb_per_class,method,len_method
0,1.0,0.9780604839324951,0.10959196090698242,0.2853257656097412,0.5209569931030273,0.026208877563476562,Trace,all: n_random_points=10 nb_inst_per_class=1,10,1,Rsast,all
1,1.0,5.588659048080444,0.09944009780883789,1.6578319072723389,3.5091640949249268,0.2986316680908203,Trace,all: n_random_points=10 nb_inst_per_class=10,10,10,Rsast,all
2,1.0,1.9607961177825928,0.10072445869445801,0.32918381690979004,1.4405066967010498,0.06687593460083008,Trace,all: n_random_points=30 nb_inst_per_class=1,30,1,Rsast,all
3,1.0,12.665794372558594,0.10939788818359375,2.596222162246704,9.170303583145142,0.739048957824707,Trace,all: n_random_points=30 nb_inst_per_class=10,30,10,Rsast,all
