,accuracy,time,cweights_time,fsubsequence_time,tdataset_time,tclassifier_time,dataset_name,classifier_name,rpoint,nb_per_class,method,len_method
0,0.7461538461538462,6.519791841506958,0.24541401863098145,0.594231128692627,4.979873418807983,0.3912625312805176,CricketY,all: n_random_points=10 nb_inst_per_class=1,10,1,Rsast,all
1,0.7435897435897436,51.76978087425232,0.1977710723876953,5.104757070541382,39.80494427680969,6.571249008178711,CricketY,all: n_random_points=10 nb_inst_per_class=10,10,10,Rsast,all
2,0.7153846153846154,16.43381381034851,0.2870051860809326,1.3663747310638428,13.119724035263062,1.579892873764038,CricketY,all: n_random_points=30 nb_inst_per_class=1,30,1,Rsast,all
3,0.7564102564102564,138.80094289779663,0.2923929691314697,8.54778528213501,115.22193646430969,14.531078100204468,CricketY,all: n_random_points=30 nb_inst_per_class=10,30,10,Rsast,all
