,accuracy,time,cweights_time,fsubsequence_time,tdataset_time,tclassifier_time,dataset_name,classifier_name,rpoint,nb_per_class,method,len_method
0,0.934,0.8909251689910889,0.0774221420288086,0.14738821983337402,0.5422618389129639,0.09086751937866211,ECG5000,all: n_random_points=10 nb_inst_per_class=1,10,1,Rsast,all
1,0.9424444444444444,5.598020792007446,0.08586931228637695,1.2491247653961182,3.3626651763916016,0.879582405090332,ECG5000,all: n_random_points=10 nb_inst_per_class=10,10,10,Rsast,all
2,0.934,2.129937171936035,0.07911896705627441,0.23359060287475586,1.520040512084961,0.2759547233581543,ECG5000,all: n_random_points=30 nb_inst_per_class=1,30,1,Rsast,all
3,0.9384444444444444,12.697710752487183,0.06232261657714844,1.6530966758728027,7.885167360305786,3.050492763519287,ECG5000,all: n_random_points=30 nb_inst_per_class=10,30,10,Rsast,all
