,accuracy,time,cweights_time,fsubsequence_time,tdataset_time,tclassifier_time,dataset_name,classifier_name,rpoint,nb_per_class,method,len_method
0,0.9750877192982456,0.8421261310577393,0.09956574440002441,0.16813158988952637,0.47175049781799316,0.04213571548461914,FreezerRegularTrain,all: n_random_points=10 nb_inst_per_class=1,10,1,Rsast,all
1,0.9814035087719298,5.501319408416748,0.099365234375,1.3540935516357422,3.558222770690918,0.467792272567749,FreezerRegularTrain,all: n_random_points=10 nb_inst_per_class=10,10,10,Rsast,all
2,0.9803508771929824,1.8277795314788818,0.0991523265838623,0.24021673202514648,1.3755207061767578,0.09552597999572754,FreezerRegularTrain,all: n_random_points=30 nb_inst_per_class=1,30,1,Rsast,all
3,0.983859649122807,11.64728307723999,0.09886574745178223,2.1161606311798096,8.190613031387329,1.2012414932250977,FreezerRegularTrain,all: n_random_points=30 nb_inst_per_class=10,30,10,Rsast,all
