,accuracy,time,cweights_time,fsubsequence_time,tdataset_time,tclassifier_time,dataset_name,classifier_name,rpoint,nb_per_class,method,len_method
0,0.8144,2.217294454574585,0.13167858123779297,0.4318571090698242,1.3100309371948242,0.25362396240234375,SwedishLeaf,all: n_random_points=10 nb_inst_per_class=1,10,1,Rsast,all
1,0.88,15.036216020584106,0.14968132972717285,2.727867841720581,7.788856029510498,4.319082498550415,SwedishLeaf,all: n_random_points=10 nb_inst_per_class=10,10,10,Rsast,all
2,0.8432,4.183761358261108,0.09095597267150879,0.4020822048187256,2.7279036045074463,0.9087541103363037,SwedishLeaf,all: n_random_points=30 nb_inst_per_class=1,30,1,Rsast,all
3,0.8896,36.874494314193726,0.17592644691467285,3.884094476699829,20.69111967086792,11.996904373168945,SwedishLeaf,all: n_random_points=30 nb_inst_per_class=10,30,10,Rsast,all
