,accuracy,time,cweights_time,fsubsequence_time,tdataset_time,tclassifier_time,dataset_name,classifier_name,rpoint,nb_per_class,method,len_method
0,0.9458536585365853,0.982475996017456,0.06505703926086426,0.21140813827514648,0.5237178802490234,0.13296961784362793,FacesUCR,all: n_random_points=10 nb_inst_per_class=1,10,1,Rsast,all
1,0.9580487804878048,7.0543317794799805,0.07708215713500977,1.9598147869110107,3.4187917709350586,1.5630993843078613,FacesUCR,all: n_random_points=10 nb_inst_per_class=10,10,10,Rsast,all
2,0.9317073170731708,2.7140355110168457,0.11636114120483398,0.600212574005127,1.407562494277954,0.5533185005187988,FacesUCR,all: n_random_points=30 nb_inst_per_class=1,30,1,Rsast,all
3,0.9590243902439024,15.934494733810425,0.11612796783447266,3.872561454772949,8.326161623001099,3.5292203426361084,FacesUCR,all: n_random_points=30 nb_inst_per_class=10,30,10,Rsast,all
