,accuracy,time,cweights_time,fsubsequence_time,tdataset_time,tclassifier_time,dataset_name,classifier_name,rpoint,nb_per_class,method,len_method
0,0.8268625393494229,0.7809967994689941,0.01832747459411621,0.02738046646118164,0.7189610004425049,0.008668184280395508,SonyAIBORobotSurface2,all: n_random_points=10 nb_inst_per_class=1,10,1,Rsast,all
1,0.8520461699895068,5.3094401359558105,0.023734331130981445,0.28995203971862793,4.978190183639526,0.015088319778442383,SonyAIBORobotSurface2,all: n_random_points=10 nb_inst_per_class=10,10,10,Rsast,all
2,0.8300104931794333,2.063453435897827,0.024558067321777344,0.04296064376831055,1.9743297100067139,0.01649951934814453,SonyAIBORobotSurface2,all: n_random_points=30 nb_inst_per_class=1,30,1,Rsast,all
3,0.8551941238195173,12.876613140106201,0.01031804084777832,0.2422947883605957,12.600603103637695,0.01964592933654785,SonyAIBORobotSurface2,all: n_random_points=30 nb_inst_per_class=10,30,10,Rsast,all
