,accuracy,time,cweights_time,fsubsequence_time,tdataset_time,tclassifier_time,dataset_name,classifier_name,rpoint,nb_per_class,method,len_method
0,0.9866666666666667,0.16662859916687012,0.04353523254394531,0.07153582572937012,0.0288851261138916,0.005862712860107422,GunPoint,all: n_random_points=10 nb_inst_per_class=1,10,1,Rsast,all
1,0.9733333333333334,0.99753737449646,0.054479360580444336,0.655254602432251,0.25799107551574707,0.026306629180908203,GunPoint,all: n_random_points=10 nb_inst_per_class=10,10,10,Rsast,all
2,0.9733333333333334,0.2448291778564453,0.03911304473876953,0.10423803329467773,0.08315062522888184,0.010827064514160156,GunPoint,all: n_random_points=30 nb_inst_per_class=1,30,1,Rsast,all
3,0.96,1.6327407360076904,0.04472970962524414,0.9119160175323486,0.6063809394836426,0.05685734748840332,GunPoint,all: n_random_points=30 nb_inst_per_class=10,30,10,Rsast,all
