,accuracy,time,cweights_time,fsubsequence_time,tdataset_time,tclassifier_time,dataset_name,classifier_name,rpoint,nb_per_class,method,len_method
0,0.6344642857142857,702.6468775272369,0.1304492950439453,0.1181488037109375,678.6468806266785,23.69913959503174,Crop,all: n_random_points=10 nb_inst_per_class=1,10,1,Rsast,all
1,0.7467857142857143,7410.40460395813,0.2596554756164551,2.176715135574341,7078.726973295212,328.9735527038574,Crop,all: n_random_points=10 nb_inst_per_class=10,10,10,Rsast,all
2,0.7,1784.0014202594757,0.17170047760009766,0.2649524211883545,1755.9107053279877,27.567487001419067,Crop,all: n_random_points=30 nb_inst_per_class=1,30,1,Rsast,all
3,0.7507738095238096,18515.964707136154,0.2543909549713135,2.0645740032196045,18125.08660364151,388.05036664009094,Crop,all: n_random_points=30 nb_inst_per_class=10,30,10,Rsast,all
