,accuracy,time,cweights_time,fsubsequence_time,tdataset_time,tclassifier_time,dataset_name,classifier_name,rpoint,nb_per_class,method,len_method
0,0.60431654676259,31.010210037231445,0.04663228988647461,0.10166192054748535,30.734572649002075,0.10501432418823242,DistalPhalanxTW,all: n_random_points=10 nb_inst_per_class=1,10,1,Rsast,all
1,0.6187050359712231,308.8027114868164,0.0450589656829834,0.9918525218963623,307.32508993148804,0.42322683334350586,DistalPhalanxTW,all: n_random_points=10 nb_inst_per_class=10,10,10,Rsast,all
2,0.6187050359712231,87.29626655578613,0.0455629825592041,0.14835691452026367,86.88510060310364,0.2069699764251709,DistalPhalanxTW,all: n_random_points=30 nb_inst_per_class=1,30,1,Rsast,all
3,0.6258992805755396,878.2901613712311,0.058901309967041016,1.5166239738464355,875.6741273403168,0.9975447654724121,DistalPhalanxTW,all: n_random_points=30 nb_inst_per_class=10,30,10,Rsast,all
