,accuracy,time,cweights_time,fsubsequence_time,tdataset_time,tclassifier_time,dataset_name,classifier_name,rpoint,nb_per_class,method,len_method
0,0.6115107913669064,4.1599345207214355,0.2493140697479248,0.3409557342529297,3.358173370361328,0.06924009323120117,Earthquakes,all: n_random_points=10 nb_inst_per_class=1,10,1,Rsast,all
1,0.7553956834532374,28.93094539642334,0.2505676746368408,2.1003010272979736,25.69195032119751,0.8566122055053711,Earthquakes,all: n_random_points=10 nb_inst_per_class=10,10,10,Rsast,all
2,0.6834532374100719,9.314936876296997,0.2548398971557617,0.4957149028778076,8.265140056610107,0.2737250328063965,Earthquakes,all: n_random_points=30 nb_inst_per_class=1,30,1,Rsast,all
3,0.7122302158273381,79.09302592277527,0.13268327713012695,2.6663410663604736,72.46949052810669,3.7616569995880127,Earthquakes,all: n_random_points=30 nb_inst_per_class=10,30,10,Rsast,all
