,accuracy,time,cweights_time,fsubsequence_time,tdataset_time,tclassifier_time,dataset_name,classifier_name,rpoint,nb_per_class,method,len_method
0,0.7266187050359713,4.19404673576355,0.24732041358947754,0.3423733711242676,3.448052167892456,0.07964468002319336,Earthquakes,all: n_random_points=10 nb_inst_per_class=1,10,1,Rsast,all
1,0.7122302158273381,29.002468585968018,0.23212480545043945,2.4429917335510254,25.19793128967285,1.089113712310791,Earthquakes,all: n_random_points=10 nb_inst_per_class=10,10,10,Rsast,all
2,0.7050359712230215,9.029434204101562,0.23260760307312012,0.4982914924621582,7.836540699005127,0.43036603927612305,Earthquakes,all: n_random_points=30 nb_inst_per_class=1,30,1,Rsast,all
3,0.7266187050359713,80.09323644638062,0.1436164379119873,2.6117827892303467,72.81408286094666,4.459498643875122,Earthquakes,all: n_random_points=30 nb_inst_per_class=10,30,10,Rsast,all
