,accuracy,time,cweights_time,fsubsequence_time,tdataset_time,tclassifier_time,dataset_name,classifier_name,rpoint,nb_per_class,method,len_method
0,0.7338129496402878,15.688974142074585,0.035318613052368164,0.05022788047790527,15.51828408241272,0.06367039680480957,DistalPhalanxOutlineAgeGroup,all: n_random_points=10 nb_inst_per_class=1,10,1,Rsast,all
1,0.7194244604316546,152.61278319358826,0.018746614456176758,0.27580833435058594,152.15899324417114,0.15553522109985352,DistalPhalanxOutlineAgeGroup,all: n_random_points=10 nb_inst_per_class=10,10,10,Rsast,all
2,0.697841726618705,43.98034381866455,0.02450418472290039,0.04642343521118164,43.80948805809021,0.09357166290283203,DistalPhalanxOutlineAgeGroup,all: n_random_points=30 nb_inst_per_class=1,30,1,Rsast,all
3,0.7266187050359713,436.56484723091125,0.02195882797241211,0.7052581310272217,435.38885283470154,0.4239027500152588,DistalPhalanxOutlineAgeGroup,all: n_random_points=30 nb_inst_per_class=10,30,10,Rsast,all
