,accuracy,time,cweights_time,fsubsequence_time,tdataset_time,tclassifier_time,dataset_name,classifier_name,rpoint,nb_per_class,method,len_method
0,0.8292682926829268,15.531982898712158,0.0326228141784668,0.0506739616394043,15.335537672042847,0.09971857070922852,ProximalPhalanxOutlineAgeGroup,all: n_random_points=10 nb_inst_per_class=1,10,1,Rsast,all
1,0.7804878048780488,152.81618642807007,0.03201699256896973,0.31373167037963867,152.1939675807953,0.2679729461669922,ProximalPhalanxOutlineAgeGroup,all: n_random_points=10 nb_inst_per_class=10,10,10,Rsast,all
2,0.824390243902439,43.41573786735535,0.02023458480834961,0.0434870719909668,43.22601914405823,0.11648368835449219,ProximalPhalanxOutlineAgeGroup,all: n_random_points=30 nb_inst_per_class=1,30,1,Rsast,all
3,0.7902439024390244,436.513720035553,0.03248715400695801,0.7653038501739502,435.15376257896423,0.5419168472290039,ProximalPhalanxOutlineAgeGroup,all: n_random_points=30 nb_inst_per_class=10,30,10,Rsast,all
