,accuracy,time,cweights_time,fsubsequence_time,tdataset_time,tclassifier_time,dataset_name,classifier_name,rpoint,nb_per_class,method,len_method
0,0.8622386223862238,0.9620647430419922,0.014864683151245117,0.025681734085083008,0.07468867301940918,0.8400678634643555,MelbournePedestrian,all: n_random_points=10 nb_inst_per_class=1,10,1,Rsast,all
1,0.8794587945879458,2.1823081970214844,0.01467442512512207,0.250903844833374,0.3565196990966797,1.5511560440063477,MelbournePedestrian,all: n_random_points=10 nb_inst_per_class=10,10,10,Rsast,all
2,0.8667486674866749,0.8942601680755615,0.01481175422668457,0.030825376510620117,0.0876166820526123,0.755728006362915,MelbournePedestrian,all: n_random_points=30 nb_inst_per_class=1,30,1,Rsast,all
3,0.8810988109881098,2.9813966751098633,0.02098703384399414,0.3327934741973877,0.5314512252807617,2.082150459289551,MelbournePedestrian,all: n_random_points=30 nb_inst_per_class=10,30,10,Rsast,all
