,accuracy,time,cweights_time,fsubsequence_time,tdataset_time,tclassifier_time,dataset_name,classifier_name,rpoint,nb_per_class,method,len_method
0,0.9533527696793003,0.09833025932312012,0.004528999328613281,0.005501270294189453,0.07796406745910645,0.009190082550048828,Chinatown,all: n_random_points=10 nb_inst_per_class=1,10,1,Rsast,all
1,0.9854227405247813,0.6436777114868164,0.0059051513671875,0.06682062149047852,0.5622341632843018,0.00698399543762207,Chinatown,all: n_random_points=10 nb_inst_per_class=10,10,10,Rsast,all
2,0.9766763848396501,0.13523173332214355,0.005071878433227539,0.00646209716796875,0.11100459098815918,0.011511564254760742,Chinatown,all: n_random_points=30 nb_inst_per_class=1,30,1,Rsast,all
3,0.9854227405247813,0.8930609226226807,0.0046880245208740234,0.06106901168823242,0.8190274238586426,0.007275104522705078,Chinatown,all: n_random_points=30 nb_inst_per_class=10,30,10,Rsast,all
