,accuracy,time,cweights_time,fsubsequence_time,tdataset_time,tclassifier_time,dataset_name,classifier_name,rpoint,nb_per_class,method,len_method
0,0.7972508591065293,15.813507080078125,0.03718400001525879,0.033365488052368164,15.60227346420288,0.13216805458068848,MiddlePhalanxOutlineCorrect,all: n_random_points=10 nb_inst_per_class=1,10,1,Rsast,all
1,0.7800687285223368,153.07030773162842,0.03241467475891113,0.3321866989135742,152.36004996299744,0.3430366516113281,MiddlePhalanxOutlineCorrect,all: n_random_points=10 nb_inst_per_class=10,10,10,Rsast,all
2,0.8075601374570447,43.355865478515625,0.03221273422241211,0.050385236740112305,43.10603618621826,0.1618213653564453,MiddlePhalanxOutlineCorrect,all: n_random_points=30 nb_inst_per_class=1,30,1,Rsast,all
3,0.7800687285223368,436.5327699184418,0.042490482330322266,0.5073947906494141,435.42077231407166,0.542412519454956,MiddlePhalanxOutlineCorrect,all: n_random_points=30 nb_inst_per_class=10,30,10,Rsast,all
