,accuracy,time,cweights_time,fsubsequence_time,tdataset_time,tclassifier_time,dataset_name,classifier_name,rpoint,nb_per_class,method,len_method
0,0.860223642172524,0.9415621757507324,0.023641586303710938,0.03581094741821289,0.8587827682495117,0.012929916381835938,MoteStrain,all: n_random_points=10 nb_inst_per_class=1,10,1,Rsast,all
1,0.9001597444089456,6.592494249343872,0.02322220802307129,0.34659624099731445,6.208483695983887,0.011414527893066406,MoteStrain,all: n_random_points=10 nb_inst_per_class=10,10,10,Rsast,all
2,0.8594249201277955,2.5102295875549316,0.017789125442504883,0.03706645965576172,2.4382081031799316,0.011677742004394531,MoteStrain,all: n_random_points=30 nb_inst_per_class=1,30,1,Rsast,all
3,0.9073482428115016,17.118048667907715,0.02342987060546875,0.5458118915557861,16.526426076889038,0.016527175903320312,MoteStrain,all: n_random_points=30 nb_inst_per_class=10,30,10,Rsast,all
