,accuracy,time,cweights_time,fsubsequence_time,tdataset_time,tclassifier_time,dataset_name,classifier_name,rpoint,nb_per_class,method,len_method
0,1.0,2.7025980949401855,0.045641183853149414,0.06095242500305176,2.55886173248291,0.01411581039428711,ECGFiveDays,all: n_random_points=10 nb_inst_per_class=1,10,1,Rsast,all
1,1.0,18.377113103866577,0.04113912582397461,0.5733208656311035,17.737889051437378,0.017726898193359375,ECGFiveDays,all: n_random_points=10 nb_inst_per_class=10,10,10,Rsast,all
2,0.9953542392566783,5.930377006530762,0.0378110408782959,0.09171175956726074,5.768628835678101,0.02503347396850586,ECGFiveDays,all: n_random_points=30 nb_inst_per_class=1,30,1,Rsast,all
3,1.0,51.00372076034546,0.03915905952453613,0.8875265121459961,50.03176546096802,0.03023505210876465,ECGFiveDays,all: n_random_points=30 nb_inst_per_class=10,30,10,Rsast,all
