,accuracy,time,cweights_time,fsubsequence_time,tdataset_time,tclassifier_time,dataset_name,classifier_name,rpoint,nb_per_class,method,len_method
0,0.7487520798668885,0.6574604511260986,0.02055525779724121,0.030564069747924805,0.5907299518585205,0.011206865310668945,SonyAIBORobotSurface1,all: n_random_points=10 nb_inst_per_class=1,10,1,Rsast,all
1,0.7454242928452579,3.814134359359741,0.015267133712768555,0.23670077323913574,3.548794746398926,0.011297225952148438,SonyAIBORobotSurface1,all: n_random_points=10 nb_inst_per_class=10,10,10,Rsast,all
2,0.762063227953411,1.8481736183166504,0.026792526245117188,0.06485104560852051,1.7471745014190674,0.006091594696044922,SonyAIBORobotSurface1,all: n_random_points=30 nb_inst_per_class=1,30,1,Rsast,all
3,0.7737104825291181,9.56309700012207,0.025223255157470703,0.3740694522857666,9.14396858215332,0.015900611877441406,SonyAIBORobotSurface1,all: n_random_points=30 nb_inst_per_class=10,30,10,Rsast,all
