,accuracy,time,cweights_time,fsubsequence_time,tdataset_time,tclassifier_time,dataset_name,classifier_name,rpoint,nb_per_class,method,len_method
0,0.7333333333333333,1.8485984802246094,0.19898366928100586,0.742504358291626,0.8157927989959717,0.020548343658447266,Beef,all: n_random_points=10 nb_inst_per_class=1,10,1,Rsast,all
1,0.8333333333333334,6.599563837051392,0.2124464511871338,2.7094831466674805,3.584095001220703,0.06819748878479004,Beef,all: n_random_points=10 nb_inst_per_class=10,10,10,Rsast,all
2,0.7,3.369133472442627,0.19847559928894043,0.8558268547058105,2.2388079166412354,0.03936147689819336,Beef,all: n_random_points=30 nb_inst_per_class=1,30,1,Rsast,all
3,0.8333333333333334,12.85360836982727,0.18655943870544434,3.621473550796509,8.7878897190094,0.20618939399719238,Beef,all: n_random_points=30 nb_inst_per_class=10,30,10,Rsast,all
