,accuracy,time,cweights_time,fsubsequence_time,tdataset_time,tclassifier_time,dataset_name,classifier_name,rpoint,nb_per_class,method,len_method
0,1.0,0.7608366012573242,0.09879350662231445,0.39931273460388184,0.24238157272338867,0.007203817367553711,FaceFour,all: n_random_points=10 nb_inst_per_class=1,10,1,Rsast,all
1,0.9886363636363636,2.800306797027588,0.13001418113708496,1.609010934829712,1.0131216049194336,0.030627727508544922,FaceFour,all: n_random_points=10 nb_inst_per_class=10,10,10,Rsast,all
2,0.9772727272727273,1.4711768627166748,0.16065335273742676,0.5778548717498779,0.6900777816772461,0.016582727432250977,FaceFour,all: n_random_points=30 nb_inst_per_class=1,30,1,Rsast,all
3,1.0,5.9217469692230225,0.12902617454528809,2.489699602127075,3.1612582206726074,0.10484695434570312,FaceFour,all: n_random_points=30 nb_inst_per_class=10,30,10,Rsast,all
