,accuracy,time,cweights_time,fsubsequence_time,tdataset_time,tclassifier_time,dataset_name,classifier_name,rpoint,nb_per_class,method,len_method
0,0.84,4.476030349731445,0.0276186466217041,0.03991246223449707,4.384812593460083,0.014877557754516602,ECG200,all: n_random_points=10 nb_inst_per_class=1,10,1,Rsast,all
1,0.88,37.74958634376526,0.03723001480102539,0.4098470211029053,37.26005816459656,0.0375971794128418,ECG200,all: n_random_points=10 nb_inst_per_class=10,10,10,Rsast,all
2,0.88,11.267791748046875,0.01883101463317871,0.04594016075134277,11.178633451461792,0.019440412521362305,ECG200,all: n_random_points=30 nb_inst_per_class=1,30,1,Rsast,all
3,0.86,108.50461745262146,0.018118619918823242,0.5650520324707031,107.77472949028015,0.12350296974182129,ECG200,all: n_random_points=30 nb_inst_per_class=10,30,10,Rsast,all
