,accuracy,time,cweights_time,fsubsequence_time,tdataset_time,tclassifier_time,dataset_name,classifier_name,rpoint,nb_per_class,method,len_method
0,0.6974358974358974,6.457859039306641,0.21471309661865234,0.5461382865905762,5.220580339431763,0.3649871349334717,CricketZ,all: n_random_points=10 nb_inst_per_class=1,10,1,Rsast,all
1,0.7564102564102564,51.54272651672363,0.2631375789642334,5.4724647998809814,39.25036573410034,6.47037935256958,CricketZ,all: n_random_points=10 nb_inst_per_class=10,10,10,Rsast,all
2,0.7102564102564103,16.075040817260742,0.2875537872314453,1.3385601043701172,13.040755987167358,1.2861533164978027,CricketZ,all: n_random_points=30 nb_inst_per_class=1,30,1,Rsast,all
3,0.764102564102564,137.7534818649292,0.3013272285461426,8.566926956176758,113.69944095611572,14.978018760681152,CricketZ,all: n_random_points=30 nb_inst_per_class=10,30,10,Rsast,all
