,accuracy,time,cweights_time,fsubsequence_time,tdataset_time,tclassifier_time,dataset_name,classifier_name,rpoint,nb_per_class,method,len_method
0,0.564935064935065,15.722018957138062,0.032655954360961914,0.050719261169433594,15.535379409790039,0.09016752243041992,MiddlePhalanxOutlineAgeGroup,all: n_random_points=10 nb_inst_per_class=1,10,1,Rsast,all
1,0.512987012987013,153.31266331672668,0.018390893936157227,0.2903475761413574,152.7353012561798,0.26112890243530273,MiddlePhalanxOutlineAgeGroup,all: n_random_points=10 nb_inst_per_class=10,10,10,Rsast,all
2,0.5064935064935064,43.24114632606506,0.03337216377258301,0.07448959350585938,43.02587151527405,0.0924830436706543,MiddlePhalanxOutlineAgeGroup,all: n_random_points=30 nb_inst_per_class=1,30,1,Rsast,all
3,0.525974025974026,437.1139249801636,0.03240060806274414,0.756249189376831,435.86348962783813,0.4410579204559326,MiddlePhalanxOutlineAgeGroup,all: n_random_points=30 nb_inst_per_class=10,30,10,Rsast,all
