,accuracy,time,cweights_time,fsubsequence_time,tdataset_time,tclassifier_time,dataset_name,classifier_name,rpoint,nb_per_class,method,len_method
0,0.8533333333333334,0.17269468307495117,0.046289682388305664,0.08510994911193848,0.016483306884765625,0.005479335784912109,BME,all: n_random_points=10 nb_inst_per_class=1,10,1,Rsast,all
1,0.8666666666666667,1.090350866317749,0.055927276611328125,0.8385226726531982,0.17303848266601562,0.018694162368774414,BME,all: n_random_points=10 nb_inst_per_class=10,10,10,Rsast,all
2,0.8866666666666667,0.2236781120300293,0.03574943542480469,0.11942601203918457,0.0489044189453125,0.012057065963745117,BME,all: n_random_points=30 nb_inst_per_class=1,30,1,Rsast,all
3,0.8733333333333333,1.5483815670013428,0.041356801986694336,0.9825403690338135,0.45682525634765625,0.05190539360046387,BME,all: n_random_points=30 nb_inst_per_class=10,30,10,Rsast,all
