,accuracy,time,cweights_time,fsubsequence_time,tdataset_time,tclassifier_time,dataset_name,classifier_name,rpoint,nb_per_class,method,len_method
0,0.703125,1.4324045181274414,0.1583576202392578,0.3366270065307617,0.8840210437774658,0.015293598175048828,Herring,all: n_random_points=10 nb_inst_per_class=1,10,1,Rsast,all
1,0.640625,8.484255075454712,0.15738797187805176,2.1885640621185303,5.958725690841675,0.161238431930542,Herring,all: n_random_points=10 nb_inst_per_class=10,10,10,Rsast,all
2,0.546875,2.9934451580047607,0.1571650505065918,0.4897897243499756,2.2873756885528564,0.03400158882141113,Herring,all: n_random_points=30 nb_inst_per_class=1,30,1,Rsast,all
3,0.609375,19.761484622955322,0.11792969703674316,4.2623066902160645,14.886265993118286,0.4537205696105957,Herring,all: n_random_points=30 nb_inst_per_class=10,30,10,Rsast,all
