,accuracy,time,cweights_time,fsubsequence_time,tdataset_time,tclassifier_time,dataset_name,classifier_name,rpoint,nb_per_class,method,len_method
0,0.7810650887573964,1.9481449127197266,0.13996291160583496,0.4154934883117676,1.0598957538604736,0.2843751907348633,FaceAll,all: n_random_points=10 nb_inst_per_class=1,10,1,Rsast,all
1,0.7810650887573964,15.0502347946167,0.12491345405578613,2.5685439109802246,8.893007755279541,3.4060370922088623,FaceAll,all: n_random_points=10 nb_inst_per_class=10,10,10,Rsast,all
2,0.7881656804733728,4.7411839962005615,0.14049839973449707,0.5953171253204346,3.0822198390960693,0.8636271953582764,FaceAll,all: n_random_points=30 nb_inst_per_class=1,30,1,Rsast,all
3,0.7710059171597633,36.14588665962219,0.13834404945373535,4.188648223876953,23.496827602386475,8.179338216781616,FaceAll,all: n_random_points=30 nb_inst_per_class=10,30,10,Rsast,all
