,accuracy,time,cweights_time,fsubsequence_time,tdataset_time,tclassifier_time,dataset_name,classifier_name,rpoint,nb_per_class,method,len_method
0,0.6405135520684736,1414.0118656158447,0.14535260200500488,0.07842135429382324,1141.825656414032,271.91730523109436,ElectricDevices,all: n_random_points=10 nb_inst_per_class=1,10,1,Rsast,all
1,0.3584489690053171,11761.959373235703,0.1890101432800293,0.7791934013366699,11695.533019542694,65.24802923202515,ElectricDevices,all: n_random_points=10 nb_inst_per_class=10,10,10,Rsast,all
2,0.46427181947866686,3378.939442396164,0.2410891056060791,0.15973639488220215,3330.06650018692,48.39311361312866,ElectricDevices,all: n_random_points=30 nb_inst_per_class=1,30,1,Rsast,all
3,0.32369342497730513,33851.00765943527,0.29291462898254395,2.0583388805389404,33754.183596372604,93.78458142280579,ElectricDevices,all: n_random_points=30 nb_inst_per_class=10,30,10,Rsast,all
