,accuracy,time,cweights_time,fsubsequence_time,tdataset_time,tclassifier_time,dataset_name,classifier_name,rpoint,nb_per_class,method,len_method
0,0.717391304347826,15.641821384429932,0.03186488151550293,0.0343935489654541,15.42129135131836,0.1448216438293457,DistalPhalanxOutlineCorrect,all: n_random_points=10 nb_inst_per_class=1,10,1,Rsast,all
1,0.7463768115942029,153.12060928344727,0.04342198371887207,0.33896422386169434,152.34204745292664,0.3916776180267334,DistalPhalanxOutlineCorrect,all: n_random_points=10 nb_inst_per_class=10,10,10,Rsast,all
2,0.6956521739130435,43.42089223861694,0.043370962142944336,0.05112433433532715,43.13917589187622,0.18062305450439453,DistalPhalanxOutlineCorrect,all: n_random_points=30 nb_inst_per_class=1,30,1,Rsast,all
3,0.7318840579710145,436.5678071975708,0.04308962821960449,0.5192079544067383,435.2749936580658,0.7154593467712402,DistalPhalanxOutlineCorrect,all: n_random_points=30 nb_inst_per_class=10,30,10,Rsast,all
