,accuracy,time,cweights_time,fsubsequence_time,tdataset_time,tclassifier_time,dataset_name,classifier_name,rpoint,nb_per_class,method,len_method
0,0.5722222222222222,3.7094454765319824,0.20549559593200684,0.6742441654205322,2.3238632678985596,0.2954246997833252,InsectWingbeatSound,all: n_random_points=10 nb_inst_per_class=1,10,1,Rsast,all
1,0.593939393939394,22.66061282157898,0.2013230323791504,5.0912253856658936,14.020957708358765,3.2972092628479004,InsectWingbeatSound,all: n_random_points=10 nb_inst_per_class=10,10,10,Rsast,all
2,0.5808080808080808,7.20115065574646,0.1901710033416748,0.739506721496582,4.996074676513672,1.2055199146270752,InsectWingbeatSound,all: n_random_points=30 nb_inst_per_class=1,30,1,Rsast,all
3,0.5949494949494949,54.35480237007141,0.1888744831085205,6.487651586532593,39.09902358055115,8.447216033935547,InsectWingbeatSound,all: n_random_points=30 nb_inst_per_class=10,30,10,Rsast,all
