,accuracy,time,cweights_time,fsubsequence_time,tdataset_time,tclassifier_time,dataset_name,classifier_name,rpoint,nb_per_class,method,len_method
0,0.625,1.4775214195251465,0.1588137149810791,0.3391551971435547,0.890892744064331,0.02110886573791504,Herring,all: n_random_points=10 nb_inst_per_class=1,10,1,Rsast,all
1,0.609375,7.935911178588867,0.1561884880065918,2.1841533184051514,5.43720817565918,0.13973426818847656,Herring,all: n_random_points=10 nb_inst_per_class=10,10,10,Rsast,all
2,0.515625,2.796017646789551,0.15708160400390625,0.4893503189086914,2.091256618499756,0.03629946708679199,Herring,all: n_random_points=30 nb_inst_per_class=1,30,1,Rsast,all
3,0.578125,18.573591470718384,0.08745884895324707,2.59381365776062,15.494389533996582,0.3635416030883789,Herring,all: n_random_points=30 nb_inst_per_class=10,30,10,Rsast,all
