,accuracy,time,cweights_time,fsubsequence_time,tdataset_time,tclassifier_time,dataset_name,classifier_name,rpoint,nb_per_class,method,len_method
0,0.5671717171717172,3.5330259799957275,0.2198200225830078,0.7031619548797607,2.2071492671966553,0.25980162620544434,InsectWingbeatSound,all: n_random_points=10 nb_inst_per_class=1,10,1,Rsast,all
1,0.5893939393939394,23.43163514137268,0.2458629608154297,5.663017988204956,14.11061406135559,3.3441429138183594,InsectWingbeatSound,all: n_random_points=10 nb_inst_per_class=10,10,10,Rsast,all
2,0.5666666666666667,6.859983921051025,0.17490673065185547,0.6828169822692871,5.051572322845459,0.8821430206298828,InsectWingbeatSound,all: n_random_points=30 nb_inst_per_class=1,30,1,Rsast,all
3,0.5914141414141414,55.69952201843262,0.20004916191101074,6.3931052684783936,41.102147817611694,7.864821672439575,InsectWingbeatSound,all: n_random_points=30 nb_inst_per_class=10,30,10,Rsast,all
