,accuracy,time,cweights_time,fsubsequence_time,tdataset_time,tclassifier_time,dataset_name,classifier_name,rpoint,nb_per_class,method,len_method
0,0.6402877697841727,30.863914251327515,0.04558992385864258,0.10035324096679688,30.599640130996704,0.09562444686889648,DistalPhalanxTW,all: n_random_points=10 nb_inst_per_class=1,10,1,Rsast,all
1,0.6402877697841727,308.5642817020416,0.04475092887878418,0.6230714321136475,307.43079900741577,0.4519062042236328,DistalPhalanxTW,all: n_random_points=10 nb_inst_per_class=10,10,10,Rsast,all
2,0.6402877697841727,87.03046560287476,0.044657230377197266,0.15759968757629395,86.67947626113892,0.13739228248596191,DistalPhalanxTW,all: n_random_points=30 nb_inst_per_class=1,30,1,Rsast,all
3,0.6330935251798561,875.5372264385223,0.030858993530273438,1.454077959060669,872.8379280567169,1.1692488193511963,DistalPhalanxTW,all: n_random_points=30 nb_inst_per_class=10,30,10,Rsast,all
