,accuracy,time,cweights_time,fsubsequence_time,tdataset_time,tclassifier_time,dataset_name,classifier_name,rpoint,nb_per_class,method,len_method
0,0.8888888888888888,0.18346571922302246,0.025442123413085938,0.03641343116760254,0.09271621704101562,0.019063949584960938,PowerCons,all: n_random_points=10 nb_inst_per_class=1,10,1,Rsast,all
1,0.9611111111111111,1.8126850128173828,0.04536032676696777,0.6668922901153564,0.8596091270446777,0.23343706130981445,PowerCons,all: n_random_points=10 nb_inst_per_class=10,10,10,Rsast,all
2,0.8833333333333333,0.44680356979370117,0.04497504234313965,0.10094404220581055,0.23453879356384277,0.0560460090637207,PowerCons,all: n_random_points=30 nb_inst_per_class=1,30,1,Rsast,all
3,0.9555555555555556,3.800079345703125,0.04570508003234863,0.8299596309661865,2.0922982692718506,0.8074307441711426,PowerCons,all: n_random_points=30 nb_inst_per_class=10,30,10,Rsast,all
