,accuracy,time,cweights_time,fsubsequence_time,tdataset_time,tclassifier_time,dataset_name,classifier_name,rpoint,nb_per_class,method,len_method
0,0.74921875,0.6648731231689453,0.07166337966918945,0.10976672172546387,0.3785102367401123,0.07400178909301758,ChlorineConcentration,all: n_random_points=10 nb_inst_per_class=1,10,1,Rsast,all
1,0.8059895833333334,4.686882019042969,0.05930304527282715,0.7837972640991211,3.2334234714508057,0.5968434810638428,ChlorineConcentration,all: n_random_points=10 nb_inst_per_class=10,10,10,Rsast,all
2,0.746875,1.694624900817871,0.0774531364440918,0.17615556716918945,1.252129077911377,0.17983555793762207,ChlorineConcentration,all: n_random_points=30 nb_inst_per_class=1,30,1,Rsast,all
3,0.8075520833333333,12.386092901229858,0.07742476463317871,1.50174880027771,8.25438380241394,2.5205068588256836,ChlorineConcentration,all: n_random_points=30 nb_inst_per_class=10,30,10,Rsast,all
