,accuracy,time,cweights_time,fsubsequence_time,tdataset_time,tclassifier_time,dataset_name,classifier_name,rpoint,nb_per_class,method,len_method
0,0.7205128205128205,6.497659206390381,0.14829659461975098,0.5160777568817139,5.285076379776001,0.3485236167907715,CricketX,all: n_random_points=10 nb_inst_per_class=1,10,1,Rsast,all
1,0.7769230769230769,52.47140645980835,0.29609227180480957,6.570724725723267,39.76434063911438,5.718017101287842,CricketX,all: n_random_points=10 nb_inst_per_class=10,10,10,Rsast,all
2,0.7333333333333333,16.1961886882782,0.2962372303009033,1.3454809188842773,13.221414566040039,1.2240710258483887,CricketX,all: n_random_points=30 nb_inst_per_class=1,30,1,Rsast,all
3,0.7538461538461538,138.2643585205078,0.33005690574645996,8.605902433395386,114.33902215957642,14.815733432769775,CricketX,all: n_random_points=30 nb_inst_per_class=10,30,10,Rsast,all
