,accuracy,time,cweights_time,fsubsequence_time,tdataset_time,tclassifier_time,dataset_name,classifier_name,rpoint,nb_per_class,method,len_method
0,0.7713541666666667,0.6491110324859619,0.05853271484375,0.08796525001525879,0.40061450004577637,0.08026003837585449,ChlorineConcentration,all: n_random_points=10 nb_inst_per_class=1,10,1,Rsast,all
1,0.80546875,4.507747650146484,0.06506800651550293,0.713341236114502,3.185793161392212,0.5276820659637451,ChlorineConcentration,all: n_random_points=10 nb_inst_per_class=10,10,10,Rsast,all
2,0.7947916666666667,1.875941514968872,0.07832646369934082,0.17779946327209473,1.4133081436157227,0.19507861137390137,ChlorineConcentration,all: n_random_points=30 nb_inst_per_class=1,30,1,Rsast,all
3,0.7963541666666667,12.159573078155518,0.057573795318603516,1.7598609924316406,7.978706359863281,2.3163161277770996,ChlorineConcentration,all: n_random_points=30 nb_inst_per_class=10,30,10,Rsast,all
