,accuracy,time,cweights_time,fsubsequence_time,tdataset_time,tclassifier_time,dataset_name,classifier_name,rpoint,nb_per_class,method,len_method
0,0.5907928388746803,5.556406736373901,0.20265531539916992,0.781273603439331,3.847257375717163,0.5482282638549805,Adiac,all: n_random_points=10 nb_inst_per_class=1,10,1,Rsast,all
1,0.5524296675191815,43.64023303985596,0.3275613784790039,7.782898902893066,26.609822988510132,8.82064175605774,Adiac,all: n_random_points=10 nb_inst_per_class=10,10,10,Rsast,all
2,0.5396419437340153,13.489260196685791,0.21706914901733398,1.2280678749084473,9.520500659942627,2.4073991775512695,Adiac,all: n_random_points=30 nb_inst_per_class=1,30,1,Rsast,all
3,0.5447570332480819,109.78123211860657,0.3836948871612549,11.869969844818115,77.63547706604004,19.639811754226685,Adiac,all: n_random_points=30 nb_inst_per_class=10,30,10,Rsast,all
