,accuracy,time,cweights_time,fsubsequence_time,tdataset_time,tclassifier_time,dataset_name,classifier_name,rpoint,nb_per_class,method,len_method
0,0.86,0.13643145561218262,0.02952289581298828,0.06149482727050781,0.025565147399902344,0.007142782211303711,BME,all: n_random_points=10 nb_inst_per_class=1,10,1,Rsast,all
1,0.8666666666666667,1.0071861743927002,0.04297447204589844,0.7630839347839355,0.1755390167236328,0.02015972137451172,BME,all: n_random_points=10 nb_inst_per_class=10,10,10,Rsast,all
2,0.8333333333333334,0.19321703910827637,0.025943279266357422,0.08372879028320312,0.06868624687194824,0.009024381637573242,BME,all: n_random_points=30 nb_inst_per_class=1,30,1,Rsast,all
3,0.8733333333333333,1.7330892086029053,0.05202126502990723,1.1521809101104736,0.46065711975097656,0.051381826400756836,BME,all: n_random_points=30 nb_inst_per_class=10,30,10,Rsast,all
