,accuracy,time,cweights_time,fsubsequence_time,tdataset_time,tclassifier_time,dataset_name,classifier_name,rpoint,nb_per_class,method,len_method
0,0.5882352941176471,6.21117377281189,0.38709425926208496,1.2428405284881592,3.7784066200256348,0.5381355285644531,Adiac,all: n_random_points=10 nb_inst_per_class=1,10,1,Rsast,all
1,0.5549872122762148,44.111281633377075,0.3210422992706299,7.653700351715088,25.98871946334839,10.007425785064697,Adiac,all: n_random_points=10 nb_inst_per_class=10,10,10,Rsast,all
2,0.5754475703324808,15.074700117111206,0.35576581954956055,1.9778318405151367,9.771932601928711,2.825155019760132,Adiac,all: n_random_points=30 nb_inst_per_class=1,30,1,Rsast,all
3,0.5421994884910486,108.10219931602478,0.39862918853759766,12.232372045516968,75.30938911437988,19.826152801513672,Adiac,all: n_random_points=30 nb_inst_per_class=10,30,10,Rsast,all
