,accuracy,time,cweights_time,fsubsequence_time,tdataset_time,tclassifier_time,dataset_name,classifier_name,rpoint,nb_per_class,method,len_method
0,0.9652777777777778,0.1857917308807373,0.04398226737976074,0.0889582633972168,0.02768087387084961,0.005464076995849609,UMD,all: n_random_points=10 nb_inst_per_class=1,10,1,Rsast,all
1,0.9722222222222222,1.2138614654541016,0.04664492607116699,0.8738610744476318,0.2638735771179199,0.025257587432861328,UMD,all: n_random_points=10 nb_inst_per_class=10,10,10,Rsast,all
2,0.9652777777777778,0.31853699684143066,0.04798460006713867,0.15627312660217285,0.09173107147216797,0.010478734970092773,UMD,all: n_random_points=30 nb_inst_per_class=1,30,1,Rsast,all
3,0.9791666666666666,2.2669131755828857,0.04863762855529785,1.347452163696289,0.7898285388946533,0.059388160705566406,UMD,all: n_random_points=30 nb_inst_per_class=10,30,10,Rsast,all
