,accuracy,time,cweights_time,fsubsequence_time,tdataset_time,tclassifier_time,dataset_name,classifier_name,rpoint,nb_per_class,method,len_method
0,0.97,12.890254497528076,0.03175687789916992,0.07425570487976074,12.701411008834839,0.06859683990478516,SyntheticControl,all: n_random_points=10 nb_inst_per_class=1,10,1,Rsast,all
1,0.9866666666666667,126.8563780784607,0.030449867248535156,0.5593395233154297,125.98094606399536,0.2734072208404541,SyntheticControl,all: n_random_points=10 nb_inst_per_class=10,10,10,Rsast,all
2,0.9833333333333333,34.909151792526245,0.03397727012634277,0.1090245246887207,34.668923139572144,0.0843665599822998,SyntheticControl,all: n_random_points=30 nb_inst_per_class=1,30,1,Rsast,all
3,0.99,347.70008611679077,0.04473280906677246,1.1146488189697266,346.09467601776123,0.41997408866882324,SyntheticControl,all: n_random_points=30 nb_inst_per_class=10,30,10,Rsast,all
