,accuracy,time,cweights_time,fsubsequence_time,tdataset_time,tclassifier_time,dataset_name,classifier_name,rpoint,nb_per_class,method,len_method
0,0.7142857142857143,0.3760056495666504,0.06012296676635742,0.1744687557220459,0.10788536071777344,0.006485462188720703,ArrowHead,all: n_random_points=10 nb_inst_per_class=1,10,1,Rsast,all
1,0.7257142857142858,2.6877665519714355,0.08064532279968262,1.550218105316162,0.9995224475860596,0.041867733001708984,ArrowHead,all: n_random_points=10 nb_inst_per_class=10,10,10,Rsast,all
2,0.7257142857142858,0.5879421234130859,0.05978870391845703,0.18834447860717773,0.30718183517456055,0.019147157669067383,ArrowHead,all: n_random_points=30 nb_inst_per_class=1,30,1,Rsast,all
3,0.7542857142857143,4.6844000816345215,0.07738804817199707,1.809077501296997,2.6106221675872803,0.15689563751220703,ArrowHead,all: n_random_points=30 nb_inst_per_class=10,30,10,Rsast,all
