,accuracy,time,cweights_time,fsubsequence_time,tdataset_time,tclassifier_time,dataset_name,classifier_name,rpoint,nb_per_class,method,len_method
0,0.9673202614379085,0.6963284015655518,0.12234854698181152,0.38341474533081055,0.1623828411102295,0.0053255558013916016,DiatomSizeReduction,all: n_random_points=10 nb_inst_per_class=1,10,1,Rsast,all
1,0.9640522875816994,2.182734489440918,0.11876964569091797,1.41849946975708,0.6134731769561768,0.017400264739990234,DiatomSizeReduction,all: n_random_points=10 nb_inst_per_class=10,10,10,Rsast,all
2,0.9640522875816994,1.224679708480835,0.15541410446166992,0.5725929737091064,0.461669921875,0.013995885848999023,DiatomSizeReduction,all: n_random_points=30 nb_inst_per_class=1,30,1,Rsast,all
3,0.9640522875816994,3.722715139389038,0.13929390907287598,1.8158836364746094,1.7061398029327393,0.04052162170410156,DiatomSizeReduction,all: n_random_points=30 nb_inst_per_class=10,30,10,Rsast,all
