,accuracy,time,cweights_time,fsubsequence_time,tdataset_time,tclassifier_time,dataset_name,classifier_name,rpoint,nb_per_class,method,len_method
0,0.9608040201005025,1.5094459056854248,0.17873191833496094,0.6960711479187012,0.5558950901031494,0.015486001968383789,Symbols,all: n_random_points=10 nb_inst_per_class=1,10,1,Rsast,all
1,0.9597989949748744,4.513054847717285,0.21422362327575684,2.2093567848205566,2.0309319496154785,0.03550100326538086,Symbols,all: n_random_points=10 nb_inst_per_class=10,10,10,Rsast,all
2,0.9597989949748744,2.437732458114624,0.17861652374267578,1.030357837677002,1.1729004383087158,0.02356410026550293,Symbols,all: n_random_points=30 nb_inst_per_class=1,30,1,Rsast,all
3,0.9577889447236181,7.892178297042847,0.17853832244873047,3.189920663833618,4.324331521987915,0.15497255325317383,Symbols,all: n_random_points=30 nb_inst_per_class=10,30,10,Rsast,all
