,accuracy,time,cweights_time,fsubsequence_time,tdataset_time,tclassifier_time,dataset_name,classifier_name,rpoint,nb_per_class,method,len_method
0,0.7933333333333333,0.20568037033081055,0.004212379455566406,0.005406379699707031,0.18247056007385254,0.011313915252685547,SmoothSubspace,all: n_random_points=10 nb_inst_per_class=1,10,1,Rsast,all
1,0.94,1.6676514148712158,0.004751920700073242,0.047524213790893555,1.5872421264648438,0.026857852935791016,SmoothSubspace,all: n_random_points=10 nb_inst_per_class=10,10,10,Rsast,all
2,0.8533333333333334,0.21738028526306152,0.004825592041015625,0.007139444351196289,0.18988490104675293,0.013592243194580078,SmoothSubspace,all: n_random_points=30 nb_inst_per_class=1,30,1,Rsast,all
3,0.9466666666666667,1.8136303424835205,0.004026651382446289,0.04811549186706543,1.7374672889709473,0.023023366928100586,SmoothSubspace,all: n_random_points=30 nb_inst_per_class=10,30,10,Rsast,all
