,accuracy,time,cweights_time,fsubsequence_time,tdataset_time,tclassifier_time,dataset_name,classifier_name,rpoint,nb_per_class,method,len_method
0,0.8390243902439024,15.65189528465271,0.03604316711425781,0.05069446563720703,15.462915420532227,0.08543729782104492,ProximalPhalanxOutlineAgeGroup,all: n_random_points=10 nb_inst_per_class=1,10,1,Rsast,all
1,0.8,153.79188656806946,0.044219017028808594,0.497971773147583,153.02791714668274,0.21396398544311523,ProximalPhalanxOutlineAgeGroup,all: n_random_points=10 nb_inst_per_class=10,10,10,Rsast,all
2,0.824390243902439,43.39647698402405,0.0324854850769043,0.0746922492980957,43.17399024963379,0.10774016380310059,ProximalPhalanxOutlineAgeGroup,all: n_random_points=30 nb_inst_per_class=1,30,1,Rsast,all
3,0.7804878048780488,437.4466483592987,0.03242063522338867,0.7592782974243164,436.0458402633667,0.5881202220916748,ProximalPhalanxOutlineAgeGroup,all: n_random_points=30 nb_inst_per_class=10,30,10,Rsast,all
