,accuracy,time,cweights_time,fsubsequence_time,tdataset_time,tclassifier_time,dataset_name,classifier_name,rpoint,nb_per_class,method,len_method
0,0.60431654676259,30.8715398311615,0.04604482650756836,0.10024642944335938,30.605671882629395,0.09493136405944824,DistalPhalanxTW,all: n_random_points=10 nb_inst_per_class=1,10,1,Rsast,all
1,0.60431654676259,308.1366198062897,0.025012731552124023,0.5414490699768066,307.18585443496704,0.37184786796569824,DistalPhalanxTW,all: n_random_points=10 nb_inst_per_class=10,10,10,Rsast,all
2,0.6402877697841727,87.90682530403137,0.04528236389160156,0.15008044242858887,87.58479237556458,0.11481189727783203,DistalPhalanxTW,all: n_random_points=30 nb_inst_per_class=1,30,1,Rsast,all
3,0.60431654676259,878.382607460022,0.025252342224121094,0.804577112197876,876.7410447597504,0.7800440788269043,DistalPhalanxTW,all: n_random_points=30 nb_inst_per_class=10,30,10,Rsast,all
