,accuracy,time,cweights_time,fsubsequence_time,tdataset_time,tclassifier_time,dataset_name,classifier_name,rpoint,nb_per_class,method,len_method
0,0.7266187050359713,15.742149353027344,0.018114805221557617,0.02834796905517578,15.60760760307312,0.07869505882263184,DistalPhalanxOutlineAgeGroup,all: n_random_points=10 nb_inst_per_class=1,10,1,Rsast,all
1,0.7266187050359713,153.39255380630493,0.01831984519958496,0.3415565490722656,152.79848384857178,0.22081470489501953,DistalPhalanxOutlineAgeGroup,all: n_random_points=10 nb_inst_per_class=10,10,10,Rsast,all
2,0.6762589928057554,43.56765604019165,0.025509119033813477,0.053833961486816406,43.387487173080444,0.09537172317504883,DistalPhalanxOutlineAgeGroup,all: n_random_points=30 nb_inst_per_class=1,30,1,Rsast,all
3,0.7194244604316546,433.74388813972473,0.017940521240234375,0.4191451072692871,432.8771412372589,0.414963960647583,DistalPhalanxOutlineAgeGroup,all: n_random_points=30 nb_inst_per_class=10,30,10,Rsast,all
