,accuracy,time,cweights_time,fsubsequence_time,tdataset_time,tclassifier_time,dataset_name,classifier_name,rpoint,nb_per_class,method,len_method
0,0.9277777777777778,0.16711902618408203,0.0408174991607666,0.08505535125732422,0.020900249481201172,0.005170583724975586,CBF,all: n_random_points=10 nb_inst_per_class=1,10,1,Rsast,all
1,0.96,1.0217258930206299,0.05452132225036621,0.7895288467407227,0.15561509132385254,0.01762866973876953,CBF,all: n_random_points=10 nb_inst_per_class=10,10,10,Rsast,all
2,0.9122222222222223,0.2169947624206543,0.03921246528625488,0.10995054244995117,0.04542112350463867,0.013106346130371094,CBF,all: n_random_points=30 nb_inst_per_class=1,30,1,Rsast,all
3,0.97,1.6197121143341064,0.04182076454162598,1.0889036655426025,0.4219930171966553,0.051140785217285156,CBF,all: n_random_points=30 nb_inst_per_class=10,30,10,Rsast,all
