,accuracy,time,cweights_time,fsubsequence_time,tdataset_time,tclassifier_time,dataset_name,classifier_name,rpoint,nb_per_class,method,len_method
0,0.6115107913669064,30.988874197006226,0.046225547790527344,0.09944510459899902,30.734848976135254,0.07903265953063965,DistalPhalanxTW,all: n_random_points=10 nb_inst_per_class=1,10,1,Rsast,all
1,0.6402877697841727,308.67547273635864,0.02508711814880371,0.5373141765594482,307.5923099517822,0.5083656311035156,DistalPhalanxTW,all: n_random_points=10 nb_inst_per_class=10,10,10,Rsast,all
2,0.6115107913669064,86.7385311126709,0.044310569763183594,0.14579200744628906,86.39820194244385,0.14237737655639648,DistalPhalanxTW,all: n_random_points=30 nb_inst_per_class=1,30,1,Rsast,all
3,0.6187050359712231,873.7666923999786,0.045200347900390625,1.5108497142791748,871.2632853984833,0.9097259044647217,DistalPhalanxTW,all: n_random_points=30 nb_inst_per_class=10,30,10,Rsast,all
