,accuracy,time,cweights_time,fsubsequence_time,tdataset_time,tclassifier_time,dataset_name,classifier_name,rpoint,nb_per_class,method,len_method
0,0.9,7.978248834609985,0.15827226638793945,1.9163663387298584,5.776560068130493,0.1246500015258789,Meat,all: n_random_points=10 nb_inst_per_class=1,10,1,Rsast,all
1,0.9,8.590021848678589,0.18950271606445312,2.559473752975464,5.648660898208618,0.17479562759399414,Meat,all: n_random_points=10 nb_inst_per_class=10,10,10,Rsast,all
2,0.8666666666666667,2.954331159591675,0.20478487014770508,0.6039695739746094,2.059023380279541,0.04495739936828613,Meat,all: n_random_points=30 nb_inst_per_class=1,30,1,Rsast,all
3,0.9,19.19454264640808,0.14316821098327637,3.355163097381592,15.18704628944397,0.4710519313812256,Meat,all: n_random_points=30 nb_inst_per_class=10,30,10,Rsast,all
