,accuracy,time,cweights_time,fsubsequence_time,tdataset_time,tclassifier_time,dataset_name,classifier_name,rpoint,nb_per_class,method,len_method
0,0.9333333333333333,17.36715269088745,0.1867225170135498,6.552597761154175,10.173036336898804,0.3652317523956299,Meat,all: n_random_points=10 nb_inst_per_class=30,10,30,Rsast,all
1,0.9166666666666666,15.74717092514038,0.13588881492614746,5.066189289093018,10.122947454452515,0.32922959327697754,Meat,all: n_random_points=10 nb_inst_per_class=50,10,50,Rsast,all
2,0.9166666666666666,37.48708128929138,0.1348426342010498,7.293633222579956,29.037964582443237,0.8853816986083984,Meat,all: n_random_points=30 nb_inst_per_class=30,30,30,Rsast,all
3,0.9166666666666666,36.721264362335205,0.15521550178527832,7.288443565368652,28.22932720184326,0.8888840675354004,Meat,all: n_random_points=30 nb_inst_per_class=50,30,50,Rsast,all
4,0.9666666666666667,49.76107692718506,0.1413893699645996,46.339579343795776,3.1137962341308594,0.06949234008789062,Meat,ACF&PACF: n_random_points=10 nb_inst_per_class=30,10,30,Rsast,ACF&PACF
5,0.9333333333333333,50.6374249458313,0.15462613105773926,47.09334182739258,3.2615444660186768,0.10260438919067383,Meat,ACF&PACF: n_random_points=10 nb_inst_per_class=50,10,50,Rsast,ACF&PACF
6,0.9666666666666667,57.556689739227295,0.08602666854858398,47.981226682662964,9.161024332046509,0.28913140296936035,Meat,ACF&PACF: n_random_points=30 nb_inst_per_class=30,30,30,Rsast,ACF&PACF
7,0.95,55.078453540802,0.139404296875,45.57131481170654,9.079090595245361,0.2310504913330078,Meat,ACF&PACF: n_random_points=30 nb_inst_per_class=50,30,50,Rsast,ACF&PACF
