,accuracy,time,cweights_time,fsubsequence_time,tdataset_time,tclassifier_time,dataset_name,classifier_name,rpoint,nb_per_class,method,len_method
0,0.96,0.6642918586730957,0.023427724838256836,0.45821118354797363,0.16207623481750488,0.015336036682128906,CBF,all: n_random_points=10 nb_inst_per_class=30,10,30,Rsast,all
1,0.9611111111111111,0.9645524024963379,0.028111696243286133,0.7458949089050293,0.16592884063720703,0.016132831573486328,CBF,all: n_random_points=10 nb_inst_per_class=50,10,50,Rsast,all
2,0.97,1.6385235786437988,0.04605245590209961,1.0544142723083496,0.4641566276550293,0.052314043045043945,CBF,all: n_random_points=30 nb_inst_per_class=30,30,30,Rsast,all
3,0.97,1.8243792057037354,0.04105496406555176,1.2488129138946533,0.45426011085510254,0.05038022994995117,CBF,all: n_random_points=30 nb_inst_per_class=50,30,50,Rsast,all
4,0.9911111111111112,1.2945520877838135,0.040782928466796875,1.1772935390472412,0.0549466609954834,0.00718379020690918,CBF,ACF&PACF: n_random_points=10 nb_inst_per_class=30,10,30,Rsast,ACF&PACF
5,0.99,1.0977180004119873,0.046973466873168945,1.00539231300354,0.03821730613708496,0.004767417907714844,CBF,ACF&PACF: n_random_points=10 nb_inst_per_class=50,10,50,Rsast,ACF&PACF
6,0.99,1.035613775253296,0.03142952919006348,0.8950726985931396,0.08897137641906738,0.015889644622802734,CBF,ACF&PACF: n_random_points=30 nb_inst_per_class=30,30,30,Rsast,ACF&PACF
7,0.9888888888888889,1.4236211776733398,0.039124488830566406,1.2568228244781494,0.1095421314239502,0.012291431427001953,CBF,ACF&PACF: n_random_points=30 nb_inst_per_class=50,30,50,Rsast,ACF&PACF
