,accuracy,time,cweights_time,fsubsequence_time,tdataset_time,tclassifier_time,dataset_name,classifier_name,rpoint,nb_per_class,method,len_method
0,0.8771929824561403,3.844855308532715,0.055600881576538086,1.6435296535491943,2.032008171081543,0.08984804153442383,ToeSegmentation1,all: n_random_points=10 nb_inst_per_class=30,10,30,Rsast,all
1,0.8771929824561403,4.4556052684783936,0.0781393051147461,2.3311524391174316,1.9234497547149658,0.09225726127624512,ToeSegmentation1,all: n_random_points=10 nb_inst_per_class=50,10,50,Rsast,all
2,0.881578947368421,7.393507719039917,0.07699441909790039,2.909493923187256,4.117090463638306,0.23607110977172852,ToeSegmentation1,all: n_random_points=30 nb_inst_per_class=30,30,30,Rsast,all
3,0.881578947368421,7.707409858703613,0.07718968391418457,3.2068145275115967,4.1679160594940186,0.1703357696533203,ToeSegmentation1,all: n_random_points=30 nb_inst_per_class=50,30,50,Rsast,all
4,0.8903508771929824,8.219988107681274,0.07781076431274414,7.832101345062256,0.26355719566345215,0.008810281753540039,ToeSegmentation1,ACF&PACF: n_random_points=10 nb_inst_per_class=30,10,30,Rsast,ACF&PACF
5,0.8859649122807017,7.602782964706421,0.05186033248901367,7.268729209899902,0.2687969207763672,0.007941246032714844,ToeSegmentation1,ACF&PACF: n_random_points=10 nb_inst_per_class=50,10,50,Rsast,ACF&PACF
6,0.881578947368421,8.178260803222656,0.04340219497680664,7.441843271255493,0.6567709445953369,0.028934478759765625,ToeSegmentation1,ACF&PACF: n_random_points=30 nb_inst_per_class=30,30,30,Rsast,ACF&PACF
7,0.8859649122807017,8.852816343307495,0.07782340049743652,8.057958126068115,0.6711776256561279,0.030516862869262695,ToeSegmentation1,ACF&PACF: n_random_points=30 nb_inst_per_class=50,30,50,Rsast,ACF&PACF
