,accuracy,time,cweights_time,fsubsequence_time,tdataset_time,tclassifier_time,dataset_name,classifier_name,rpoint,nb_per_class,method,len_method
0,0.8888888888888888,4.244493722915649,0.0371241569519043,1.7627713680267334,2.243328094482422,0.17931556701660156,Wine,all: n_random_points=10 nb_inst_per_class=30,10,30,Rsast,all
1,0.8888888888888888,4.568646430969238,0.05422806739807129,2.0350289344787598,2.2902822494506836,0.15474843978881836,Wine,all: n_random_points=10 nb_inst_per_class=50,10,50,Rsast,all
2,0.8888888888888888,8.067071676254272,0.03701019287109375,2.6950623989105225,4.812323808670044,0.4595799446105957,Wine,all: n_random_points=30 nb_inst_per_class=30,30,30,Rsast,all
3,0.8888888888888888,8.914742469787598,0.06736254692077637,3.465959072113037,4.83307671546936,0.46257448196411133,Wine,all: n_random_points=30 nb_inst_per_class=50,30,50,Rsast,all
4,0.7592592592592593,7.135108470916748,0.039089202880859375,6.875142335891724,0.17592573165893555,0.012151241302490234,Wine,ACF&PACF: n_random_points=10 nb_inst_per_class=30,10,30,Rsast,ACF&PACF
5,0.7592592592592593,7.413748264312744,0.04068899154663086,7.198880672454834,0.1592695713043213,0.011606454849243164,Wine,ACF&PACF: n_random_points=10 nb_inst_per_class=50,10,50,Rsast,ACF&PACF
6,0.7962962962962963,7.101544380187988,0.03731131553649902,6.669930934906006,0.36768484115600586,0.02289414405822754,Wine,ACF&PACF: n_random_points=30 nb_inst_per_class=30,30,30,Rsast,ACF&PACF
7,0.7962962962962963,7.0966479778289795,0.0377352237701416,6.677691221237183,0.34633779525756836,0.02604985237121582,Wine,ACF&PACF: n_random_points=30 nb_inst_per_class=50,30,50,Rsast,ACF&PACF
