,accuracy,time,cweights_time,fsubsequence_time,tdataset_time,tclassifier_time,dataset_name,classifier_name,rpoint,nb_per_class,method,len_method
0,0.8333333333333334,6.5517683029174805,0.13313031196594238,2.732560873031616,3.595147132873535,0.06689715385437012,Beef,all: n_random_points=10 nb_inst_per_class=30,10,30,Rsast,all
1,0.8333333333333334,6.175842761993408,0.10807919502258301,2.297255277633667,3.671976089477539,0.07261037826538086,Beef,all: n_random_points=10 nb_inst_per_class=50,10,50,Rsast,all
2,0.8333333333333334,13.567951679229736,0.1320946216583252,4.791246175765991,8.32399606704712,0.26036953926086426,Beef,all: n_random_points=30 nb_inst_per_class=30,30,30,Rsast,all
3,0.8333333333333334,13.881178140640259,0.19501519203186035,4.404385566711426,8.919971466064453,0.26734161376953125,Beef,all: n_random_points=30 nb_inst_per_class=50,30,50,Rsast,all
4,0.6666666666666666,27.957911729812622,0.20298361778259277,26.743046522140503,0.9294030666351318,0.01930999755859375,Beef,ACF&PACF: n_random_points=10 nb_inst_per_class=30,10,30,Rsast,ACF&PACF
5,0.7,26.24299931526184,0.149033784866333,25.0918550491333,0.97035813331604,0.01838207244873047,Beef,ACF&PACF: n_random_points=10 nb_inst_per_class=50,10,50,Rsast,ACF&PACF
6,0.7,26.995810747146606,0.1329350471496582,24.341771841049194,2.453988552093506,0.04898810386657715,Beef,ACF&PACF: n_random_points=30 nb_inst_per_class=30,30,30,Rsast,ACF&PACF
7,0.6666666666666666,29.367536306381226,0.14881157875061035,26.743903160095215,2.399379253387451,0.04888629913330078,Beef,ACF&PACF: n_random_points=30 nb_inst_per_class=50,30,50,Rsast,ACF&PACF
