,accuracy,time,cweights_time,fsubsequence_time,tdataset_time,tclassifier_time,dataset_name,classifier_name,rpoint,nb_per_class,method,len_method
0,0.9575609756097561,10.56304144859314,0.11764860153198242,3.483574390411377,4.465130567550659,2.4232373237609863,FacesUCR,all: n_random_points=10 nb_inst_per_class=30,10,30,Rsast,all
1,0.9570731707317073,10.957973718643188,0.06505393981933594,4.017421722412109,4.597163677215576,2.190965175628662,FacesUCR,all: n_random_points=10 nb_inst_per_class=50,10,50,Rsast,all
2,0.9590243902439024,22.812401056289673,0.09636664390563965,4.810009479522705,11.516946792602539,6.236851453781128,FacesUCR,all: n_random_points=30 nb_inst_per_class=30,30,30,Rsast,all
3,0.96,22.12323522567749,0.06250476837158203,4.773595809936523,11.622285604476929,5.444072961807251,FacesUCR,all: n_random_points=30 nb_inst_per_class=50,30,50,Rsast,all
4,0.9609756097560975,7.915433645248413,0.11799788475036621,5.976475954055786,1.1390838623046875,0.5555016994476318,FacesUCR,ACF&PACF: n_random_points=10 nb_inst_per_class=30,10,30,Rsast,ACF&PACF
5,0.9624390243902439,7.84466814994812,0.08348655700683594,5.762504577636719,1.4493532180786133,0.5288009643554688,FacesUCR,ACF&PACF: n_random_points=10 nb_inst_per_class=50,10,50,Rsast,ACF&PACF
6,0.9609756097560975,10.771949291229248,0.09268569946289062,6.000891923904419,3.124938488006592,1.5117971897125244,FacesUCR,ACF&PACF: n_random_points=30 nb_inst_per_class=30,30,30,Rsast,ACF&PACF
7,0.9619512195121951,11.487659692764282,0.11884117126464844,6.4377477169036865,3.366152048110962,1.5174410343170166,FacesUCR,ACF&PACF: n_random_points=30 nb_inst_per_class=50,30,50,Rsast,ACF&PACF
