,accuracy,time,cweights_time,fsubsequence_time,tdataset_time,tclassifier_time,dataset_name,classifier_name,rpoint,nb_per_class,method,len_method
0,1.0,0.8871011734008789,0.03984475135803223,0.6938848495483398,0.13287591934204102,0.017731189727783203,ECGFiveDays,all: n_random_points=10 nb_inst_per_class=30,10,30,Rsast,all
1,1.0,0.8404014110565186,0.03181576728820801,0.6901628971099854,0.0984797477722168,0.01356816291809082,ECGFiveDays,all: n_random_points=10 nb_inst_per_class=50,10,50,Rsast,all
2,1.0,1.4178812503814697,0.038803815841674805,1.0070669651031494,0.32480549812316895,0.03137803077697754,ECGFiveDays,all: n_random_points=30 nb_inst_per_class=30,30,30,Rsast,all
3,1.0,1.464812994003296,0.037637948989868164,1.0412681102752686,0.32076430320739746,0.03515315055847168,ECGFiveDays,all: n_random_points=30 nb_inst_per_class=50,30,50,Rsast,all
4,1.0,1.0448341369628906,0.03867363929748535,0.9762046337127686,0.013775348663330078,0.003547191619873047,ECGFiveDays,ACF&PACF: n_random_points=10 nb_inst_per_class=30,10,30,Rsast,ACF&PACF
5,1.0,0.904651403427124,0.030843734741210938,0.8602449893951416,0.010895967483520508,0.002057313919067383,ECGFiveDays,ACF&PACF: n_random_points=10 nb_inst_per_class=50,10,50,Rsast,ACF&PACF
6,1.0,0.603766918182373,0.02097487449645996,0.5580403804779053,0.02126455307006836,0.003009796142578125,ECGFiveDays,ACF&PACF: n_random_points=30 nb_inst_per_class=30,30,30,Rsast,ACF&PACF
7,1.0,0.6079893112182617,0.0211026668548584,0.5724422931671143,0.011191368103027344,0.0024404525756835938,ECGFiveDays,ACF&PACF: n_random_points=30 nb_inst_per_class=50,30,50,Rsast,ACF&PACF
