,accuracy,time,cweights_time,fsubsequence_time,tdataset_time,tclassifier_time,dataset_name,classifier_name,rpoint,nb_per_class,method,len_method
0,0.7428571428571429,22.086857080459595,0.1408853530883789,4.800561428070068,16.303112030029297,0.77632737159729,Ham,all: n_random_points=10 nb_inst_per_class=30,10,30,Rsast,all
1,0.7428571428571429,35.665870904922485,0.14151549339294434,7.566982746124268,26.56990909576416,1.2891273498535156,Ham,all: n_random_points=10 nb_inst_per_class=50,10,50,Rsast,all
2,0.7428571428571429,55.76189851760864,0.1462078094482422,7.108470916748047,46.29213857650757,2.0288002490997314,Ham,all: n_random_points=30 nb_inst_per_class=30,30,30,Rsast,all
3,0.7619047619047619,90.2689597606659,0.1424412727355957,11.41191029548645,75.12170600891113,3.3737504482269287,Ham,all: n_random_points=30 nb_inst_per_class=50,30,50,Rsast,all
4,0.780952380952381,41.68211054801941,0.14077281951904297,39.132906675338745,2.1698029041290283,0.07181596755981445,Ham,ACF&PACF: n_random_points=10 nb_inst_per_class=30,10,30,Rsast,ACF&PACF
5,0.7428571428571429,67.07396984100342,0.1072397232055664,63.08411169052124,3.7231593132019043,0.14846467971801758,Ham,ACF&PACF: n_random_points=10 nb_inst_per_class=50,10,50,Rsast,ACF&PACF
6,0.7714285714285715,44.3489727973938,0.07863569259643555,37.80561709403992,6.167123556137085,0.2662343978881836,Ham,ACF&PACF: n_random_points=30 nb_inst_per_class=30,30,30,Rsast,ACF&PACF
7,0.7428571428571429,73.31686186790466,0.1425929069519043,62.63020086288452,10.072439670562744,0.42333436012268066,Ham,ACF&PACF: n_random_points=30 nb_inst_per_class=50,30,50,Rsast,ACF&PACF
