,accuracy,time,cweights_time,fsubsequence_time,tdataset_time,tclassifier_time,dataset_name,classifier_name,rpoint,nb_per_class,method,len_method
0,0.98,1.6345477104187012,0.025177717208862305,0.9197378158569336,0.6233720779418945,0.05287623405456543,GunPoint,all: n_random_points=10 nb_inst_per_class=30,10,30,Rsast,all
1,0.98,1.9503841400146484,0.033730506896972656,1.1627697944641113,0.6815266609191895,0.05770063400268555,GunPoint,all: n_random_points=10 nb_inst_per_class=50,10,50,Rsast,all
2,0.98,3.6053121089935303,0.027040719985961914,1.488725185394287,1.8436017036437988,0.21115708351135254,GunPoint,all: n_random_points=30 nb_inst_per_class=30,30,30,Rsast,all
3,0.98,3.6179089546203613,0.03073287010192871,1.5748133659362793,1.751063346862793,0.2147367000579834,GunPoint,all: n_random_points=30 nb_inst_per_class=50,30,50,Rsast,all
4,0.9733333333333334,2.075784683227539,0.03020000457763672,1.8804194927215576,0.12933349609375,0.014075517654418945,GunPoint,ACF&PACF: n_random_points=10 nb_inst_per_class=30,10,30,Rsast,ACF&PACF
5,0.9733333333333334,1.8365590572357178,0.0238339900970459,1.681623935699463,0.1146702766418457,0.013367414474487305,GunPoint,ACF&PACF: n_random_points=10 nb_inst_per_class=50,10,50,Rsast,ACF&PACF
6,0.9866666666666667,2.002023696899414,0.023976802825927734,1.6663615703582764,0.279644250869751,0.026612281799316406,GunPoint,ACF&PACF: n_random_points=30 nb_inst_per_class=30,30,30,Rsast,ACF&PACF
7,0.9866666666666667,2.022592782974243,0.02387094497680664,1.7124032974243164,0.2568089962005615,0.023285865783691406,GunPoint,ACF&PACF: n_random_points=30 nb_inst_per_class=50,30,50,Rsast,ACF&PACF
