,accuracy,time,cweights_time,fsubsequence_time,tdataset_time,tclassifier_time,dataset_name,classifier_name,rpoint,nb_per_class,method,len_method
0,0.9588888888888889,0.9601733684539795,0.041345834732055664,0.6839289665222168,0.17087674140930176,0.013390302658081055,CBF,all: n_random_points=10 nb_inst_per_class=30,10,30,Rsast,all
1,0.9588888888888889,0.9842450618743896,0.031670570373535156,0.7580969333648682,0.16663384437561035,0.01926589012145996,CBF,all: n_random_points=10 nb_inst_per_class=50,10,50,Rsast,all
2,0.97,1.5327119827270508,0.030251026153564453,0.9956526756286621,0.4325876235961914,0.053067922592163086,CBF,all: n_random_points=30 nb_inst_per_class=30,30,30,Rsast,all
3,0.9711111111111111,1.814892292022705,0.04136180877685547,1.2429089546203613,0.44973111152648926,0.04989790916442871,CBF,all: n_random_points=30 nb_inst_per_class=50,30,50,Rsast,all
4,0.9888888888888889,1.4816579818725586,0.041754722595214844,1.3729557991027832,0.045950889587402344,0.00621795654296875,CBF,ACF&PACF: n_random_points=10 nb_inst_per_class=30,10,30,Rsast,ACF&PACF
5,0.99,1.061800241470337,0.039145708084106445,0.9676976203918457,0.04353165626525879,0.008651256561279297,CBF,ACF&PACF: n_random_points=10 nb_inst_per_class=50,10,50,Rsast,ACF&PACF
6,0.9888888888888889,1.0290093421936035,0.03235149383544922,0.8957479000091553,0.08522868156433105,0.012827873229980469,CBF,ACF&PACF: n_random_points=30 nb_inst_per_class=30,30,30,Rsast,ACF&PACF
7,0.9888888888888889,1.1670434474945068,0.037227630615234375,1.0221483707427979,0.08760857582092285,0.016150951385498047,CBF,ACF&PACF: n_random_points=30 nb_inst_per_class=50,30,50,Rsast,ACF&PACF
