,accuracy,time,cweights_time,fsubsequence_time,tdataset_time,tclassifier_time,dataset_name,classifier_name,rpoint,nb_per_class,method,len_method
0,0.9866666666666667,3.83506178855896,0.03192567825317383,1.5697646141052246,1.4082002639770508,0.7939023971557617,SyntheticControl,all: n_random_points=10 nb_inst_per_class=30,10,30,Rsast,all
1,1.0,6.666605472564697,0.03150320053100586,2.4567031860351562,2.322932720184326,1.7979564666748047,SyntheticControl,all: n_random_points=10 nb_inst_per_class=50,10,50,Rsast,all
2,0.9933333333333333,8.838046550750732,0.020643949508666992,2.45522403717041,3.1762166023254395,3.099130153656006,SyntheticControl,all: n_random_points=30 nb_inst_per_class=30,30,30,Rsast,all
3,0.99,12.4661545753479,0.01760077476501465,2.984466075897217,4.431268692016602,4.903864622116089,SyntheticControl,all: n_random_points=30 nb_inst_per_class=50,30,50,Rsast,all
4,0.97,1.303135633468628,0.02148294448852539,0.8593339920043945,0.30157971382141113,0.06988692283630371,SyntheticControl,ACF&PACF: n_random_points=10 nb_inst_per_class=30,10,30,Rsast,ACF&PACF
5,0.9733333333333334,1.7618587017059326,0.025646686553955078,1.1899137496948242,0.4001901149749756,0.13999009132385254,SyntheticControl,ACF&PACF: n_random_points=10 nb_inst_per_class=50,10,50,Rsast,ACF&PACF
6,0.9766666666666667,1.773831844329834,0.01776862144470215,0.8277044296264648,0.6624372005462646,0.2556314468383789,SyntheticControl,ACF&PACF: n_random_points=30 nb_inst_per_class=30,30,30,Rsast,ACF&PACF
7,0.9733333333333334,2.92364239692688,0.019417524337768555,1.392784595489502,0.9882025718688965,0.5008924007415771,SyntheticControl,ACF&PACF: n_random_points=30 nb_inst_per_class=50,30,50,Rsast,ACF&PACF
