,accuracy,time,cweights_time,fsubsequence_time,tdataset_time,tclassifier_time,dataset_name,classifier_name,rpoint,nb_per_class,method,len_method
0,0.9722222222222222,1.1488807201385498,0.035392045974731445,0.7241377830505371,0.34981536865234375,0.030594348907470703,UMD,all: n_random_points=10 nb_inst_per_class=30,10,30,Rsast,all
1,0.9722222222222222,1.504772424697876,0.06291627883911133,1.0441722869873047,0.34074974060058594,0.034549713134765625,UMD,all: n_random_points=10 nb_inst_per_class=50,10,50,Rsast,all
2,0.9722222222222222,2.8182520866394043,0.06329727172851562,1.618607997894287,0.991940975189209,0.1127316951751709,UMD,all: n_random_points=30 nb_inst_per_class=30,30,30,Rsast,all
3,0.9722222222222222,2.1889116764068604,0.03755760192871094,1.0501775741577148,0.9552500247955322,0.10560297966003418,UMD,all: n_random_points=30 nb_inst_per_class=50,30,50,Rsast,all
4,0.9791666666666666,1.6226146221160889,0.03892993927001953,1.4789228439331055,0.07867097854614258,0.005391120910644531,UMD,ACF&PACF: n_random_points=10 nb_inst_per_class=30,10,30,Rsast,ACF&PACF
5,0.9791666666666666,1.4633018970489502,0.02826690673828125,1.345242977142334,0.0732889175415039,0.014416694641113281,UMD,ACF&PACF: n_random_points=10 nb_inst_per_class=50,10,50,Rsast,ACF&PACF
6,0.9791666666666666,1.5629167556762695,0.035187721252441406,1.302661418914795,0.20263051986694336,0.018212556838989258,UMD,ACF&PACF: n_random_points=30 nb_inst_per_class=30,30,30,Rsast,ACF&PACF
7,0.9791666666666666,2.0142111778259277,0.0353550910949707,1.7536289691925049,0.20307207107543945,0.016172409057617188,UMD,ACF&PACF: n_random_points=30 nb_inst_per_class=50,30,50,Rsast,ACF&PACF
