,accuracy,time,cweights_time,fsubsequence_time,tdataset_time,tclassifier_time,dataset_name,classifier_name,rpoint,nb_per_class,method,len_method
0,1.0,3.2300381660461426,0.09558439254760742,1.9308316707611084,1.1242141723632812,0.04290580749511719,Coffee,all: n_random_points=10 nb_inst_per_class=30,10,30,Rsast,all
1,1.0,2.945998430252075,0.07842707633972168,1.7456820011138916,1.0587589740753174,0.03525543212890625,Coffee,all: n_random_points=10 nb_inst_per_class=50,10,50,Rsast,all
2,1.0,5.303553104400635,0.0790255069732666,2.1996347904205322,2.857182502746582,0.1302194595336914,Coffee,all: n_random_points=30 nb_inst_per_class=30,30,30,Rsast,all
3,1.0,5.144790887832642,0.06606674194335938,2.0915098190307617,2.7961277961730957,0.13209176063537598,Coffee,all: n_random_points=30 nb_inst_per_class=50,30,50,Rsast,all
4,1.0,7.229917526245117,0.07862091064453125,6.894962310791016,0.2148299217224121,0.005884885787963867,Coffee,ACF&PACF: n_random_points=10 nb_inst_per_class=30,10,30,Rsast,ACF&PACF
5,1.0,6.479116439819336,0.04521751403808594,6.211880922317505,0.20876240730285645,0.005828857421875,Coffee,ACF&PACF: n_random_points=10 nb_inst_per_class=50,10,50,Rsast,ACF&PACF
6,1.0,6.676874876022339,0.04551196098327637,6.062612056732178,0.5440518856048584,0.01679706573486328,Coffee,ACF&PACF: n_random_points=30 nb_inst_per_class=30,30,30,Rsast,ACF&PACF
7,1.0,6.838202476501465,0.0455479621887207,6.2800774574279785,0.48541855812072754,0.016190290451049805,Coffee,ACF&PACF: n_random_points=30 nb_inst_per_class=50,30,50,Rsast,ACF&PACF
