,accuracy,time,cweights_time,fsubsequence_time,tdataset_time,tclassifier_time,dataset_name,classifier_name,rpoint,nb_per_class,method,len_method
0,0.9687719298245614,13.91288423538208,0.09923386573791504,3.7949419021606445,8.729821681976318,1.2245121002197266,FreezerRegularTrain,all: n_random_points=10 nb_inst_per_class=30,10,30,Rsast,all
1,0.9859649122807017,20.176841735839844,0.09111309051513672,4.351135492324829,13.602368116378784,2.0534794330596924,FreezerRegularTrain,all: n_random_points=10 nb_inst_per_class=50,10,50,Rsast,all
2,0.9810526315789474,31.477365016937256,0.06056690216064453,4.158998727798462,23.932036638259888,3.1868271827697754,FreezerRegularTrain,all: n_random_points=30 nb_inst_per_class=30,30,30,Rsast,all
3,0.983859649122807,51.054203748703,0.05140972137451172,6.520219087600708,38.86508083343506,5.412885665893555,FreezerRegularTrain,all: n_random_points=30 nb_inst_per_class=50,30,50,Rsast,all
4,0.976140350877193,13.917304277420044,0.05234098434448242,12.99921441078186,0.7259271144866943,0.05197310447692871,FreezerRegularTrain,ACF&PACF: n_random_points=10 nb_inst_per_class=30,10,30,Rsast,ACF&PACF
5,0.9754385964912281,23.68582558631897,0.10131072998046875,22.402621030807495,1.0987334251403809,0.07535862922668457,FreezerRegularTrain,ACF&PACF: n_random_points=10 nb_inst_per_class=50,10,50,Rsast,ACF&PACF
6,0.9771929824561404,16.250725030899048,0.09968852996826172,13.867228269577026,2.072741746902466,0.20212197303771973,FreezerRegularTrain,ACF&PACF: n_random_points=30 nb_inst_per_class=30,30,30,Rsast,ACF&PACF
7,0.9747368421052631,27.177786111831665,0.10072851181030273,23.333852291107178,3.286956548690796,0.4245784282684326,FreezerRegularTrain,ACF&PACF: n_random_points=30 nb_inst_per_class=50,30,50,Rsast,ACF&PACF
