,accuracy,time,cweights_time,fsubsequence_time,tdataset_time,tclassifier_time,dataset_name,classifier_name,rpoint,nb_per_class,method,len_method
0,0.9702702702702702,22.874017238616943,0.11210131645202637,2.653312921524048,16.813363790512085,3.236835241317749,Strawberry,all: n_random_points=10 nb_inst_per_class=30,10,30,Rsast,all
1,0.9702702702702702,36.295507192611694,0.11117744445800781,3.7929294109344482,27.481977701187134,4.815506458282471,Strawberry,all: n_random_points=10 nb_inst_per_class=50,10,50,Rsast,all
2,0.9675675675675676,58.273115158081055,0.11282801628112793,3.539226770401001,47.26163291931152,7.1539623737335205,Strawberry,all: n_random_points=30 nb_inst_per_class=30,30,30,Rsast,all
3,0.9675675675675676,93.80644226074219,0.11065411567687988,5.523741245269775,77.5846495628357,10.330255270004272,Strawberry,all: n_random_points=30 nb_inst_per_class=50,30,50,Rsast,all
4,0.9567567567567568,13.662054538726807,0.10854315757751465,10.58747911453247,2.4778635501861572,0.35791563987731934,Strawberry,ACF&PACF: n_random_points=10 nb_inst_per_class=30,10,30,Rsast,ACF&PACF
5,0.972972972972973,16.684938430786133,0.07072091102600098,12.838821411132812,3.324632167816162,0.4329221248626709,Strawberry,ACF&PACF: n_random_points=10 nb_inst_per_class=50,10,50,Rsast,ACF&PACF
6,0.9675675675675676,14.773471117019653,0.05986809730529785,7.262011528015137,6.377460241317749,1.0438411235809326,Strawberry,ACF&PACF: n_random_points=30 nb_inst_per_class=30,30,30,Rsast,ACF&PACF
7,0.9702702702702702,24.128573894500732,0.10132026672363281,12.10450267791748,10.048843145370483,1.8313493728637695,Strawberry,ACF&PACF: n_random_points=30 nb_inst_per_class=50,30,50,Rsast,ACF&PACF
