,accuracy,time,cweights_time,fsubsequence_time,tdataset_time,tclassifier_time,dataset_name,classifier_name,rpoint,nb_per_class,method,len_method
0,0.7938144329896907,3.775036096572876,0.027548789978027344,0.8261945247650146,1.9696588516235352,0.9296631813049316,MiddlePhalanxOutlineCorrect,all: n_random_points=10 nb_inst_per_class=30,10,30,Rsast,all
1,0.7869415807560137,5.460638999938965,0.026528596878051758,1.1290807723999023,2.696023464202881,1.5763401985168457,MiddlePhalanxOutlineCorrect,all: n_random_points=10 nb_inst_per_class=50,10,50,Rsast,all
2,0.7938144329896907,7.418185472488403,0.02146291732788086,0.8949503898620605,3.9062275886535645,2.5467026233673096,MiddlePhalanxOutlineCorrect,all: n_random_points=30 nb_inst_per_class=30,30,30,Rsast,all
3,0.7697594501718213,11.7105712890625,0.021518468856811523,1.4392404556274414,6.0466039180755615,4.124840259552002,MiddlePhalanxOutlineCorrect,all: n_random_points=30 nb_inst_per_class=50,30,50,Rsast,all
4,0.7800687285223368,1.5627765655517578,0.03182649612426758,0.8406174182891846,0.4344456195831299,0.22939491271972656,MiddlePhalanxOutlineCorrect,ACF&PACF: n_random_points=10 nb_inst_per_class=30,10,30,Rsast,ACF&PACF
5,0.7697594501718213,1.8899867534637451,0.03315544128417969,1.0842852592468262,0.47121310234069824,0.2969677448272705,MiddlePhalanxOutlineCorrect,ACF&PACF: n_random_points=10 nb_inst_per_class=50,10,50,Rsast,ACF&PACF
6,0.7938144329896907,1.952214002609253,0.01777815818786621,0.5564579963684082,0.8626837730407715,0.5123391151428223,MiddlePhalanxOutlineCorrect,ACF&PACF: n_random_points=30 nb_inst_per_class=30,30,30,Rsast,ACF&PACF
7,0.7731958762886598,2.618638515472412,0.022279977798461914,0.967076301574707,1.1237483024597168,0.4997596740722656,MiddlePhalanxOutlineCorrect,ACF&PACF: n_random_points=30 nb_inst_per_class=50,30,50,Rsast,ACF&PACF
