,accuracy,time,cweights_time,fsubsequence_time,tdataset_time,tclassifier_time,dataset_name,classifier_name,rpoint,nb_per_class,method,len_method
0,0.87,1.3510057926177979,0.018252134323120117,0.6610682010650635,0.5446770191192627,0.11905503273010254,ECG200,all: n_random_points=10 nb_inst_per_class=30,10,30,Rsast,all
1,0.88,2.0361592769622803,0.019515037536621094,1.0081079006195068,0.851848840713501,0.14441990852355957,ECG200,all: n_random_points=10 nb_inst_per_class=50,10,50,Rsast,all
2,0.87,3.7990610599517822,0.028705120086669922,1.6200752258300781,1.5418550968170166,0.5715372562408447,ECG200,all: n_random_points=30 nb_inst_per_class=30,30,30,Rsast,all
3,0.89,4.057408571243286,0.023398160934448242,1.6633822917938232,1.8585340976715088,0.45993638038635254,ECG200,all: n_random_points=30 nb_inst_per_class=50,30,50,Rsast,all
4,0.89,0.9907348155975342,0.02091193199157715,0.7980811595916748,0.13440990447998047,0.016831636428833008,ECG200,ACF&PACF: n_random_points=10 nb_inst_per_class=30,10,30,Rsast,ACF&PACF
5,0.9,1.0790293216705322,0.016605377197265625,0.9125299453735352,0.128798246383667,0.01804375648498535,ECG200,ACF&PACF: n_random_points=10 nb_inst_per_class=50,10,50,Rsast,ACF&PACF
6,0.89,1.0237829685211182,0.01631617546081543,0.7236011028289795,0.24993062019348145,0.030430316925048828,ECG200,ACF&PACF: n_random_points=30 nb_inst_per_class=30,30,30,Rsast,ACF&PACF
7,0.9,1.4147098064422607,0.01624321937561035,1.0615463256835938,0.2785983085632324,0.05251789093017578,ECG200,ACF&PACF: n_random_points=30 nb_inst_per_class=50,30,50,Rsast,ACF&PACF
