,accuracy,time,cweights_time,fsubsequence_time,tdataset_time,tclassifier_time,dataset_name,classifier_name,rpoint,nb_per_class,method,len_method
0,0.7282608695652174,3.5438570976257324,0.02068948745727539,0.6071913242340088,2.031475305557251,0.8663191795349121,DistalPhalanxOutlineCorrect,all: n_random_points=10 nb_inst_per_class=30,10,30,Rsast,all
1,0.7427536231884058,5.614992618560791,0.024543285369873047,1.2068006992340088,2.772756814956665,1.5786068439483643,DistalPhalanxOutlineCorrect,all: n_random_points=10 nb_inst_per_class=50,10,50,Rsast,all
2,0.6992753623188406,7.16999363899231,0.01840972900390625,0.811708927154541,3.8209054470062256,2.478208303451538,DistalPhalanxOutlineCorrect,all: n_random_points=30 nb_inst_per_class=30,30,30,Rsast,all
3,0.6992753623188406,11.74552321434021,0.01786351203918457,1.3472909927368164,6.105437278747559,4.204021692276001,DistalPhalanxOutlineCorrect,all: n_random_points=30 nb_inst_per_class=50,30,50,Rsast,all
4,0.7065217391304348,0.9857940673828125,0.017971277236938477,0.4566836357116699,0.3322024345397949,0.14873480796813965,DistalPhalanxOutlineCorrect,ACF&PACF: n_random_points=10 nb_inst_per_class=30,10,30,Rsast,ACF&PACF
5,0.6992753623188406,1.5054152011871338,0.017668962478637695,0.7622008323669434,0.47223758697509766,0.2508533000946045,DistalPhalanxOutlineCorrect,ACF&PACF: n_random_points=10 nb_inst_per_class=50,10,50,Rsast,ACF&PACF
6,0.717391304347826,1.6717231273651123,0.017715930938720703,0.5004651546478271,0.8012857437133789,0.3487269878387451,DistalPhalanxOutlineCorrect,ACF&PACF: n_random_points=30 nb_inst_per_class=30,30,30,Rsast,ACF&PACF
7,0.7210144927536232,3.2645108699798584,0.020584583282470703,1.2547523975372314,1.3683502674102783,0.6143312454223633,DistalPhalanxOutlineCorrect,ACF&PACF: n_random_points=30 nb_inst_per_class=50,30,50,Rsast,ACF&PACF
