,accuracy,time,cweights_time,fsubsequence_time,tdataset_time,tclassifier_time,dataset_name,classifier_name,rpoint,nb_per_class,method,len_method
0,0.9,28.46254587173462,0.23784375190734863,7.562532901763916,20.163753509521484,0.4223814010620117,Car,all: n_random_points=10 nb_inst_per_class=30,10,30,Rsast,all
1,0.9,28.152872800827026,0.2513606548309326,6.88568902015686,20.41239905357361,0.47286391258239746,Car,all: n_random_points=10 nb_inst_per_class=50,10,50,Rsast,all
2,0.9,69.57225561141968,0.25768256187438965,10.783602476119995,57.20213603973389,1.1586494445800781,Car,all: n_random_points=30 nb_inst_per_class=30,30,30,Rsast,all
3,0.9,70.42004752159119,0.21141266822814941,9.735131740570068,59.075125217437744,1.1916372776031494,Car,all: n_random_points=30 nb_inst_per_class=50,30,50,Rsast,all
4,0.8333333333333334,135.3500781059265,0.23122000694274902,131.97051429748535,2.900362730026245,0.07122659683227539,Car,ACF&PACF: n_random_points=10 nb_inst_per_class=30,10,30,Rsast,ACF&PACF
5,0.8333333333333334,139.03994703292847,0.17967557907104492,135.76490187644958,3.037132978439331,0.0436861515045166,Car,ACF&PACF: n_random_points=10 nb_inst_per_class=50,10,50,Rsast,ACF&PACF
6,0.8333333333333334,159.58368492126465,0.2394096851348877,150.55259442329407,8.575689792633057,0.18607258796691895,Car,ACF&PACF: n_random_points=30 nb_inst_per_class=30,30,30,Rsast,ACF&PACF
7,0.8333333333333334,153.13875102996826,0.1653916835784912,144.48380661010742,8.247909307479858,0.1763772964477539,Car,ACF&PACF: n_random_points=30 nb_inst_per_class=50,30,50,Rsast,ACF&PACF
