,accuracy,time,cweights_time,fsubsequence_time,tdataset_time,tclassifier_time,dataset_name,classifier_name,rpoint,nb_per_class,method,len_method
0,0.6330935251798561,6.633423566818237,0.0357356071472168,2.011735677719116,3.006124496459961,1.5374109745025635,DistalPhalanxTW,all: n_random_points=10 nb_inst_per_class=30,10,30,Rsast,all
1,0.6330935251798561,7.688683748245239,0.03597664833068848,2.2377982139587402,3.458465099334717,1.8895645141601562,DistalPhalanxTW,all: n_random_points=10 nb_inst_per_class=50,10,50,Rsast,all
2,0.6258992805755396,14.194313049316406,0.03110647201538086,2.2646191120147705,6.3467137813568115,5.431972503662109,DistalPhalanxTW,all: n_random_points=30 nb_inst_per_class=30,30,30,Rsast,all
3,0.6330935251798561,18.504377126693726,0.032326459884643555,2.851815700531006,8.32052731513977,7.149215221405029,DistalPhalanxTW,all: n_random_points=30 nb_inst_per_class=50,30,50,Rsast,all
4,0.6258992805755396,2.250530481338501,0.03802132606506348,1.4742059707641602,0.4928627014160156,0.20023012161254883,DistalPhalanxTW,ACF&PACF: n_random_points=10 nb_inst_per_class=30,10,30,Rsast,ACF&PACF
5,0.6115107913669064,2.6676249504089355,0.025238037109375,1.8140921592712402,0.6032078266143799,0.21970009803771973,DistalPhalanxTW,ACF&PACF: n_random_points=10 nb_inst_per_class=50,10,50,Rsast,ACF&PACF
6,0.6187050359712231,3.2928996086120605,0.03067779541015625,1.4847822189331055,1.2747578620910645,0.483257532119751,DistalPhalanxTW,ACF&PACF: n_random_points=30 nb_inst_per_class=30,30,30,Rsast,ACF&PACF
7,0.6187050359712231,3.9313008785247803,0.02850174903869629,1.7410805225372314,1.539322853088379,0.5951535701751709,DistalPhalanxTW,ACF&PACF: n_random_points=30 nb_inst_per_class=50,30,50,Rsast,ACF&PACF
