,accuracy,time,cweights_time,fsubsequence_time,tdataset_time,tclassifier_time,dataset_name,classifier_name,rpoint,nb_per_class,method,len_method
0,0.8666666666666667,0.6494529247283936,0.024847030639648438,0.44501352310180664,0.15607595443725586,0.01803278923034668,BME,all: n_random_points=10 nb_inst_per_class=30,10,30,Rsast,all
1,0.8666666666666667,1.0831878185272217,0.05294466018676758,0.8294980525970459,0.16837406158447266,0.022448062896728516,BME,all: n_random_points=10 nb_inst_per_class=50,10,50,Rsast,all
2,0.8733333333333333,1.5981223583221436,0.040909767150878906,1.054685115814209,0.42913055419921875,0.05267047882080078,BME,all: n_random_points=30 nb_inst_per_class=30,30,30,Rsast,all
3,0.8733333333333333,1.4981226921081543,0.03357100486755371,0.9104228019714355,0.4732027053833008,0.05540871620178223,BME,all: n_random_points=30 nb_inst_per_class=50,30,50,Rsast,all
4,0.8266666666666667,0.9717464447021484,0.041469573974609375,0.8639857769012451,0.04209637641906738,0.007912397384643555,BME,ACF&PACF: n_random_points=10 nb_inst_per_class=30,10,30,Rsast,ACF&PACF
5,0.84,0.9288744926452637,0.03976559638977051,0.833817720413208,0.04713630676269531,0.005697011947631836,BME,ACF&PACF: n_random_points=10 nb_inst_per_class=50,10,50,Rsast,ACF&PACF
6,0.8266666666666667,0.9098505973815918,0.029712677001953125,0.7587313652038574,0.10754656791687012,0.01200556755065918,BME,ACF&PACF: n_random_points=30 nb_inst_per_class=30,30,30,Rsast,ACF&PACF
7,0.84,0.9052410125732422,0.023323774337768555,0.7692852020263672,0.09539484977722168,0.01330423355102539,BME,ACF&PACF: n_random_points=30 nb_inst_per_class=50,30,50,Rsast,ACF&PACF
