,accuracy,time,cweights_time,fsubsequence_time,tdataset_time,tclassifier_time,dataset_name,classifier_name,rpoint,nb_per_class,method,len_method
0,0.9428888888888889,12.024081945419312,0.07739496231079102,2.8661458492279053,6.539536237716675,2.4781532287597656,ECG5000,all: n_random_points=10 nb_inst_per_class=30,10,30,Rsast,all
1,0.9402222222222222,16.095054864883423,0.06566047668457031,2.251945972442627,8.710193872451782,5.006425857543945,ECG5000,all: n_random_points=10 nb_inst_per_class=50,10,50,Rsast,all
2,0.9415555555555556,26.20432162284851,0.06266140937805176,2.4899439811706543,16.102317810058594,7.442462205886841,ECG5000,all: n_random_points=30 nb_inst_per_class=30,30,30,Rsast,all
3,0.9413333333333334,39.423534870147705,0.041162729263305664,3.3399951457977295,22.63596773147583,13.22111439704895,ECG5000,all: n_random_points=30 nb_inst_per_class=50,30,50,Rsast,all
4,0.9397777777777778,4.614816188812256,0.04101085662841797,2.682488441467285,1.4968101978302002,0.3399851322174072,ECG5000,ACF&PACF: n_random_points=10 nb_inst_per_class=30,10,30,Rsast,ACF&PACF
5,0.9393333333333334,6.543619394302368,0.0624544620513916,3.866469144821167,2.0541532039642334,0.5468289852142334,ECG5000,ACF&PACF: n_random_points=10 nb_inst_per_class=50,10,50,Rsast,ACF&PACF
6,0.9384444444444444,7.39857816696167,0.04486560821533203,2.7316513061523438,3.578909158706665,1.017613410949707,ECG5000,ACF&PACF: n_random_points=30 nb_inst_per_class=30,30,30,Rsast,ACF&PACF
7,0.9404444444444444,11.073602676391602,0.07882833480834961,4.607952117919922,4.885730028152466,1.4598896503448486,ECG5000,ACF&PACF: n_random_points=30 nb_inst_per_class=50,30,50,Rsast,ACF&PACF
