,accuracy,time,cweights_time,fsubsequence_time,tdataset_time,tclassifier_time,dataset_name,classifier_name,rpoint,nb_per_class,method,len_method
0,0.7157894736842105,9.425716638565063,0.08415913581848145,2.4823641777038574,4.34903883934021,2.462602376937866,MedicalImages,all: n_random_points=10 nb_inst_per_class=30,10,30,Rsast,all
1,0.7026315789473684,11.8609778881073,0.05496335029602051,3.206651210784912,4.910287618637085,3.6192359924316406,MedicalImages,all: n_random_points=10 nb_inst_per_class=50,10,50,Rsast,all
2,0.7157894736842105,22.691339254379272,0.05936002731323242,3.177704095840454,11.234750509262085,8.093042373657227,MedicalImages,all: n_random_points=30 nb_inst_per_class=30,30,30,Rsast,all
3,0.7065789473684211,26.638959884643555,0.07617330551147461,4.573127269744873,12.526927947998047,9.238248586654663,MedicalImages,all: n_random_points=30 nb_inst_per_class=50,30,50,Rsast,all
4,0.6394736842105263,3.915278911590576,0.07674789428710938,2.7369863986968994,0.7402572631835938,0.285003662109375,MedicalImages,ACF&PACF: n_random_points=10 nb_inst_per_class=30,10,30,Rsast,ACF&PACF
5,0.6394736842105263,4.514738321304321,0.059868812561035156,3.0948338508605957,1.0303370952606201,0.32219672203063965,MedicalImages,ACF&PACF: n_random_points=10 nb_inst_per_class=50,10,50,Rsast,ACF&PACF
6,0.6434210526315789,5.42436957359314,0.04371356964111328,2.3508849143981934,2.2175655364990234,0.7914628982543945,MedicalImages,ACF&PACF: n_random_points=30 nb_inst_per_class=30,30,30,Rsast,ACF&PACF
7,0.6539473684210526,7.434693098068237,0.059847354888916016,3.849137783050537,2.5610525608062744,0.9261429309844971,MedicalImages,ACF&PACF: n_random_points=30 nb_inst_per_class=50,30,50,Rsast,ACF&PACF
