,accuracy,time,cweights_time,fsubsequence_time,tdataset_time,tclassifier_time,dataset_name,classifier_name,rpoint,nb_per_class,method,len_method
0,0.7482014388489209,84.40257000923157,0.13591861724853516,6.254640102386475,73.73443055152893,4.176344633102417,Earthquakes,all: n_random_points=10 nb_inst_per_class=30,10,30,Rsast,all
1,0.7482014388489209,139.36253428459167,0.2466599941253662,12.063371419906616,120.20497965812683,6.654860019683838,Earthquakes,all: n_random_points=10 nb_inst_per_class=50,10,50,Rsast,all
2,0.7410071942446043,237.7868824005127,0.23447012901306152,8.583720684051514,217.40892362594604,11.254946231842041,Earthquakes,all: n_random_points=30 nb_inst_per_class=30,30,30,Rsast,all
3,0.7482014388489209,384.19199681282043,0.23087859153747559,13.60300064086914,355.6428003311157,14.413468360900879,Earthquakes,all: n_random_points=30 nb_inst_per_class=50,30,50,Rsast,all
4,0.7266187050359713,81.4235851764679,0.24084115028381348,72.71044254302979,7.899083137512207,0.23613953590393066,Earthquakes,ACF&PACF: n_random_points=10 nb_inst_per_class=30,10,30,Rsast,ACF&PACF
5,0.7482014388489209,129.30357933044434,0.1560978889465332,115.51425790786743,13.271778583526611,0.3370969295501709,Earthquakes,ACF&PACF: n_random_points=10 nb_inst_per_class=50,10,50,Rsast,ACF&PACF
6,0.7482014388489209,96.03344368934631,0.13020753860473633,72.13634538650513,22.939655542373657,0.7866795063018799,Earthquakes,ACF&PACF: n_random_points=30 nb_inst_per_class=30,30,30,Rsast,ACF&PACF
7,0.7482014388489209,156.34302186965942,0.22980952262878418,116.7171676158905,37.996174812316895,1.3563103675842285,Earthquakes,ACF&PACF: n_random_points=30 nb_inst_per_class=50,30,50,Rsast,ACF&PACF
