,accuracy,time,cweights_time,fsubsequence_time,tdataset_time,tclassifier_time,dataset_name,classifier_name,rpoint,nb_per_class,method,len_method
0,0.8114583333333333,14.04823350906372,0.07664299011230469,3.0466928482055664,8.306642293930054,2.5594892501831055,ChlorineConcentration,all: n_random_points=10 nb_inst_per_class=30,10,30,Rsast,all
1,0.8203125,21.5734441280365,0.07725048065185547,3.641026496887207,13.198743343353271,4.552978992462158,ChlorineConcentration,all: n_random_points=10 nb_inst_per_class=50,10,50,Rsast,all
2,0.8075520833333333,32.84981966018677,0.07633090019226074,3.6343629360198975,22.43708348274231,6.51955771446228,ChlorineConcentration,all: n_random_points=30 nb_inst_per_class=30,30,30,Rsast,all
3,0.81328125,56.5045530796051,0.07887148857116699,5.266520977020264,36.273032903671265,14.671929597854614,ChlorineConcentration,all: n_random_points=30 nb_inst_per_class=50,30,50,Rsast,all
4,0.7893229166666667,5.6902337074279785,0.06931304931640625,4.024024963378906,1.2935688495635986,0.1866471767425537,ChlorineConcentration,ACF&PACF: n_random_points=10 nb_inst_per_class=30,10,30,Rsast,ACF&PACF
5,0.8072916666666666,8.81682801246643,0.07459688186645508,6.600615501403809,1.819152593612671,0.31094813346862793,ChlorineConcentration,ACF&PACF: n_random_points=10 nb_inst_per_class=50,10,50,Rsast,ACF&PACF
6,0.8020833333333334,8.56167459487915,0.0860450267791748,4.472777366638184,3.357299566268921,0.6211943626403809,ChlorineConcentration,ACF&PACF: n_random_points=30 nb_inst_per_class=30,30,30,Rsast,ACF&PACF
7,0.8140625,13.84288215637207,0.07509708404541016,7.043842077255249,5.385710716247559,1.2818069458007812,ChlorineConcentration,ACF&PACF: n_random_points=30 nb_inst_per_class=50,30,50,Rsast,ACF&PACF
