,accuracy,time,cweights_time,fsubsequence_time,tdataset_time,tclassifier_time,dataset_name,classifier_name,rpoint,nb_per_class,method,len_method
0,0.512987012987013,6.873867988586426,0.029993295669555664,1.853085994720459,2.9161598682403564,2.0306344032287598,MiddlePhalanxTW,all: n_random_points=10 nb_inst_per_class=30,10,30,Rsast,all
1,0.512987012987013,9.275391101837158,0.04272127151489258,2.570406675338745,3.7240233421325684,2.8693056106567383,MiddlePhalanxTW,all: n_random_points=10 nb_inst_per_class=50,10,50,Rsast,all
2,0.4935064935064935,14.367956399917603,0.03209733963012695,2.359212636947632,6.69121241569519,5.1802263259887695,MiddlePhalanxTW,all: n_random_points=30 nb_inst_per_class=30,30,30,Rsast,all
3,0.4935064935064935,19.08964991569519,0.03497672080993652,3.3134546279907227,8.757405281066895,6.813209295272827,MiddlePhalanxTW,all: n_random_points=30 nb_inst_per_class=50,30,50,Rsast,all
4,0.525974025974026,2.171989917755127,0.0315556526184082,1.4510128498077393,0.4901700019836426,0.15744233131408691,MiddlePhalanxTW,ACF&PACF: n_random_points=10 nb_inst_per_class=30,10,30,Rsast,ACF&PACF
5,0.5324675324675324,2.8027291297912598,0.025429964065551758,1.8329246044158936,0.6612327098846436,0.2782316207885742,MiddlePhalanxTW,ACF&PACF: n_random_points=10 nb_inst_per_class=50,10,50,Rsast,ACF&PACF
6,0.525974025974026,3.327868700027466,0.025515317916870117,1.4630932807922363,1.3325273990631104,0.48852062225341797,MiddlePhalanxTW,ACF&PACF: n_random_points=30 nb_inst_per_class=30,30,30,Rsast,ACF&PACF
7,0.525974025974026,5.040275573730469,0.04711270332336426,2.3769779205322266,1.7821009159088135,0.8029448986053467,MiddlePhalanxTW,ACF&PACF: n_random_points=30 nb_inst_per_class=50,30,50,Rsast,ACF&PACF
