,accuracy,time,cweights_time,fsubsequence_time,tdataset_time,tclassifier_time,dataset_name,classifier_name,rpoint,nb_per_class,method,len_method
0,0.9824561403508771,14.02822756767273,0.10030150413513184,4.095363140106201,8.671449661254883,1.096034049987793,FreezerRegularTrain,all: n_random_points=10 nb_inst_per_class=30,10,30,Rsast,all
1,0.9849122807017544,21.867945432662964,0.09779810905456543,5.431151628494263,14.05260968208313,2.1906535625457764,FreezerRegularTrain,all: n_random_points=10 nb_inst_per_class=50,10,50,Rsast,all
2,0.9828070175438597,33.407206296920776,0.06839299201965332,4.209094524383545,24.840829372406006,4.17218804359436,FreezerRegularTrain,all: n_random_points=30 nb_inst_per_class=30,30,30,Rsast,all
3,0.9810526315789474,50.48150038719177,0.05122017860412598,6.4953293800354,38.39434623718262,5.376274824142456,FreezerRegularTrain,all: n_random_points=30 nb_inst_per_class=50,30,50,Rsast,all
4,0.9747368421052631,14.702033281326294,0.05233335494995117,13.736820936203003,0.7655575275421143,0.06065201759338379,FreezerRegularTrain,ACF&PACF: n_random_points=10 nb_inst_per_class=30,10,30,Rsast,ACF&PACF
5,0.9792982456140351,23.274202346801758,0.1011040210723877,21.924288034439087,1.1438517570495605,0.09819364547729492,FreezerRegularTrain,ACF&PACF: n_random_points=10 nb_inst_per_class=50,10,50,Rsast,ACF&PACF
6,0.9775438596491228,18.911354541778564,0.10105299949645996,16.38106894493103,2.162919044494629,0.24912071228027344,FreezerRegularTrain,ACF&PACF: n_random_points=30 nb_inst_per_class=30,30,30,Rsast,ACF&PACF
7,0.9733333333333334,26.666168928146362,0.10058712959289551,22.689834117889404,3.3109679222106934,0.5246243476867676,FreezerRegularTrain,ACF&PACF: n_random_points=30 nb_inst_per_class=50,30,50,Rsast,ACF&PACF
