,accuracy,time,cweights_time,fsubsequence_time,tdataset_time,tclassifier_time,dataset_name,classifier_name,rpoint,nb_per_class,method,len_method
0,0.7804733727810651,36.35301947593689,0.1274716854095459,6.383224248886108,22.534691095352173,7.107337236404419,FaceAll,all: n_random_points=10 nb_inst_per_class=30,10,30,Rsast,all
1,0.778698224852071,47.30675506591797,0.08864259719848633,8.378580570220947,29.311785459518433,9.210454940795898,FaceAll,all: n_random_points=10 nb_inst_per_class=50,10,50,Rsast,all
2,0.7763313609467456,90.32569766044617,0.07152891159057617,9.781955242156982,64.36747932434082,15.758718252182007,FaceAll,all: n_random_points=30 nb_inst_per_class=30,30,30,Rsast,all
3,0.7751479289940828,116.37592959403992,0.07190537452697754,13.087093591690063,82.55661845207214,20.064005374908447,FaceAll,all: n_random_points=30 nb_inst_per_class=50,30,50,Rsast,all
4,0.7834319526627219,16.885456323623657,0.07221627235412598,10.915583610534668,4.43651008605957,1.1186354160308838,FaceAll,ACF&PACF: n_random_points=10 nb_inst_per_class=30,10,30,Rsast,ACF&PACF
5,0.7822485207100591,21.419738054275513,0.13849329948425293,14.514066219329834,4.9714741706848145,1.7446589469909668,FaceAll,ACF&PACF: n_random_points=10 nb_inst_per_class=50,10,50,Rsast,ACF&PACF
6,0.7828402366863906,25.930057764053345,0.11243486404418945,11.406992435455322,10.763108730316162,3.5423636436462402,FaceAll,ACF&PACF: n_random_points=30 nb_inst_per_class=30,30,30,Rsast,ACF&PACF
7,0.7834319526627219,33.570862770080566,0.13930273056030273,13.794923305511475,14.362884759902954,5.152164936065674,FaceAll,ACF&PACF: n_random_points=30 nb_inst_per_class=50,30,50,Rsast,ACF&PACF
