,accuracy,time,cweights_time,fsubsequence_time,tdataset_time,tclassifier_time,dataset_name,classifier_name,rpoint,nb_per_class,method,len_method
0,0.863588667366212,0.4042849540710449,0.01906871795654297,0.3435969352722168,0.030243396759033203,0.008476734161376953,SonyAIBORobotSurface2,all: n_random_points=10 nb_inst_per_class=30,10,30,Rsast,all
1,0.8614900314795383,0.4473762512207031,0.019728660583496094,0.35698843002319336,0.05342364311218262,0.01045083999633789,SonyAIBORobotSurface2,all: n_random_points=10 nb_inst_per_class=50,10,50,Rsast,all
2,0.863588667366212,0.6746582984924316,0.019802093505859375,0.5487213134765625,0.07768750190734863,0.02060079574584961,SonyAIBORobotSurface2,all: n_random_points=30 nb_inst_per_class=30,30,30,Rsast,all
3,0.8646379853095488,0.681236743927002,0.019056320190429688,0.5462090969085693,0.08069157600402832,0.02239370346069336,SonyAIBORobotSurface2,all: n_random_points=30 nb_inst_per_class=50,30,50,Rsast,all
4,0.912906610703043,0.25002169609069824,0.01860356330871582,0.20371437072753906,0.014525413513183594,0.0039806365966796875,SonyAIBORobotSurface2,ACF&PACF: n_random_points=10 nb_inst_per_class=30,10,30,Rsast,ACF&PACF
5,0.9118572927597062,0.23280906677246094,0.01927661895751953,0.19359683990478516,0.014672040939331055,0.0040662288665771484,SonyAIBORobotSurface2,ACF&PACF: n_random_points=10 nb_inst_per_class=50,10,50,Rsast,ACF&PACF
6,0.912906610703043,0.28476858139038086,0.01816582679748535,0.20174813270568848,0.056885480880737305,0.006513118743896484,SonyAIBORobotSurface2,ACF&PACF: n_random_points=30 nb_inst_per_class=30,30,30,Rsast,ACF&PACF
7,0.9108079748163693,0.21776795387268066,0.016848325729370117,0.16789984703063965,0.023995637893676758,0.006455421447753906,SonyAIBORobotSurface2,ACF&PACF: n_random_points=30 nb_inst_per_class=50,30,50,Rsast,ACF&PACF
