,accuracy,time,cweights_time,fsubsequence_time,tdataset_time,tclassifier_time,dataset_name,classifier_name,rpoint,nb_per_class,method,len_method
0,0.9854227405247813,5.029390811920166,0.009549856185913086,1.046229362487793,3.8806142807006836,0.09161710739135742,Chinatown,all: n_random_points=10 nb_inst_per_class=30,10,30,Rsast,all
1,0.9854227405247813,0.09406042098999023,0.005950450897216797,0.06995224952697754,0.0034890174865722656,0.0131988525390625,Chinatown,all: n_random_points=10 nb_inst_per_class=50,10,50,Rsast,all
2,0.9854227405247813,0.096466064453125,0.005502939224243164,0.08043360710144043,0.00559544563293457,0.00392460823059082,Chinatown,all: n_random_points=30 nb_inst_per_class=30,30,30,Rsast,all
3,0.9854227405247813,0.13107872009277344,0.007431507110595703,0.09726929664611816,0.013430356979370117,0.011337995529174805,Chinatown,all: n_random_points=30 nb_inst_per_class=50,30,50,Rsast,all
4,0.967930029154519,0.1317753791809082,0.005527019500732422,0.0958106517791748,0.0026061534881591797,0.026874780654907227,Chinatown,ACF&PACF: n_random_points=10 nb_inst_per_class=30,10,30,Rsast,ACF&PACF
5,0.9737609329446064,0.06000089645385742,0.007817983627319336,0.04571056365966797,0.0018088817596435547,0.0036308765411376953,Chinatown,ACF&PACF: n_random_points=10 nb_inst_per_class=50,10,50,Rsast,ACF&PACF
6,0.9825072886297376,0.05571889877319336,0.0069732666015625,0.04329204559326172,0.0021195411682128906,0.0024690628051757812,Chinatown,ACF&PACF: n_random_points=30 nb_inst_per_class=30,30,30,Rsast,ACF&PACF
7,0.9825072886297376,0.04859423637390137,0.005494832992553711,0.036325693130493164,0.003385782241821289,0.0028426647186279297,Chinatown,ACF&PACF: n_random_points=30 nb_inst_per_class=50,30,50,Rsast,ACF&PACF
