,accuracy,time,cweights_time,fsubsequence_time,tdataset_time,tclassifier_time,dataset_name,classifier_name,rpoint,nb_per_class,method,len_method
0,0.85,4.295754432678223,0.08132553100585938,1.7478601932525635,2.4175937175750732,0.03156256675720215,BeetleFly,all: n_random_points=10 nb_inst_per_class=30,10,30,Rsast,all
1,0.85,4.8972601890563965,0.14192676544189453,2.1894242763519287,2.506103754043579,0.031016111373901367,BeetleFly,all: n_random_points=10 nb_inst_per_class=50,10,50,Rsast,all
2,0.85,8.41794490814209,0.08097243309020996,2.591888189315796,5.579049348831177,0.12441253662109375,BeetleFly,all: n_random_points=30 nb_inst_per_class=30,30,30,Rsast,all
3,0.85,9.106135368347168,0.14088964462280273,3.175493001937866,5.59791898727417,0.1242978572845459,BeetleFly,all: n_random_points=30 nb_inst_per_class=50,30,50,Rsast,all
4,0.8,24.192259073257446,0.14092445373535156,23.67831563949585,0.3285403251647949,0.007781028747558594,BeetleFly,ACF&PACF: n_random_points=10 nb_inst_per_class=30,10,30,Rsast,ACF&PACF
5,0.75,20.532891511917114,0.07909560203552246,20.140843152999878,0.2993733882904053,0.007183074951171875,BeetleFly,ACF&PACF: n_random_points=10 nb_inst_per_class=50,10,50,Rsast,ACF&PACF
6,0.75,22.58849334716797,0.07866096496582031,21.689945936203003,0.7955796718597412,0.013628005981445312,BeetleFly,ACF&PACF: n_random_points=30 nb_inst_per_class=30,30,30,Rsast,ACF&PACF
7,0.75,27.046013593673706,0.07824254035949707,26.168755292892456,0.7684128284454346,0.01811051368713379,BeetleFly,ACF&PACF: n_random_points=30 nb_inst_per_class=50,30,50,Rsast,ACF&PACF
