,accuracy,time,cweights_time,fsubsequence_time,tdataset_time,tclassifier_time,dataset_name,classifier_name,rpoint,nb_per_class,method,len_method
0,0.881578947368421,3.643901824951172,0.04719066619873047,1.5558371543884277,1.926208257675171,0.09185171127319336,ToeSegmentation1,all: n_random_points=10 nb_inst_per_class=30,10,30,Rsast,all
1,0.8771929824561403,4.264904737472534,0.07833671569824219,2.0943665504455566,1.969395637512207,0.09232664108276367,ToeSegmentation1,all: n_random_points=10 nb_inst_per_class=50,10,50,Rsast,all
2,0.881578947368421,7.660521030426025,0.07871079444885254,3.09451961517334,4.170138120651245,0.2602529525756836,ToeSegmentation1,all: n_random_points=30 nb_inst_per_class=30,30,30,Rsast,all
3,0.881578947368421,7.850322484970093,0.07848596572875977,3.0885183811187744,4.350524663925171,0.24104952812194824,ToeSegmentation1,all: n_random_points=30 nb_inst_per_class=50,30,50,Rsast,all
4,0.8859649122807017,9.474739789962769,0.07851743698120117,9.057137727737427,0.2764315605163574,0.009945392608642578,ToeSegmentation1,ACF&PACF: n_random_points=10 nb_inst_per_class=30,10,30,Rsast,ACF&PACF
5,0.8903508771929824,7.82474422454834,0.05048775672912598,7.49897837638855,0.26120686531066895,0.009301185607910156,ToeSegmentation1,ACF&PACF: n_random_points=10 nb_inst_per_class=50,10,50,Rsast,ACF&PACF
6,0.881578947368421,8.383632183074951,0.04648566246032715,7.5980963706970215,0.7038784027099609,0.02821636199951172,ToeSegmentation1,ACF&PACF: n_random_points=30 nb_inst_per_class=30,30,30,Rsast,ACF&PACF
7,0.8903508771929824,9.30244517326355,0.07871532440185547,8.481961250305176,0.6947457790374756,0.027984142303466797,ToeSegmentation1,ACF&PACF: n_random_points=30 nb_inst_per_class=50,30,50,Rsast,ACF&PACF
