,accuracy,time,cweights_time,fsubsequence_time,tdataset_time,tclassifier_time,dataset_name,classifier_name,rpoint,nb_per_class,method,len_method
0,0.7537437603993344,0.25896120071411133,0.014252424240112305,0.19701790809631348,0.03903651237487793,0.006134986877441406,SonyAIBORobotSurface1,all: n_random_points=10 nb_inst_per_class=30,10,30,Rsast,all
1,0.7520798668885191,0.319638729095459,0.01734161376953125,0.26453089714050293,0.023190736770629883,0.009892702102661133,SonyAIBORobotSurface1,all: n_random_points=10 nb_inst_per_class=50,10,50,Rsast,all
2,0.7637271214642263,0.5368680953979492,0.020570039749145508,0.410660982131958,0.07981419563293457,0.019374370574951172,SonyAIBORobotSurface1,all: n_random_points=30 nb_inst_per_class=30,30,30,Rsast,all
3,0.7637271214642263,0.5391697883605957,0.019476890563964844,0.44217681884765625,0.05202817916870117,0.015404224395751953,SonyAIBORobotSurface1,all: n_random_points=30 nb_inst_per_class=50,30,50,Rsast,all
4,0.8036605657237936,0.28185105323791504,0.019581317901611328,0.23085737228393555,0.019921064376831055,0.003689289093017578,SonyAIBORobotSurface1,ACF&PACF: n_random_points=10 nb_inst_per_class=30,10,30,Rsast,ACF&PACF
5,0.8069883527454242,0.2476041316986084,0.026491880416870117,0.2037813663482666,0.012132644653320312,0.004111051559448242,SonyAIBORobotSurface1,ACF&PACF: n_random_points=10 nb_inst_per_class=50,10,50,Rsast,ACF&PACF
6,0.8069883527454242,0.30208444595336914,0.0256192684173584,0.24706625938415527,0.022592544555664062,0.0055544376373291016,SonyAIBORobotSurface1,ACF&PACF: n_random_points=30 nb_inst_per_class=30,30,30,Rsast,ACF&PACF
7,0.8119800332778702,0.24551963806152344,0.01610708236694336,0.1933884620666504,0.024704933166503906,0.008787393569946289,SonyAIBORobotSurface1,ACF&PACF: n_random_points=30 nb_inst_per_class=50,30,50,Rsast,ACF&PACF
