,accuracy,time,cweights_time,fsubsequence_time,tdataset_time,tclassifier_time,dataset_name,classifier_name,rpoint,nb_per_class,method,len_method
0,0.9001597444089456,0.33110642433166504,0.017917871475219727,0.25206565856933594,0.04085993766784668,0.005921363830566406,MoteStrain,all: n_random_points=10 nb_inst_per_class=30,10,30,Rsast,all
1,0.9009584664536742,0.37893199920654297,0.01812744140625,0.30741238594055176,0.0391688346862793,0.008320331573486328,MoteStrain,all: n_random_points=10 nb_inst_per_class=50,10,50,Rsast,all
2,0.9073482428115016,0.6504647731781006,0.025157928466796875,0.5219566822052002,0.07894420623779297,0.015948057174682617,MoteStrain,all: n_random_points=30 nb_inst_per_class=30,30,30,Rsast,all
3,0.9073482428115016,0.6608791351318359,0.02464437484741211,0.5269186496734619,0.08286905288696289,0.01280522346496582,MoteStrain,all: n_random_points=30 nb_inst_per_class=50,30,50,Rsast,all
4,0.8993610223642172,0.37331509590148926,0.02361440658569336,0.310819149017334,0.0269927978515625,0.0049936771392822266,MoteStrain,ACF&PACF: n_random_points=10 nb_inst_per_class=30,10,30,Rsast,ACF&PACF
5,0.9017571884984026,0.44501686096191406,0.024979352951049805,0.38704586029052734,0.02610611915588379,0.00528717041015625,MoteStrain,ACF&PACF: n_random_points=10 nb_inst_per_class=50,10,50,Rsast,ACF&PACF
6,0.8985623003194888,0.36755990982055664,0.02243208885192871,0.3052346706390381,0.031125545501708984,0.007172584533691406,MoteStrain,ACF&PACF: n_random_points=30 nb_inst_per_class=30,30,30,Rsast,ACF&PACF
7,0.8945686900958466,0.2393043041229248,0.014111995697021484,0.19935274124145508,0.019405364990234375,0.003690958023071289,MoteStrain,ACF&PACF: n_random_points=30 nb_inst_per_class=50,30,50,Rsast,ACF&PACF
