,accuracy,time,cweights_time,fsubsequence_time,tdataset_time,tclassifier_time,dataset_name,classifier_name,rpoint,nb_per_class,method,len_method
0,0.9543245869776482,0.3209075927734375,0.0074384212493896484,0.26929783821105957,0.026325225830078125,0.014931678771972656,ItalyPowerDemand,all: n_random_points=10 nb_inst_per_class=30,10,30,Rsast,all
1,0.9533527696793003,0.3475832939147949,0.007848978042602539,0.30063700675964355,0.02044534683227539,0.0139617919921875,ItalyPowerDemand,all: n_random_points=10 nb_inst_per_class=50,10,50,Rsast,all
2,0.9543245869776482,0.3745243549346924,0.007138490676879883,0.30253148078918457,0.03751182556152344,0.021796464920043945,ItalyPowerDemand,all: n_random_points=30 nb_inst_per_class=30,30,30,Rsast,all
3,0.9543245869776482,0.4488081932067871,0.008010149002075195,0.3615539073944092,0.04552149772644043,0.026546001434326172,ItalyPowerDemand,all: n_random_points=30 nb_inst_per_class=50,30,50,Rsast,all
4,0.9475218658892128,0.1496114730834961,0.008099079132080078,0.11841845512390137,0.005285501480102539,0.012887001037597656,ItalyPowerDemand,ACF&PACF: n_random_points=10 nb_inst_per_class=30,10,30,Rsast,ACF&PACF
5,0.9494655004859086,0.17528939247131348,0.009520292282104492,0.15400362014770508,0.005487918853759766,0.005280971527099609,ItalyPowerDemand,ACF&PACF: n_random_points=10 nb_inst_per_class=50,10,50,Rsast,ACF&PACF
6,0.9446064139941691,0.1776416301727295,0.009861469268798828,0.15136289596557617,0.007550716400146484,0.007125139236450195,ItalyPowerDemand,ACF&PACF: n_random_points=30 nb_inst_per_class=30,30,30,Rsast,ACF&PACF
7,0.9475218658892128,0.1929154396057129,0.010114669799804688,0.1558992862701416,0.018663406372070312,0.006529092788696289,ItalyPowerDemand,ACF&PACF: n_random_points=30 nb_inst_per_class=50,30,50,Rsast,ACF&PACF
