,accuracy,time,cweights_time,fsubsequence_time,tdataset_time,tclassifier_time,dataset_name,classifier_name,rpoint,nb_per_class,method,len_method
0,0.9,27.660042762756348,0.23764848709106445,7.0252039432525635,19.92972207069397,0.4006032943725586,Car,all: n_random_points=10 nb_inst_per_class=30,10,30,Rsast,all
1,0.9,27.84462833404541,0.2581932544708252,6.747575283050537,20.321550369262695,0.4117093086242676,Car,all: n_random_points=10 nb_inst_per_class=50,10,50,Rsast,all
2,0.9,69.25870490074158,0.26135873794555664,9.579775094985962,58.07266116142273,1.1929402351379395,Car,all: n_random_points=30 nb_inst_per_class=30,30,30,Rsast,all
3,0.9,69.79928636550903,0.21497869491577148,9.75265884399414,58.37355923652649,1.2227239608764648,Car,all: n_random_points=30 nb_inst_per_class=50,30,50,Rsast,all
4,0.85,125.68797373771667,0.23407816886901855,122.37683773040771,2.89943265914917,0.05356860160827637,Car,ACF&PACF: n_random_points=10 nb_inst_per_class=30,10,30,Rsast,ACF&PACF
5,0.8333333333333334,133.50817775726318,0.1976640224456787,130.21585869789124,3.0249016284942627,0.054204463958740234,Car,ACF&PACF: n_random_points=10 nb_inst_per_class=50,10,50,Rsast,ACF&PACF
6,0.85,146.74386525154114,0.2328341007232666,137.9450922012329,8.36159610748291,0.17528653144836426,Car,ACF&PACF: n_random_points=30 nb_inst_per_class=30,30,30,Rsast,ACF&PACF
7,0.8333333333333334,135.45078492164612,0.22133779525756836,126.78594303131104,8.234712362289429,0.16951441764831543,Car,ACF&PACF: n_random_points=30 nb_inst_per_class=50,30,50,Rsast,ACF&PACF
