,accuracy,time,cweights_time,fsubsequence_time,tdataset_time,tclassifier_time,dataset_name,classifier_name,rpoint,nb_per_class,method,len_method
0,0.8518518518518519,4.232541084289551,0.03701305389404297,1.7555952072143555,2.255156993865967,0.16841411590576172,Wine,all: n_random_points=10 nb_inst_per_class=30,10,30,Rsast,all
1,0.8888888888888888,4.8235015869140625,0.06763863563537598,2.148601531982422,2.3944242000579834,0.17624855041503906,Wine,all: n_random_points=10 nb_inst_per_class=50,10,50,Rsast,all
2,0.8888888888888888,8.992023229598999,0.06799864768981934,3.2615058422088623,5.122602939605713,0.4750497341156006,Wine,all: n_random_points=30 nb_inst_per_class=30,30,30,Rsast,all
3,0.8888888888888888,8.876190185546875,0.06630849838256836,3.2670063972473145,4.974899053573608,0.4765458106994629,Wine,all: n_random_points=30 nb_inst_per_class=50,30,50,Rsast,all
4,0.7592592592592593,7.100448131561279,0.06611013412475586,6.82747745513916,0.15540623664855957,0.009992361068725586,Wine,ACF&PACF: n_random_points=10 nb_inst_per_class=30,10,30,Rsast,ACF&PACF
5,0.7962962962962963,6.447629690170288,0.03743267059326172,6.2457194328308105,0.1533503532409668,0.009453058242797852,Wine,ACF&PACF: n_random_points=10 nb_inst_per_class=50,10,50,Rsast,ACF&PACF
6,0.7592592592592593,6.615981817245483,0.03696393966674805,6.208949327468872,0.34461188316345215,0.021720170974731445,Wine,ACF&PACF: n_random_points=30 nb_inst_per_class=30,30,30,Rsast,ACF&PACF
7,0.7592592592592593,7.100157022476196,0.03690314292907715,6.692095518112183,0.3428816795349121,0.019859790802001953,Wine,ACF&PACF: n_random_points=30 nb_inst_per_class=50,30,50,Rsast,ACF&PACF
