,accuracy,time,cweights_time,fsubsequence_time,tdataset_time,tclassifier_time,dataset_name,classifier_name,rpoint,nb_per_class,method,len_method
0,0.9702702702702702,23.37830352783203,0.1129906177520752,3.1709017753601074,16.921838521957397,3.1103334426879883,Strawberry,all: n_random_points=10 nb_inst_per_class=30,10,30,Rsast,all
1,0.9702702702702702,36.12865614891052,0.10802650451660156,3.971691370010376,27.210965394973755,4.719250440597534,Strawberry,all: n_random_points=10 nb_inst_per_class=50,10,50,Rsast,all
2,0.9621621621621622,57.87155604362488,0.10983109474182129,3.2481284141540527,47.18417501449585,7.171682596206665,Strawberry,all: n_random_points=30 nb_inst_per_class=30,30,30,Rsast,all
3,0.9756756756756757,94.58399510383606,0.1084284782409668,5.491538047790527,78.57412004470825,10.166452646255493,Strawberry,all: n_random_points=30 nb_inst_per_class=50,30,50,Rsast,all
4,0.9621621621621622,10.620054483413696,0.11066436767578125,7.52108907699585,2.4945452213287354,0.3829483985900879,Strawberry,ACF&PACF: n_random_points=10 nb_inst_per_class=30,10,30,Rsast,ACF&PACF
5,0.9648648648648649,15.87959599494934,0.11157894134521484,11.502768278121948,3.685758113861084,0.5637950897216797,Strawberry,ACF&PACF: n_random_points=10 nb_inst_per_class=50,10,50,Rsast,ACF&PACF
6,0.972972972972973,14.911136627197266,0.06868767738342285,7.6780500411987305,6.11780571937561,1.0221796035766602,Strawberry,ACF&PACF: n_random_points=30 nb_inst_per_class=30,30,30,Rsast,ACF&PACF
7,0.9648648648648649,23.946613311767578,0.10824918746948242,12.003838300704956,10.025072574615479,1.7734308242797852,Strawberry,ACF&PACF: n_random_points=30 nb_inst_per_class=50,30,50,Rsast,ACF&PACF
