,accuracy,time,cweights_time,fsubsequence_time,tdataset_time,tclassifier_time,dataset_name,classifier_name,rpoint,nb_per_class,method,len_method
0,0.3059265983659707,657.3593926429749,0.14582085609436035,2.234174966812134,86.68347644805908,567.7912039756775,ElectricDevices,all: n_random_points=10 nb_inst_per_class=30,10,30,Rsast,all
1,0.3124108416547789,268.86209511756897,0.2844061851501465,4.115468740463257,139.80753564834595,123.50138807296753,ElectricDevices,all: n_random_points=10 nb_inst_per_class=50,10,50,Rsast,all
2,0.29386590584878747,897.3289711475372,0.14345669746398926,3.3945152759552,245.7386384010315,646.2943072319031,ElectricDevices,all: n_random_points=30 nb_inst_per_class=30,30,30,Rsast,all
3,0.284009856049799,1139.7925388813019,0.2419450283050537,5.872653484344482,403.7641315460205,727.5698647499084,ElectricDevices,all: n_random_points=30 nb_inst_per_class=50,30,50,Rsast,all
4,0.4033199325638698,91.99434280395508,0.15918779373168945,2.4441535472869873,18.60574769973755,70.47656512260437,ElectricDevices,ACF&PACF: n_random_points=10 nb_inst_per_class=30,10,30,Rsast,ACF&PACF
5,0.41149007910776814,676.4721283912659,0.2796318531036377,4.2404396533966064,25.098124265670776,646.6556081771851,ElectricDevices,ACF&PACF: n_random_points=10 nb_inst_per_class=50,10,50,Rsast,ACF&PACF
6,0.38840617299961094,130.57157921791077,0.284409761428833,3.216830253601074,47.53231382369995,79.2397141456604,ElectricDevices,ACF&PACF: n_random_points=30 nb_inst_per_class=30,30,30,Rsast,ACF&PACF
7,0.38231098430813126,683.1318883895874,0.2753260135650635,4.5133373737335205,74.100745677948,603.6633059978485,ElectricDevices,ACF&PACF: n_random_points=30 nb_inst_per_class=50,30,50,Rsast,ACF&PACF
