,accuracy,time,cweights_time,fsubsequence_time,tdataset_time,tclassifier_time,dataset_name,classifier_name,rpoint,nb_per_class,method,len_method
0,0.6927899686520376,51.43176245689392,0.409271240234375,8.748252153396606,37.25751972198486,4.812968492507935,WordSynonyms,all: n_random_points=10 nb_inst_per_class=30,10,30,Rsast,all
1,0.6959247648902821,54.24706435203552,0.22059082984924316,9.364404916763306,39.16485047340393,5.210617780685425,WordSynonyms,all: n_random_points=10 nb_inst_per_class=50,10,50,Rsast,all
2,0.6974921630094044,138.12987852096558,0.21560025215148926,13.650431871414185,111.22497200965881,12.719368934631348,WordSynonyms,all: n_random_points=30 nb_inst_per_class=30,30,30,Rsast,all
3,0.6974921630094044,152.3638882637024,0.3237874507904053,14.50288200378418,117.9703299999237,18.985289573669434,WordSynonyms,all: n_random_points=30 nb_inst_per_class=50,30,50,Rsast,all
4,0.6880877742946708,49.50261878967285,0.30916619300842285,39.0546190738678,8.875662803649902,0.8175938129425049,WordSynonyms,ACF&PACF: n_random_points=10 nb_inst_per_class=30,10,30,Rsast,ACF&PACF
5,0.6818181818181818,54.809078216552734,0.36862683296203613,43.539769887924194,9.954791069030762,0.899705171585083,WordSynonyms,ACF&PACF: n_random_points=10 nb_inst_per_class=50,10,50,Rsast,ACF&PACF
6,0.6865203761755486,71.8436393737793,0.40714430809020996,39.99757099151611,27.24104118347168,4.061713457107544,WordSynonyms,ACF&PACF: n_random_points=30 nb_inst_per_class=30,30,30,Rsast,ACF&PACF
7,0.677115987460815,81.12142896652222,0.4053342342376709,44.25603652000427,31.755930423736572,4.57046914100647,WordSynonyms,ACF&PACF: n_random_points=30 nb_inst_per_class=50,30,50,Rsast,ACF&PACF
