,accuracy,time,cweights_time,fsubsequence_time,tdataset_time,tclassifier_time,dataset_name,classifier_name,rpoint,nb_per_class,method,len_method
0,0.7773892773892774,11.517494440078735,0.02936267852783203,0.529606819152832,4.493223428726196,6.425328493118286,PhalangesOutlinesCorrect,all: n_random_points=10 nb_inst_per_class=30,10,30,Rsast,all
1,0.7738927738927739,17.208306789398193,0.033391475677490234,0.9760806560516357,6.3500776290893555,9.763367891311646,PhalangesOutlinesCorrect,all: n_random_points=10 nb_inst_per_class=50,10,50,Rsast,all
2,0.7552447552447552,25.26842975616455,0.027536392211914062,0.8379199504852295,10.388729095458984,13.919934749603271,PhalangesOutlinesCorrect,all: n_random_points=30 nb_inst_per_class=30,30,30,Rsast,all
3,0.7762237762237763,37.35652303695679,0.026027441024780273,1.372316837310791,16.935177087783813,18.86490249633789,PhalangesOutlinesCorrect,all: n_random_points=30 nb_inst_per_class=50,30,50,Rsast,all
4,0.7738927738927739,4.7330639362335205,0.045773983001708984,0.5715200901031494,1.0345282554626465,3.0488224029541016,PhalangesOutlinesCorrect,ACF&PACF: n_random_points=10 nb_inst_per_class=30,10,30,Rsast,ACF&PACF
5,0.7843822843822844,5.436617136001587,0.028404712677001953,0.7367281913757324,1.1928215026855469,3.4759228229522705,PhalangesOutlinesCorrect,ACF&PACF: n_random_points=10 nb_inst_per_class=50,10,50,Rsast,ACF&PACF
6,0.7855477855477856,6.354581356048584,0.028162002563476562,0.48868703842163086,1.9737956523895264,3.848391532897949,PhalangesOutlinesCorrect,ACF&PACF: n_random_points=30 nb_inst_per_class=30,30,30,Rsast,ACF&PACF
7,0.7668997668997669,8.728593826293945,0.028768539428710938,1.0629613399505615,2.9852466583251953,4.615105867385864,PhalangesOutlinesCorrect,ACF&PACF: n_random_points=30 nb_inst_per_class=50,30,50,Rsast,ACF&PACF
