,accuracy,time,cweights_time,fsubsequence_time,tdataset_time,tclassifier_time,dataset_name,classifier_name,rpoint,nb_per_class,method,len_method
0,0.8333333333333334,6.1209492683410645,0.1335740089416504,2.3138651847839355,3.5807645320892334,0.06873202323913574,Beef,all: n_random_points=10 nb_inst_per_class=30,10,30,Rsast,all
1,0.8333333333333334,6.352403402328491,0.13263511657714844,2.398364782333374,3.709155559539795,0.07392334938049316,Beef,all: n_random_points=10 nb_inst_per_class=50,10,50,Rsast,all
2,0.8333333333333334,13.188238620758057,0.13277053833007812,3.480012893676758,9.263687372207642,0.2546725273132324,Beef,all: n_random_points=30 nb_inst_per_class=30,30,30,Rsast,all
3,0.8333333333333334,13.609627962112427,0.13236546516418457,4.201505184173584,8.942460775375366,0.2579793930053711,Beef,all: n_random_points=30 nb_inst_per_class=50,30,50,Rsast,all
4,0.7,26.349647760391235,0.19695520401000977,25.158206939697266,0.9261898994445801,0.0168454647064209,Beef,ACF&PACF: n_random_points=10 nb_inst_per_class=30,10,30,Rsast,ACF&PACF
5,0.6666666666666666,27.807064056396484,0.10908126831054688,26.74727773666382,0.9197428226470947,0.019164085388183594,Beef,ACF&PACF: n_random_points=10 nb_inst_per_class=50,10,50,Rsast,ACF&PACF
6,0.6666666666666666,31.03680443763733,0.11030459403991699,28.49305248260498,2.3713483810424805,0.04370927810668945,Beef,ACF&PACF: n_random_points=30 nb_inst_per_class=30,30,30,Rsast,ACF&PACF
7,0.7,31.59685444831848,0.14002227783203125,28.988155126571655,2.391822099685669,0.0483400821685791,Beef,ACF&PACF: n_random_points=30 nb_inst_per_class=50,30,50,Rsast,ACF&PACF
