,accuracy,time,cweights_time,fsubsequence_time,tdataset_time,tclassifier_time,dataset_name,classifier_name,rpoint,nb_per_class,method,len_method
0,0.752797619047619,118.11986088752747,0.24709177017211914,4.62655782699585,45.23815393447876,67.45630025863647,Crop,all: n_random_points=10 nb_inst_per_class=30,10,30,Rsast,all
1,0.7571428571428571,528.3058731555939,0.19442534446716309,5.728070020675659,74.92595362663269,446.5311758518219,Crop,all: n_random_points=10 nb_inst_per_class=50,10,50,Rsast,all
2,0.7538690476190476,244.4445207118988,0.12899017333984375,5.0434510707855225,112.4501268863678,125.44326519966125,Crop,all: n_random_points=30 nb_inst_per_class=30,30,30,Rsast,all
3,0.7563095238095238,772.3591010570526,0.12584519386291504,8.344021558761597,185.77226948738098,576.8233795166016,Crop,all: n_random_points=30 nb_inst_per_class=50,30,50,Rsast,all
4,0.7169047619047619,49.0168240070343,0.12978911399841309,1.5095436573028564,8.10623574256897,39.04816222190857,Crop,ACF&PACF: n_random_points=10 nb_inst_per_class=30,10,30,Rsast,ACF&PACF
5,0.7259523809523809,54.89281439781189,0.1555161476135254,2.499904155731201,12.32803726196289,39.71948552131653,Crop,ACF&PACF: n_random_points=10 nb_inst_per_class=50,10,50,Rsast,ACF&PACF
6,0.7314880952380952,67.23490238189697,0.13537907600402832,3.3530120849609375,20.677408933639526,42.75985836982727,Crop,ACF&PACF: n_random_points=30 nb_inst_per_class=30,30,30,Rsast,ACF&PACF
7,0.7374404761904761,91.80656743049622,0.12688040733337402,3.0067672729492188,34.038493156433105,54.16650915145874,Crop,ACF&PACF: n_random_points=30 nb_inst_per_class=50,30,50,Rsast,ACF&PACF
