,accuracy,time,cweights_time,fsubsequence_time,tdataset_time,tclassifier_time,dataset_name,classifier_name,rpoint,nb_per_class,method,len_method
0,0.9555555555555556,3.7317752838134766,0.03391718864440918,1.2669620513916016,1.9180254936218262,0.4894132614135742,GunPointOldVersusYoung,all: n_random_points=10 nb_inst_per_class=30,10,30,Rsast,all
1,0.9587301587301588,6.152127504348755,0.04693317413330078,2.293253183364868,2.8901689052581787,0.8782668113708496,GunPointOldVersusYoung,all: n_random_points=10 nb_inst_per_class=50,10,50,Rsast,all
2,0.9619047619047619,7.745462417602539,0.046471595764160156,2.1457343101501465,4.037827491760254,1.4349539279937744,GunPointOldVersusYoung,all: n_random_points=30 nb_inst_per_class=30,30,30,Rsast,all
3,0.9619047619047619,12.538257837295532,0.04525303840637207,3.5464842319488525,6.5636162757873535,2.302353858947754,GunPointOldVersusYoung,all: n_random_points=30 nb_inst_per_class=50,30,50,Rsast,all
4,0.9777777777777777,2.807300090789795,0.04616117477416992,2.3517885208129883,0.2942948341369629,0.03904438018798828,GunPointOldVersusYoung,ACF&PACF: n_random_points=10 nb_inst_per_class=30,10,30,Rsast,ACF&PACF
5,0.9777777777777777,3.974644899368286,0.025377750396728516,3.5220730304718018,0.36718177795410156,0.055924177169799805,GunPointOldVersusYoung,ACF&PACF: n_random_points=10 nb_inst_per_class=50,10,50,Rsast,ACF&PACF
6,0.9714285714285714,2.8665611743927,0.025441408157348633,2.106083631515503,0.6134774684906006,0.11494851112365723,GunPointOldVersusYoung,ACF&PACF: n_random_points=30 nb_inst_per_class=30,30,30,Rsast,ACF&PACF
7,0.9746031746031746,4.575340032577515,0.02801799774169922,3.3705639839172363,0.9198048114776611,0.2434530258178711,GunPointOldVersusYoung,ACF&PACF: n_random_points=30 nb_inst_per_class=50,30,50,Rsast,ACF&PACF
