,accuracy,time,cweights_time,fsubsequence_time,tdataset_time,tclassifier_time,dataset_name,classifier_name,rpoint,nb_per_class,method,len_method
0,0.7798816568047338,38.26000356674194,0.13811278343200684,7.398592233657837,22.504823207855225,8.017385005950928,FaceAll,all: n_random_points=10 nb_inst_per_class=30,10,30,Rsast,all
1,0.778698224852071,47.0035297870636,0.09207367897033691,8.668755531311035,28.831419944763184,9.15294098854065,FaceAll,all: n_random_points=10 nb_inst_per_class=50,10,50,Rsast,all
2,0.7769230769230769,91.70633244514465,0.13968610763549805,11.052878618240356,63.56912970542908,16.602960348129272,FaceAll,all: n_random_points=30 nb_inst_per_class=30,30,30,Rsast,all
3,0.7757396449704143,122.67385220527649,0.14235973358154297,14.998891830444336,84.00308179855347,22.922924041748047,FaceAll,all: n_random_points=30 nb_inst_per_class=50,30,50,Rsast,all
4,0.7846153846153846,14.887030124664307,0.07324528694152832,9.707887172698975,3.6595261096954346,1.1494700908660889,FaceAll,ACF&PACF: n_random_points=10 nb_inst_per_class=30,10,30,Rsast,ACF&PACF
5,0.7857988165680473,20.265616416931152,0.13888978958129883,13.695338010787964,4.77662467956543,1.6072628498077393,FaceAll,ACF&PACF: n_random_points=10 nb_inst_per_class=50,10,50,Rsast,ACF&PACF
6,0.7863905325443787,24.229900598526,0.0933687686920166,10.102702617645264,10.674376249313354,3.2574760913848877,FaceAll,ACF&PACF: n_random_points=30 nb_inst_per_class=30,30,30,Rsast,ACF&PACF
7,0.7846153846153846,35.438525915145874,0.12680935859680176,17.02875280380249,14.149828910827637,3.9937267303466797,FaceAll,ACF&PACF: n_random_points=30 nb_inst_per_class=50,30,50,Rsast,ACF&PACF
