,accuracy,time,cweights_time,fsubsequence_time,tdataset_time,tclassifier_time,dataset_name,classifier_name,rpoint,nb_per_class,method,len_method
0,0.9933333333333333,3.4689369201660156,0.021421194076538086,1.1720314025878906,1.4306814670562744,0.8076169490814209,SyntheticControl,all: n_random_points=10 nb_inst_per_class=30,10,30,Rsast,all
1,0.9966666666666667,5.894986391067505,0.02084660530090332,1.9995450973510742,2.1255247592926025,1.6974546909332275,SyntheticControl,all: n_random_points=10 nb_inst_per_class=50,10,50,Rsast,all
2,0.99,8.22158694267273,0.02445244789123535,2.1430070400238037,3.1914925575256348,2.792628049850464,SyntheticControl,all: n_random_points=30 nb_inst_per_class=30,30,30,Rsast,all
3,0.99,11.9775230884552,0.018141508102416992,2.9218459129333496,4.440182447433472,4.493688106536865,SyntheticControl,all: n_random_points=30 nb_inst_per_class=50,30,50,Rsast,all
4,0.9566666666666667,1.3255438804626465,0.024601459503173828,0.8174290657043457,0.34534215927124023,0.09223079681396484,SyntheticControl,ACF&PACF: n_random_points=10 nb_inst_per_class=30,10,30,Rsast,ACF&PACF
5,0.9666666666666667,1.7790780067443848,0.019497156143188477,1.226071834564209,0.38580870628356934,0.13352441787719727,SyntheticControl,ACF&PACF: n_random_points=10 nb_inst_per_class=50,10,50,Rsast,ACF&PACF
6,0.97,1.9660661220550537,0.021687984466552734,1.019120693206787,0.6714315414428711,0.24146819114685059,SyntheticControl,ACF&PACF: n_random_points=30 nb_inst_per_class=30,30,30,Rsast,ACF&PACF
7,0.97,2.9275734424591064,0.02400970458984375,1.418419361114502,0.9987483024597168,0.46094655990600586,SyntheticControl,ACF&PACF: n_random_points=30 nb_inst_per_class=50,30,50,Rsast,ACF&PACF
