,accuracy,time,cweights_time,fsubsequence_time,tdataset_time,tclassifier_time,dataset_name,classifier_name,rpoint,nb_per_class,method,len_method
0,0.7666666666666667,140.80963587760925,0.14843010902404785,16.934174060821533,106.96568298339844,16.437087774276733,CricketX,all: n_random_points=10 nb_inst_per_class=30,10,30,Rsast,all
1,0.7589743589743589,154.6575949192047,0.3001711368560791,20.095573902130127,120.42444109916687,13.330889463424683,CricketX,all: n_random_points=10 nb_inst_per_class=50,10,50,Rsast,all
2,0.7666666666666667,375.460253238678,0.15462112426757812,25.50828528404236,309.30304646492004,39.87235927581787,CricketX,all: n_random_points=30 nb_inst_per_class=30,30,30,Rsast,all
3,0.7692307692307693,416.1691002845764,0.29259157180786133,26.432900428771973,347.76733565330505,40.56122136116028,CricketX,all: n_random_points=30 nb_inst_per_class=50,30,50,Rsast,all
4,0.7974358974358975,94.31238412857056,0.2834198474884033,80.87591910362244,11.138641357421875,1.0683417320251465,CricketX,ACF&PACF: n_random_points=10 nb_inst_per_class=30,10,30,Rsast,ACF&PACF
5,0.8,99.47791838645935,0.30695295333862305,85.31472992897034,12.620455026626587,1.1856956481933594,CricketX,ACF&PACF: n_random_points=10 nb_inst_per_class=50,10,50,Rsast,ACF&PACF
6,0.7974358974358975,119.89608335494995,0.2953028678894043,80.32846307754517,33.960365533828735,5.216012477874756,CricketX,ACF&PACF: n_random_points=30 nb_inst_per_class=30,30,30,Rsast,ACF&PACF
7,0.8102564102564103,127.5949137210846,0.30322766304016113,83.92315483093262,37.54592561721802,5.68529200553894,CricketX,ACF&PACF: n_random_points=30 nb_inst_per_class=50,30,50,Rsast,ACF&PACF
