,accuracy,time,cweights_time,fsubsequence_time,tdataset_time,tclassifier_time,dataset_name,classifier_name,rpoint,nb_per_class,method,len_method
0,0.5549872122762148,49.576648473739624,0.3836400508880615,10.209256887435913,30.055895805358887,8.702252864837646,Adiac,all: n_random_points=10 nb_inst_per_class=30,10,30,Rsast,all
1,0.5549872122762148,47.23810577392578,0.2785472869873047,8.259408950805664,29.813886165618896,8.585100889205933,Adiac,all: n_random_points=10 nb_inst_per_class=50,10,50,Rsast,all
2,0.5473145780051151,126.64166688919067,0.38419508934020996,14.23891019821167,87.35535550117493,24.202643632888794,Adiac,all: n_random_points=30 nb_inst_per_class=30,30,30,Rsast,all
3,0.5447570332480819,126.81897068023682,0.29294443130493164,14.872434854507446,88.64593410491943,22.42794442176819,Adiac,all: n_random_points=30 nb_inst_per_class=50,30,50,Rsast,all
4,0.5856777493606138,28.52388334274292,0.19651341438293457,20.15755844116211,6.457233905792236,1.4731552600860596,Adiac,ACF&PACF: n_random_points=10 nb_inst_per_class=30,10,30,Rsast,ACF&PACF
5,0.5933503836317136,28.70489478111267,0.21457672119140625,19.848002672195435,7.149003028869629,1.4445748329162598,Adiac,ACF&PACF: n_random_points=10 nb_inst_per_class=50,10,50,Rsast,ACF&PACF
6,0.578005115089514,44.59759759902954,0.39057397842407227,20.112300395965576,18.618993997573853,5.3362202644348145,Adiac,ACF&PACF: n_random_points=30 nb_inst_per_class=30,30,30,Rsast,ACF&PACF
7,0.5728900255754475,48.16056799888611,0.38708949089050293,21.222930908203125,20.305349111557007,6.055911302566528,Adiac,ACF&PACF: n_random_points=30 nb_inst_per_class=50,30,50,Rsast,ACF&PACF
