,accuracy,time,cweights_time,fsubsequence_time,tdataset_time,tclassifier_time,dataset_name,classifier_name,rpoint,nb_per_class,method,len_method
0,1.0,2.2565901279449463,0.04407548904418945,1.1083877086639404,1.053314208984375,0.036715030670166016,Coffee,all: n_random_points=10 nb_inst_per_class=30,10,30,Rsast,all
1,1.0,2.8693127632141113,0.07814574241638184,1.6801669597625732,1.0526561737060547,0.031659841537475586,Coffee,all: n_random_points=10 nb_inst_per_class=50,10,50,Rsast,all
2,1.0,5.06631326675415,0.08034992218017578,2.1011838912963867,2.743185043334961,0.1140904426574707,Coffee,all: n_random_points=30 nb_inst_per_class=30,30,30,Rsast,all
3,1.0,4.846880197525024,0.05107378959655762,1.8146755695343018,2.799095630645752,0.13334369659423828,Coffee,all: n_random_points=30 nb_inst_per_class=50,30,50,Rsast,all
4,1.0,6.5689990520477295,0.07896828651428223,6.238585472106934,0.21097302436828613,0.009957075119018555,Coffee,ACF&PACF: n_random_points=10 nb_inst_per_class=30,10,30,Rsast,ACF&PACF
5,1.0,6.582385540008545,0.04452228546142578,6.315916538238525,0.20363593101501465,0.011005878448486328,Coffee,ACF&PACF: n_random_points=10 nb_inst_per_class=50,10,50,Rsast,ACF&PACF
6,1.0,6.424156904220581,0.04500865936279297,5.884671926498413,0.4631161689758301,0.01821303367614746,Coffee,ACF&PACF: n_random_points=30 nb_inst_per_class=30,30,30,Rsast,ACF&PACF
7,1.0,6.695907354354858,0.04567837715148926,6.133121490478516,0.4824516773223877,0.01775646209716797,Coffee,ACF&PACF: n_random_points=30 nb_inst_per_class=50,30,50,Rsast,ACF&PACF
