,accuracy,time,cweights_time,fsubsequence_time,tdataset_time,tclassifier_time,dataset_name,classifier_name,rpoint,nb_per_class,method,len_method
0,0.9936708860759493,3.6210925579071045,0.03022003173828125,1.115328311920166,1.9197118282318115,0.5303516387939453,GunPointMaleVersusFemale,all: n_random_points=10 nb_inst_per_class=30,10,30,Rsast,all
1,0.9936708860759493,5.9867072105407715,0.04496192932128906,2.2433223724365234,2.7969729900360107,0.8561320304870605,GunPointMaleVersusFemale,all: n_random_points=10 nb_inst_per_class=50,10,50,Rsast,all
2,0.9936708860759493,7.849603176116943,0.046210527420043945,2.2531206607818604,4.066396713256836,1.4099056720733643,GunPointMaleVersusFemale,all: n_random_points=30 nb_inst_per_class=30,30,30,Rsast,all
3,0.9936708860759493,11.657490730285645,0.045545339584350586,3.2133147716522217,6.185733079910278,2.125425100326538,GunPointMaleVersusFemale,all: n_random_points=30 nb_inst_per_class=50,30,50,Rsast,all
4,0.990506329113924,3.039036750793457,0.04644775390625,2.625908851623535,0.2722320556640625,0.03197288513183594,GunPointMaleVersusFemale,ACF&PACF: n_random_points=10 nb_inst_per_class=30,10,30,Rsast,ACF&PACF
5,0.990506329113924,4.156297445297241,0.025662660598754883,3.665971517562866,0.40642213821411133,0.0548250675201416,GunPointMaleVersusFemale,ACF&PACF: n_random_points=10 nb_inst_per_class=50,10,50,Rsast,ACF&PACF
6,0.9936708860759493,3.2457165718078613,0.030548810958862305,2.363619089126587,0.747591495513916,0.09710049629211426,GunPointMaleVersusFemale,ACF&PACF: n_random_points=30 nb_inst_per_class=30,30,30,Rsast,ACF&PACF
7,0.9841772151898734,5.57129430770874,0.03319954872131348,4.15569543838501,1.0941004753112793,0.27935242652893066,GunPointMaleVersusFemale,ACF&PACF: n_random_points=30 nb_inst_per_class=50,30,50,Rsast,ACF&PACF
