,accuracy,time,cweights_time,fsubsequence_time,tdataset_time,tclassifier_time,dataset_name,classifier_name,rpoint,nb_per_class,method,len_method
0,0.5703324808184144,49.41934895515442,0.3821084499359131,8.433542013168335,29.933634042739868,10.43295168876648,Adiac,all: n_random_points=10 nb_inst_per_class=30,10,30,Rsast,all
1,0.5601023017902813,49.27000451087952,0.37955498695373535,10.147555351257324,30.171913862228394,8.313895225524902,Adiac,all: n_random_points=10 nb_inst_per_class=50,10,50,Rsast,all
2,0.5473145780051151,120.57368683815002,0.21558070182800293,12.861205101013184,85.44793701171875,21.657249927520752,Adiac,all: n_random_points=30 nb_inst_per_class=30,30,30,Rsast,all
3,0.5549872122762148,124.0202329158783,0.2060074806213379,12.863484621047974,85.7220983505249,24.760854959487915,Adiac,all: n_random_points=30 nb_inst_per_class=50,30,50,Rsast,all
4,0.578005115089514,28.303977966308594,0.19756460189819336,19.888529062271118,6.524810552597046,1.433682918548584,Adiac,ACF&PACF: n_random_points=10 nb_inst_per_class=30,10,30,Rsast,ACF&PACF
5,0.5703324808184144,28.19811463356018,0.2158362865447998,19.626636266708374,6.8384315967559814,1.4682960510253906,Adiac,ACF&PACF: n_random_points=10 nb_inst_per_class=50,10,50,Rsast,ACF&PACF
6,0.5549872122762148,46.094873905181885,0.3894004821777344,20.28464984893799,18.824167013168335,6.467270374298096,Adiac,ACF&PACF: n_random_points=30 nb_inst_per_class=30,30,30,Rsast,ACF&PACF
7,0.5728900255754475,46.20819854736328,0.32626819610595703,20.752691507339478,18.588890075683594,6.364763259887695,Adiac,ACF&PACF: n_random_points=30 nb_inst_per_class=50,30,50,Rsast,ACF&PACF
