,accuracy,time,cweights_time,fsubsequence_time,tdataset_time,tclassifier_time,dataset_name,classifier_name,rpoint,nb_per_class,method,len_method
0,1.0,5.20573353767395,0.042180776596069336,2.5479962825775146,2.2541019916534424,0.32083606719970703,Plane,all: n_random_points=10 nb_inst_per_class=30,10,30,Rsast,all
1,1.0,5.260966062545776,0.07556629180908203,2.3906450271606445,2.3218252658843994,0.41632556915283203,Plane,all: n_random_points=10 nb_inst_per_class=50,10,50,Rsast,all
2,1.0,8.858858346939087,0.04596209526062012,3.0290727615356445,4.70255184173584,1.000863790512085,Plane,all: n_random_points=30 nb_inst_per_class=30,30,30,Rsast,all
3,1.0,9.348573684692383,0.06472396850585938,3.265850782394409,4.847092628479004,1.0578131675720215,Plane,all: n_random_points=30 nb_inst_per_class=50,30,50,Rsast,all
4,1.0,3.537027359008789,0.04461956024169922,3.074002981185913,0.3348121643066406,0.03291058540344238,Plane,ACF&PACF: n_random_points=10 nb_inst_per_class=30,10,30,Rsast,ACF&PACF
5,1.0,3.465831756591797,0.04228997230529785,3.0552783012390137,0.32611918449401855,0.03767991065979004,Plane,ACF&PACF: n_random_points=10 nb_inst_per_class=50,10,50,Rsast,ACF&PACF
6,1.0,4.272634506225586,0.04409170150756836,3.3418667316436768,0.7643904685974121,0.11456513404846191,Plane,ACF&PACF: n_random_points=30 nb_inst_per_class=30,30,30,Rsast,ACF&PACF
7,1.0,4.060039758682251,0.05531620979309082,3.145738124847412,0.7261471748352051,0.11685967445373535,Plane,ACF&PACF: n_random_points=30 nb_inst_per_class=50,30,50,Rsast,ACF&PACF
