,accuracy,time,cweights_time,fsubsequence_time,tdataset_time,tclassifier_time,dataset_name,classifier_name,rpoint,nb_per_class,method,len_method
0,1.0,5.20945143699646,0.041776418685913086,2.570065975189209,2.1982991695404053,0.3725883960723877,Plane,all: n_random_points=10 nb_inst_per_class=30,10,30,Rsast,all
1,1.0,4.937356472015381,0.05667853355407715,2.038316249847412,2.3926689624786377,0.4104495048522949,Plane,all: n_random_points=10 nb_inst_per_class=50,10,50,Rsast,all
2,1.0,9.16747760772705,0.06596660614013672,3.2267210483551025,4.784877300262451,1.0117924213409424,Plane,all: n_random_points=30 nb_inst_per_class=30,30,30,Rsast,all
3,1.0,9.265368700027466,0.0604548454284668,2.984997510910034,5.1329216957092285,0.9970755577087402,Plane,all: n_random_points=30 nb_inst_per_class=50,30,50,Rsast,all
4,1.0,3.950113534927368,0.057498931884765625,3.503079891204834,0.313586950302124,0.03526759147644043,Plane,ACF&PACF: n_random_points=10 nb_inst_per_class=30,10,30,Rsast,ACF&PACF
5,1.0,3.7730517387390137,0.05162930488586426,3.3607747554779053,0.3191244602203369,0.03573751449584961,Plane,ACF&PACF: n_random_points=10 nb_inst_per_class=50,10,50,Rsast,ACF&PACF
6,1.0,4.435847282409668,0.041869401931762695,3.483628988265991,0.7874341011047363,0.11591625213623047,Plane,ACF&PACF: n_random_points=30 nb_inst_per_class=30,30,30,Rsast,ACF&PACF
7,1.0,4.499962329864502,0.0517575740814209,3.4882490634918213,0.8212165832519531,0.1277012825012207,Plane,ACF&PACF: n_random_points=30 nb_inst_per_class=50,30,50,Rsast,ACF&PACF
