,accuracy,time,cweights_time,fsubsequence_time,tdataset_time,tclassifier_time,dataset_name,classifier_name,rpoint,nb_per_class,method,len_method
0,0.9166666666666666,17.025294303894043,0.11024308204650879,5.8717029094696045,10.630544662475586,0.33624815940856934,Meat,all: n_random_points=10 nb_inst_per_class=30,10,30,Rsast,all
1,0.9166666666666666,16.247669458389282,0.155564546585083,5.124732971191406,10.533417224884033,0.3447611331939697,Meat,all: n_random_points=10 nb_inst_per_class=50,10,50,Rsast,all
2,0.9166666666666666,38.08928990364075,0.11961078643798828,8.217694282531738,28.656075954437256,0.9677708148956299,Meat,all: n_random_points=30 nb_inst_per_class=30,30,30,Rsast,all
3,0.9166666666666666,37.29720950126648,0.15678024291992188,7.240516662597656,28.77261185646057,0.9062855243682861,Meat,all: n_random_points=30 nb_inst_per_class=50,30,50,Rsast,all
4,0.9,47.74256134033203,0.15426969528198242,44.07339429855347,3.3354735374450684,0.06597161293029785,Meat,ACF&PACF: n_random_points=10 nb_inst_per_class=30,10,30,Rsast,ACF&PACF
5,0.9333333333333333,45.91797661781311,0.08627557754516602,42.33551836013794,3.381986618041992,0.09137415885925293,Meat,ACF&PACF: n_random_points=10 nb_inst_per_class=50,10,50,Rsast,ACF&PACF
6,0.95,56.1840558052063,0.1078634262084961,45.2995879650116,10.445632934570312,0.29081273078918457,Meat,ACF&PACF: n_random_points=30 nb_inst_per_class=30,30,30,Rsast,ACF&PACF
7,0.95,58.43378973007202,0.15784215927124023,48.31951093673706,9.598825216293335,0.2915775775909424,Meat,ACF&PACF: n_random_points=30 nb_inst_per_class=50,30,50,Rsast,ACF&PACF
