,accuracy,time,cweights_time,fsubsequence_time,tdataset_time,tclassifier_time,dataset_name,classifier_name,rpoint,nb_per_class,method,len_method
0,0.9854227405247813,0.08255863189697266,0.004996776580810547,0.06810188293457031,0.006104469299316406,0.0027620792388916016,Chinatown,all: n_random_points=10 nb_inst_per_class=30,10,30,Rsast,all
1,0.9854227405247813,0.08074641227722168,0.005295753479003906,0.06744217872619629,0.004343986511230469,0.002845287322998047,Chinatown,all: n_random_points=10 nb_inst_per_class=50,10,50,Rsast,all
2,0.9854227405247813,0.09497380256652832,0.0049800872802734375,0.08100390434265137,0.004822731018066406,0.0032739639282226562,Chinatown,all: n_random_points=30 nb_inst_per_class=30,30,30,Rsast,all
3,0.9854227405247813,0.09222650527954102,0.005069255828857422,0.07315731048583984,0.008384227752685547,0.0035974979400634766,Chinatown,all: n_random_points=30 nb_inst_per_class=50,30,50,Rsast,all
4,0.967930029154519,0.03979349136352539,0.005204677581787109,0.029873371124267578,0.0013680458068847656,0.0023736953735351562,Chinatown,ACF&PACF: n_random_points=10 nb_inst_per_class=30,10,30,Rsast,ACF&PACF
5,0.9854227405247813,0.03812289237976074,0.0048291683197021484,0.029694557189941406,0.001142740249633789,0.0020608901977539062,Chinatown,ACF&PACF: n_random_points=10 nb_inst_per_class=50,10,50,Rsast,ACF&PACF
6,0.9825072886297376,0.04153609275817871,0.004757881164550781,0.032341957092285156,0.0019049644470214844,0.0021224021911621094,Chinatown,ACF&PACF: n_random_points=30 nb_inst_per_class=30,30,30,Rsast,ACF&PACF
7,0.9825072886297376,0.04119992256164551,0.004782676696777344,0.03237295150756836,0.001476287841796875,0.0021293163299560547,Chinatown,ACF&PACF: n_random_points=30 nb_inst_per_class=50,30,50,Rsast,ACF&PACF
