,accuracy,time,cweights_time,fsubsequence_time,tdataset_time,tclassifier_time,dataset_name,classifier_name,rpoint,nb_per_class,method,len_method
0,1.0,2.649914026260376,0.04408550262451172,1.5066123008728027,1.0482025146484375,0.034244537353515625,Coffee,all: n_random_points=10 nb_inst_per_class=30,10,30,Rsast,all
1,1.0,2.7284867763519287,0.08107256889343262,1.5232932567596436,1.061924934387207,0.028379201889038086,Coffee,all: n_random_points=10 nb_inst_per_class=50,10,50,Rsast,all
2,1.0,5.005210876464844,0.07295942306518555,2.0199222564697266,2.7521684169769287,0.1220250129699707,Coffee,all: n_random_points=30 nb_inst_per_class=30,30,30,Rsast,all
3,1.0,4.7970359325408936,0.052620649337768555,1.8504579067230225,2.711242198944092,0.13135671615600586,Coffee,all: n_random_points=30 nb_inst_per_class=50,30,50,Rsast,all
4,1.0,6.388814210891724,0.07929778099060059,6.049367904663086,0.22142672538757324,0.008176565170288086,Coffee,ACF&PACF: n_random_points=10 nb_inst_per_class=30,10,30,Rsast,ACF&PACF
5,1.0,5.851301431655884,0.04553627967834473,5.572410583496094,0.21935343742370605,0.006842613220214844,Coffee,ACF&PACF: n_random_points=10 nb_inst_per_class=50,10,50,Rsast,ACF&PACF
6,1.0,6.4279773235321045,0.044748783111572266,5.840919733047485,0.5153079032897949,0.015581369400024414,Coffee,ACF&PACF: n_random_points=30 nb_inst_per_class=30,30,30,Rsast,ACF&PACF
7,1.0,6.221728801727295,0.045555830001831055,5.687718868255615,0.4559504985809326,0.01652693748474121,Coffee,ACF&PACF: n_random_points=30 nb_inst_per_class=50,30,50,Rsast,ACF&PACF
