,accuracy,time,cweights_time,fsubsequence_time,tdataset_time,tclassifier_time,dataset_name,classifier_name,rpoint,nb_per_class,method,len_method
0,0.8666666666666667,0.6627092361450195,0.022785425186157227,0.46828341484069824,0.15279364585876465,0.014404773712158203,BME,all: n_random_points=10 nb_inst_per_class=30,10,30,Rsast,all
1,0.8666666666666667,1.0426928997039795,0.04063916206359863,0.8156547546386719,0.15940213203430176,0.018568754196166992,BME,all: n_random_points=10 nb_inst_per_class=50,10,50,Rsast,all
2,0.8733333333333333,1.7716872692108154,0.04101061820983887,1.1451921463012695,0.5061888694763184,0.061054229736328125,BME,all: n_random_points=30 nb_inst_per_class=30,30,30,Rsast,all
3,0.8733333333333333,1.8786437511444092,0.0456392765045166,1.2648372650146484,0.47623682022094727,0.0621030330657959,BME,all: n_random_points=30 nb_inst_per_class=50,30,50,Rsast,all
4,0.8133333333333334,1.2571017742156982,0.04340863227844238,1.1527020931243896,0.03535819053649902,0.008265256881713867,BME,ACF&PACF: n_random_points=10 nb_inst_per_class=30,10,30,Rsast,ACF&PACF
5,0.8266666666666667,0.8415887355804443,0.029083251953125,0.7554821968078613,0.04797244071960449,0.007753133773803711,BME,ACF&PACF: n_random_points=10 nb_inst_per_class=50,10,50,Rsast,ACF&PACF
6,0.8266666666666667,0.9242491722106934,0.023224353790283203,0.7832114696502686,0.0968010425567627,0.018710613250732422,BME,ACF&PACF: n_random_points=30 nb_inst_per_class=30,30,30,Rsast,ACF&PACF
7,0.8333333333333334,0.9105074405670166,0.024029016494750977,0.7671535015106201,0.09907317161560059,0.0163881778717041,BME,ACF&PACF: n_random_points=30 nb_inst_per_class=50,30,50,Rsast,ACF&PACF
