,accuracy,time,cweights_time,fsubsequence_time,tdataset_time,tclassifier_time,dataset_name,classifier_name,rpoint,nb_per_class,method,len_method
0,0.9991220368744512,0.4899585247039795,0.02475285530090332,0.392303466796875,0.059357404708862305,0.010671138763427734,TwoLeadECG,all: n_random_points=10 nb_inst_per_class=30,10,30,Rsast,all
1,0.9991220368744512,0.5059993267059326,0.024977445602416992,0.3935353755950928,0.07205533981323242,0.009654045104980469,TwoLeadECG,all: n_random_points=10 nb_inst_per_class=50,10,50,Rsast,all
2,0.9991220368744512,0.793860673904419,0.02410721778869629,0.5962624549865723,0.13877487182617188,0.02355670928955078,TwoLeadECG,all: n_random_points=30 nb_inst_per_class=30,30,30,Rsast,all
3,0.9991220368744512,0.6058218479156494,0.016854047775268555,0.4303421974182129,0.12086153030395508,0.02111649513244629,TwoLeadECG,all: n_random_points=30 nb_inst_per_class=50,30,50,Rsast,all
4,0.990342405618964,0.3976912498474121,0.02339625358581543,0.3364720344543457,0.02378678321838379,0.005431175231933594,TwoLeadECG,ACF&PACF: n_random_points=10 nb_inst_per_class=30,10,30,Rsast,ACF&PACF
5,0.9982440737489026,0.38251352310180664,0.02464151382446289,0.2925856113433838,0.059319257736206055,0.0051119327545166016,TwoLeadECG,ACF&PACF: n_random_points=10 nb_inst_per_class=50,10,50,Rsast,ACF&PACF
6,0.9894644424934153,0.46366286277770996,0.025521278381347656,0.38742923736572266,0.04608035087585449,0.0036895275115966797,TwoLeadECG,ACF&PACF: n_random_points=30 nb_inst_per_class=30,30,30,Rsast,ACF&PACF
7,0.9956101843722563,0.29654645919799805,0.01562786102294922,0.25796055793762207,0.01698470115661621,0.004169940948486328,TwoLeadECG,ACF&PACF: n_random_points=30 nb_inst_per_class=50,30,50,Rsast,ACF&PACF
