,accuracy,time,cweights_time,fsubsequence_time,tdataset_time,tclassifier_time,dataset_name,classifier_name,rpoint,nb_per_class,method,len_method
0,0.8896,38.19862174987793,0.14124369621276855,6.829825162887573,20.097769737243652,10.921154022216797,SwedishLeaf,all: n_random_points=10 nb_inst_per_class=30,10,30,Rsast,all
1,0.888,43.85004138946533,0.07979989051818848,7.2764856815338135,22.15429401397705,14.132445335388184,SwedishLeaf,all: n_random_points=10 nb_inst_per_class=50,10,50,Rsast,all
2,0.8928,97.43848848342896,0.12291288375854492,10.24471116065979,56.78550124168396,29.94980502128601,SwedishLeaf,all: n_random_points=30 nb_inst_per_class=30,30,30,Rsast,all
3,0.8944,110.55832099914551,0.07805228233337402,11.30329179763794,65.98215937614441,32.792367696762085,SwedishLeaf,all: n_random_points=30 nb_inst_per_class=50,30,50,Rsast,all
4,0.9056,15.549372434616089,0.07287907600402832,10.4306640625,3.670410633087158,1.1088166236877441,SwedishLeaf,ACF&PACF: n_random_points=10 nb_inst_per_class=30,10,30,Rsast,ACF&PACF
5,0.8992,17.243311405181885,0.1496284008026123,11.407920122146606,4.288618803024292,1.3537940979003906,SwedishLeaf,ACF&PACF: n_random_points=10 nb_inst_per_class=50,10,50,Rsast,ACF&PACF
6,0.8976,30.24298906326294,0.1451113224029541,11.718183279037476,11.61766767501831,6.678426742553711,SwedishLeaf,ACF&PACF: n_random_points=30 nb_inst_per_class=30,30,30,Rsast,ACF&PACF
7,0.9056,31.460759162902832,0.14211750030517578,11.858914136886597,12.216219902038574,7.128542423248291,SwedishLeaf,ACF&PACF: n_random_points=30 nb_inst_per_class=50,30,50,Rsast,ACF&PACF
