,accuracy,time,cweights_time,fsubsequence_time,tdataset_time,tclassifier_time,dataset_name,classifier_name,rpoint,nb_per_class,method,len_method
0,0.9666666666666667,4.02763819694519,0.025229454040527344,1.0013253688812256,2.171934127807617,0.806572437286377,PowerCons,all: n_random_points=10 nb_inst_per_class=30,10,30,Rsast,all
1,0.9777777777777777,6.192281246185303,0.02501964569091797,1.6814210414886475,3.088933229446411,1.3588685989379883,PowerCons,all: n_random_points=10 nb_inst_per_class=50,10,50,Rsast,all
2,0.9777777777777777,8.827248334884644,0.027653932571411133,1.617913007736206,5.026427268981934,2.096682548522949,PowerCons,all: n_random_points=30 nb_inst_per_class=30,30,30,Rsast,all
3,0.9611111111111111,14.150299549102783,0.04607105255126953,3.3195271492004395,7.220783948898315,3.465257406234741,PowerCons,all: n_random_points=30 nb_inst_per_class=50,30,50,Rsast,all
4,0.8722222222222222,3.1742210388183594,0.046241044998168945,2.649885892868042,0.37120676040649414,0.06311178207397461,PowerCons,ACF&PACF: n_random_points=10 nb_inst_per_class=30,10,30,Rsast,ACF&PACF
5,0.8777777777777778,4.524905204772949,0.025203704833984375,3.7332897186279297,0.6441149711608887,0.11727380752563477,PowerCons,ACF&PACF: n_random_points=10 nb_inst_per_class=50,10,50,Rsast,ACF&PACF
6,0.8777777777777778,3.409712076187134,0.02556133270263672,2.1059963703155518,0.9767308235168457,0.2936432361602783,PowerCons,ACF&PACF: n_random_points=30 nb_inst_per_class=30,30,30,Rsast,ACF&PACF
7,0.8833333333333333,6.114853858947754,0.026452302932739258,3.783682346343994,1.6861648559570312,0.595167875289917,PowerCons,ACF&PACF: n_random_points=30 nb_inst_per_class=50,30,50,Rsast,ACF&PACF
