,accuracy,time,cweights_time,fsubsequence_time,tdataset_time,tclassifier_time,dataset_name,classifier_name,rpoint,nb_per_class,method,len_method
0,0.7494505494505495,143.8729124069214,0.800520658493042,16.603021383285522,107.92483282089233,18.20534920692444,FiftyWords,all: n_random_points=10 nb_inst_per_class=30,10,30,Rsast,all
1,0.7516483516483516,158.62807178497314,0.41931605339050293,17.060063362121582,121.42358160018921,19.35168433189392,FiftyWords,all: n_random_points=10 nb_inst_per_class=50,10,50,Rsast,all
2,0.7516483516483516,393.5787146091461,0.7866833209991455,23.142961740493774,317.0677285194397,51.93901300430298,FiftyWords,all: n_random_points=30 nb_inst_per_class=30,30,30,Rsast,all
3,0.7494505494505495,440.3362855911255,0.41457319259643555,25.477776527404785,359.40491938591003,54.05585980415344,FiftyWords,all: n_random_points=30 nb_inst_per_class=50,30,50,Rsast,all
4,0.7670329670329671,91.9642698764801,0.77748703956604,66.82247042655945,20.164738178253174,3.5458152294158936,FiftyWords,ACF&PACF: n_random_points=10 nb_inst_per_class=30,10,30,Rsast,ACF&PACF
5,0.7692307692307693,101.03508138656616,0.8112163543701172,73.32136535644531,23.047635555267334,3.7508704662323,FiftyWords,ACF&PACF: n_random_points=10 nb_inst_per_class=50,10,50,Rsast,ACF&PACF
6,0.7670329670329671,171.92918610572815,0.8148293495178223,98.02314329147339,62.15055727958679,10.765860319137573,FiftyWords,ACF&PACF: n_random_points=30 nb_inst_per_class=30,30,30,Rsast,ACF&PACF
7,0.7648351648351648,186.58844923973083,0.7992403507232666,106.20484113693237,67.50940251350403,11.86221170425415,FiftyWords,ACF&PACF: n_random_points=30 nb_inst_per_class=50,30,50,Rsast,ACF&PACF
