,accuracy,time,cweights_time,fsubsequence_time,tdataset_time,tclassifier_time,dataset_name,classifier_name,rpoint,nb_per_class,method,len_method
0,0.9854227405247813,0.08345675468444824,0.005514383316040039,0.06829547882080078,0.0057146549224853516,0.0032091140747070312,Chinatown,all: n_random_points=10 nb_inst_per_class=30,10,30,Rsast,all
1,0.9854227405247813,0.09414362907409668,0.006329536437988281,0.06723165512084961,0.015336990356445312,0.0041964054107666016,Chinatown,all: n_random_points=10 nb_inst_per_class=50,10,50,Rsast,all
2,0.9854227405247813,0.1364443302154541,0.00785684585571289,0.11152338981628418,0.009304523468017578,0.004512310028076172,Chinatown,all: n_random_points=30 nb_inst_per_class=30,30,30,Rsast,all
3,0.9854227405247813,0.12337803840637207,0.007178544998168945,0.10422515869140625,0.005494594573974609,0.003950357437133789,Chinatown,all: n_random_points=30 nb_inst_per_class=50,30,50,Rsast,all
4,0.9825072886297376,0.05623650550842285,0.006888628005981445,0.04282665252685547,0.0020241737365722656,0.0032629966735839844,Chinatown,ACF&PACF: n_random_points=10 nb_inst_per_class=30,10,30,Rsast,ACF&PACF
5,0.9795918367346939,0.05544424057006836,0.00688624382019043,0.04347968101501465,0.0018241405487060547,0.002680063247680664,Chinatown,ACF&PACF: n_random_points=10 nb_inst_per_class=50,10,50,Rsast,ACF&PACF
6,0.9825072886297376,0.060726165771484375,0.006880044937133789,0.047000885009765625,0.0030698776245117188,0.003185272216796875,Chinatown,ACF&PACF: n_random_points=30 nb_inst_per_class=30,30,30,Rsast,ACF&PACF
7,0.9825072886297376,0.059243202209472656,0.0069010257720947266,0.0467836856842041,0.0021932125091552734,0.0027379989624023438,Chinatown,ACF&PACF: n_random_points=30 nb_inst_per_class=50,30,50,Rsast,ACF&PACF
