,accuracy,time,cweights_time,fsubsequence_time,tdataset_time,tclassifier_time,dataset_name,classifier_name,rpoint,nb_per_class,method,len_method
0,0.7137681159420289,3.9853103160858154,0.031862497329711914,0.9489903450012207,2.061521291732788,0.9209449291229248,DistalPhalanxOutlineCorrect,all: n_random_points=10 nb_inst_per_class=30,10,30,Rsast,all
1,0.7282608695652174,5.769262790679932,0.03183174133300781,1.3552491664886475,2.7298755645751953,1.6191987991333008,DistalPhalanxOutlineCorrect,all: n_random_points=10 nb_inst_per_class=50,10,50,Rsast,all
2,0.7318840579710145,7.2893946170806885,0.017821550369262695,0.8034729957580566,3.8619000911712646,2.5612401962280273,DistalPhalanxOutlineCorrect,all: n_random_points=30 nb_inst_per_class=30,30,30,Rsast,all
3,0.717391304347826,12.176476240158081,0.022216081619262695,1.4734573364257812,5.999612331390381,4.620358943939209,DistalPhalanxOutlineCorrect,all: n_random_points=30 nb_inst_per_class=50,30,50,Rsast,all
4,0.7536231884057971,1.1733894348144531,0.021150588989257812,0.5062465667724609,0.4198281764984131,0.193511962890625,DistalPhalanxOutlineCorrect,ACF&PACF: n_random_points=10 nb_inst_per_class=30,10,30,Rsast,ACF&PACF
5,0.7282608695652174,1.7332422733306885,0.03227591514587402,0.9569387435913086,0.5190274715423584,0.22096848487854004,DistalPhalanxOutlineCorrect,ACF&PACF: n_random_points=10 nb_inst_per_class=50,10,50,Rsast,ACF&PACF
6,0.6956521739130435,1.608811378479004,0.017723798751831055,0.5378913879394531,0.7488696575164795,0.3009970188140869,DistalPhalanxOutlineCorrect,ACF&PACF: n_random_points=30 nb_inst_per_class=30,30,30,Rsast,ACF&PACF
7,0.7282608695652174,2.8147096633911133,0.017835378646850586,0.8228061199188232,1.4063441753387451,0.5617623329162598,DistalPhalanxOutlineCorrect,ACF&PACF: n_random_points=30 nb_inst_per_class=50,30,50,Rsast,ACF&PACF
