,accuracy,time,cweights_time,fsubsequence_time,tdataset_time,tclassifier_time,dataset_name,classifier_name,rpoint,nb_per_class,method,len_method
0,0.775609756097561,5.503515005111694,0.02835845947265625,1.304182767868042,2.5521438121795654,1.5725796222686768,ProximalPhalanxTW,all: n_random_points=10 nb_inst_per_class=30,10,30,Rsast,all
1,0.7658536585365854,7.463309049606323,0.04244804382324219,1.8694992065429688,3.185934543609619,2.2973544597625732,ProximalPhalanxTW,all: n_random_points=10 nb_inst_per_class=50,10,50,Rsast,all
2,0.775609756097561,14.080141305923462,0.04597926139831543,2.5545902252197266,6.476534128189087,4.896159887313843,ProximalPhalanxTW,all: n_random_points=30 nb_inst_per_class=30,30,30,Rsast,all
3,0.7804878048780488,17.649157762527466,0.025348663330078125,2.8379099369049072,7.534986972808838,7.122982740402222,ProximalPhalanxTW,all: n_random_points=30 nb_inst_per_class=50,30,50,Rsast,all
4,0.7853658536585366,2.205622434616089,0.02525925636291504,1.5450787544250488,0.46494245529174805,0.12527751922607422,ProximalPhalanxTW,ACF&PACF: n_random_points=10 nb_inst_per_class=30,10,30,Rsast,ACF&PACF
5,0.7853658536585366,2.46754789352417,0.025109529495239258,1.7169127464294434,0.5459094047546387,0.17110347747802734,ProximalPhalanxTW,ACF&PACF: n_random_points=10 nb_inst_per_class=50,10,50,Rsast,ACF&PACF
6,0.775609756097561,2.874258518218994,0.041593074798583984,1.2893104553222656,1.0771987438201904,0.45531749725341797,ProximalPhalanxTW,ACF&PACF: n_random_points=30 nb_inst_per_class=30,30,30,Rsast,ACF&PACF
7,0.7804878048780488,4.698992490768433,0.04152631759643555,2.3529858589172363,1.5742087364196777,0.6919565200805664,ProximalPhalanxTW,ACF&PACF: n_random_points=30 nb_inst_per_class=50,30,50,Rsast,ACF&PACF
