,accuracy,time,cweights_time,fsubsequence_time,tdataset_time,tclassifier_time,dataset_name,classifier_name,rpoint,nb_per_class,method,len_method
0,0.8694158075601375,3.8297977447509766,0.04622030258178711,0.9361271858215332,2.0156843662261963,0.8011023998260498,ProximalPhalanxOutlineCorrect,all: n_random_points=10 nb_inst_per_class=30,10,30,Rsast,all
1,0.8625429553264605,5.726714134216309,0.03233623504638672,1.2675073146820068,2.773394823074341,1.6178300380706787,ProximalPhalanxOutlineCorrect,all: n_random_points=10 nb_inst_per_class=50,10,50,Rsast,all
2,0.845360824742268,7.465986013412476,0.023531436920166016,0.9708647727966309,3.896228551864624,2.522531032562256,ProximalPhalanxOutlineCorrect,all: n_random_points=30 nb_inst_per_class=30,30,30,Rsast,all
3,0.852233676975945,12.499964714050293,0.028106212615966797,2.5690829753875732,6.077185153961182,3.73172664642334,ProximalPhalanxOutlineCorrect,all: n_random_points=30 nb_inst_per_class=50,30,50,Rsast,all
4,0.8556701030927835,0.9791080951690674,0.017344951629638672,0.4483625888824463,0.3400890827178955,0.14520668983459473,ProximalPhalanxOutlineCorrect,ACF&PACF: n_random_points=10 nb_inst_per_class=30,10,30,Rsast,ACF&PACF
5,0.8625429553264605,1.3194851875305176,0.0178070068359375,0.7144050598144531,0.4246044158935547,0.1606457233428955,ProximalPhalanxOutlineCorrect,ACF&PACF: n_random_points=10 nb_inst_per_class=50,10,50,Rsast,ACF&PACF
6,0.8694158075601375,1.5727882385253906,0.017983675003051758,0.4824204444885254,0.7682533264160156,0.30095481872558594,ProximalPhalanxOutlineCorrect,ACF&PACF: n_random_points=30 nb_inst_per_class=30,30,30,Rsast,ACF&PACF
7,0.8487972508591065,2.857484817504883,0.03168964385986328,1.0395493507385254,1.190843105316162,0.5879249572753906,ProximalPhalanxOutlineCorrect,ACF&PACF: n_random_points=30 nb_inst_per_class=50,30,50,Rsast,ACF&PACF
