,accuracy,time,cweights_time,fsubsequence_time,tdataset_time,tclassifier_time,dataset_name,classifier_name,rpoint,nb_per_class,method,len_method
0,0.8692307692307693,4.726559638977051,0.09215736389160156,2.3082547187805176,2.2341229915618896,0.06415224075317383,ToeSegmentation2,all: n_random_points=10 nb_inst_per_class=30,10,30,Rsast,all
1,0.8692307692307693,5.329230546951294,0.09714865684509277,2.557706832885742,2.554621696472168,0.08514237403869629,ToeSegmentation2,all: n_random_points=10 nb_inst_per_class=50,10,50,Rsast,all
2,0.8769230769230769,9.496317863464355,0.09717464447021484,3.471930980682373,5.641770839691162,0.23174357414245605,ToeSegmentation2,all: n_random_points=30 nb_inst_per_class=30,30,30,Rsast,all
3,0.8769230769230769,9.668157577514648,0.09598660469055176,3.5923454761505127,5.659244537353516,0.23609614372253418,ToeSegmentation2,all: n_random_points=30 nb_inst_per_class=50,30,50,Rsast,all
4,0.8923076923076924,12.95556092262268,0.0968320369720459,12.390298128128052,0.4007551670074463,0.010140180587768555,ToeSegmentation2,ACF&PACF: n_random_points=10 nb_inst_per_class=30,10,30,Rsast,ACF&PACF
5,0.9076923076923077,12.182560920715332,0.05582308769226074,11.74651026725769,0.36115121841430664,0.012638092041015625,ToeSegmentation2,ACF&PACF: n_random_points=10 nb_inst_per_class=50,10,50,Rsast,ACF&PACF
6,0.9076923076923077,12.689879655838013,0.056346893310546875,11.591887712478638,0.9964993000030518,0.0347442626953125,ToeSegmentation2,ACF&PACF: n_random_points=30 nb_inst_per_class=30,30,30,Rsast,ACF&PACF
7,0.8923076923076924,13.338821411132812,0.05128645896911621,12.201671361923218,1.034792423248291,0.03689384460449219,ToeSegmentation2,ACF&PACF: n_random_points=30 nb_inst_per_class=50,30,50,Rsast,ACF&PACF
