,accuracy,time,cweights_time,fsubsequence_time,tdataset_time,tclassifier_time,dataset_name,classifier_name,rpoint,nb_per_class,method,len_method
0,0.8614900314795383,0.39220309257507324,0.018390417098999023,0.31708502769470215,0.042014360427856445,0.011981487274169922,SonyAIBORobotSurface2,all: n_random_points=10 nb_inst_per_class=30,10,30,Rsast,all
1,0.8593913955928646,0.45113635063171387,0.01967024803161621,0.357372522354126,0.05834150314331055,0.010149478912353516,SonyAIBORobotSurface2,all: n_random_points=10 nb_inst_per_class=50,10,50,Rsast,all
2,0.863588667366212,0.7177231311798096,0.020108699798583984,0.5596606731414795,0.10827326774597168,0.02129960060119629,SonyAIBORobotSurface2,all: n_random_points=30 nb_inst_per_class=30,30,30,Rsast,all
3,0.863588667366212,0.7053704261779785,0.019243955612182617,0.5442357063293457,0.10554838180541992,0.021943330764770508,SonyAIBORobotSurface2,all: n_random_points=30 nb_inst_per_class=50,30,50,Rsast,all
4,0.9181532004197271,0.27321457862854004,0.018651962280273438,0.19989848136901855,0.03915095329284668,0.004061698913574219,SonyAIBORobotSurface2,ACF&PACF: n_random_points=10 nb_inst_per_class=30,10,30,Rsast,ACF&PACF
5,0.9034627492130115,0.21469879150390625,0.017810583114624023,0.15504956245422363,0.03442025184631348,0.005463123321533203,SonyAIBORobotSurface2,ACF&PACF: n_random_points=10 nb_inst_per_class=50,10,50,Rsast,ACF&PACF
6,0.9108079748163693,0.25085878372192383,0.01997852325439453,0.18036317825317383,0.04135394096374512,0.007740020751953125,SonyAIBORobotSurface2,ACF&PACF: n_random_points=30 nb_inst_per_class=30,30,30,Rsast,ACF&PACF
7,0.9097586568730325,0.2776169776916504,0.018516063690185547,0.2021958827972412,0.04781794548034668,0.00678563117980957,SonyAIBORobotSurface2,ACF&PACF: n_random_points=30 nb_inst_per_class=50,30,50,Rsast,ACF&PACF
