,accuracy,time,cweights_time,fsubsequence_time,tdataset_time,tclassifier_time,dataset_name,classifier_name,rpoint,nb_per_class,method,len_method
0,0.8692307692307693,4.763046503067017,0.06090354919433594,1.8683960437774658,2.70314621925354,0.10486936569213867,ToeSegmentation2,all: n_random_points=10 nb_inst_per_class=30,10,30,Rsast,all
1,0.8692307692307693,4.4735107421875,0.05884361267089844,1.8504807949066162,2.4486324787139893,0.09198951721191406,ToeSegmentation2,all: n_random_points=10 nb_inst_per_class=50,10,50,Rsast,all
2,0.8769230769230769,9.268864154815674,0.0963590145111084,3.5234503746032715,5.362280368804932,0.2380049228668213,ToeSegmentation2,all: n_random_points=30 nb_inst_per_class=30,30,30,Rsast,all
3,0.8769230769230769,9.581076860427856,0.09874963760375977,3.5747034549713135,5.59199070930481,0.22255682945251465,ToeSegmentation2,all: n_random_points=30 nb_inst_per_class=50,30,50,Rsast,all
4,0.9153846153846154,15.046701669692993,0.09653043746948242,14.472139358520508,0.4057283401489258,0.010954618453979492,ToeSegmentation2,ACF&PACF: n_random_points=10 nb_inst_per_class=30,10,30,Rsast,ACF&PACF
5,0.8923076923076924,14.95892333984375,0.09116935729980469,14.453932285308838,0.39327192306518555,0.012006521224975586,ToeSegmentation2,ACF&PACF: n_random_points=10 nb_inst_per_class=50,10,50,Rsast,ACF&PACF
6,0.9076923076923077,13.816697597503662,0.06438851356506348,12.776459217071533,0.9342288970947266,0.029628276824951172,ToeSegmentation2,ACF&PACF: n_random_points=30 nb_inst_per_class=30,30,30,Rsast,ACF&PACF
7,0.9153846153846154,13.872894048690796,0.09617972373962402,12.678507566452026,1.0413272380828857,0.03326582908630371,ToeSegmentation2,ACF&PACF: n_random_points=30 nb_inst_per_class=50,30,50,Rsast,ACF&PACF
