,accuracy,time,cweights_time,fsubsequence_time,tdataset_time,tclassifier_time,dataset_name,classifier_name,rpoint,nb_per_class,method,len_method
0,0.9166666666666666,16.850140810012817,0.11690282821655273,6.022508859634399,10.301085233688354,0.33203792572021484,Meat,all: n_random_points=10 nb_inst_per_class=30,10,30,Rsast,all
1,0.9166666666666666,15.318150997161865,0.08772468566894531,4.259906053543091,10.547698974609375,0.36005568504333496,Meat,all: n_random_points=10 nb_inst_per_class=50,10,50,Rsast,all
2,0.9333333333333333,38.247801065444946,0.1562185287475586,7.172802925109863,29.87438678741455,0.907564640045166,Meat,all: n_random_points=30 nb_inst_per_class=30,30,30,Rsast,all
3,0.9166666666666666,37.78329563140869,0.14403343200683594,7.117437124252319,29.470887899398804,0.8900971412658691,Meat,all: n_random_points=30 nb_inst_per_class=50,30,50,Rsast,all
4,0.9666666666666667,49.03801989555359,0.1250307559967041,45.70806622505188,3.0639607906341553,0.06406497955322266,Meat,ACF&PACF: n_random_points=10 nb_inst_per_class=30,10,30,Rsast,ACF&PACF
5,0.9166666666666666,43.42583513259888,0.10186982154846191,40.23196721076965,3.0006322860717773,0.06490969657897949,Meat,ACF&PACF: n_random_points=10 nb_inst_per_class=50,10,50,Rsast,ACF&PACF
6,0.95,51.96122097969055,0.10514473915100098,42.38363838195801,9.14619779586792,0.2861313819885254,Meat,ACF&PACF: n_random_points=30 nb_inst_per_class=30,30,30,Rsast,ACF&PACF
7,0.9666666666666667,55.18501400947571,0.1576063632965088,45.644928216934204,9.059895515441895,0.26174306869506836,Meat,ACF&PACF: n_random_points=30 nb_inst_per_class=50,30,50,Rsast,ACF&PACF
