,accuracy,time,cweights_time,fsubsequence_time,tdataset_time,tclassifier_time,dataset_name,classifier_name,rpoint,nb_per_class,method,len_method
0,0.9607843137254902,2.020207405090332,0.11280441284179688,1.2676737308502197,0.6150779724121094,0.014676332473754883,DiatomSizeReduction,all: n_random_points=10 nb_inst_per_class=30,10,30,Rsast,all
1,0.9607843137254902,2.257390022277832,0.09957695007324219,1.4973914623260498,0.6278765201568604,0.015022516250610352,DiatomSizeReduction,all: n_random_points=10 nb_inst_per_class=50,10,50,Rsast,all
2,0.9640522875816994,3.884025812149048,0.12317132949829102,1.9214160442352295,1.772275686264038,0.03596687316894531,DiatomSizeReduction,all: n_random_points=30 nb_inst_per_class=30,30,30,Rsast,all
3,0.9640522875816994,4.042799949645996,0.14998626708984375,2.0343081951141357,1.7679190635681152,0.03246450424194336,DiatomSizeReduction,all: n_random_points=30 nb_inst_per_class=50,30,50,Rsast,all
4,0.9640522875816994,5.765857458114624,0.11428380012512207,5.5212321281433105,0.10143804550170898,0.004776477813720703,DiatomSizeReduction,ACF&PACF: n_random_points=10 nb_inst_per_class=30,10,30,Rsast,ACF&PACF
5,0.9477124183006536,6.023481369018555,0.11188292503356934,5.774326801300049,0.10568356513977051,0.02733325958251953,DiatomSizeReduction,ACF&PACF: n_random_points=10 nb_inst_per_class=50,10,50,Rsast,ACF&PACF
6,0.9607843137254902,6.198519945144653,0.08458280563354492,5.842337131500244,0.25581884384155273,0.0090789794921875,DiatomSizeReduction,ACF&PACF: n_random_points=30 nb_inst_per_class=30,30,30,Rsast,ACF&PACF
7,0.9444444444444444,5.799582481384277,0.08365035057067871,5.429119110107422,0.26474666595458984,0.016152620315551758,DiatomSizeReduction,ACF&PACF: n_random_points=30 nb_inst_per_class=50,30,50,Rsast,ACF&PACF
