,accuracy,time,cweights_time,fsubsequence_time,tdataset_time,tclassifier_time,dataset_name,classifier_name,rpoint,nb_per_class,method,len_method
0,0.7804878048780488,5.940569877624512,0.056406497955322266,1.770998477935791,2.778671979904175,1.2762315273284912,ProximalPhalanxTW,all: n_random_points=10 nb_inst_per_class=30,10,30,Rsast,all
1,0.7658536585365854,7.690871238708496,0.05736851692199707,2.1842849254608154,3.1886141300201416,2.2032699584960938,ProximalPhalanxTW,all: n_random_points=10 nb_inst_per_class=50,10,50,Rsast,all
2,0.7853658536585366,13.536898136138916,0.03211617469787598,2.5102901458740234,5.814213514328003,5.078394651412964,ProximalPhalanxTW,all: n_random_points=30 nb_inst_per_class=30,30,30,Rsast,all
3,0.7853658536585366,18.751036882400513,0.035895586013793945,3.0527114868164062,7.912739515304565,7.579629898071289,ProximalPhalanxTW,all: n_random_points=30 nb_inst_per_class=50,30,50,Rsast,all
4,0.7853658536585366,1.7023627758026123,0.02563190460205078,1.0884897708892822,0.42830538749694824,0.12029552459716797,ProximalPhalanxTW,ACF&PACF: n_random_points=10 nb_inst_per_class=30,10,30,Rsast,ACF&PACF
5,0.7951219512195122,2.287419319152832,0.02522897720336914,1.5270121097564697,0.5648190975189209,0.164870023727417,ProximalPhalanxTW,ACF&PACF: n_random_points=10 nb_inst_per_class=50,10,50,Rsast,ACF&PACF
6,0.7902439024390244,2.771193265914917,0.034522294998168945,1.207343339920044,1.1284167766571045,0.38904571533203125,ProximalPhalanxTW,ACF&PACF: n_random_points=30 nb_inst_per_class=30,30,30,Rsast,ACF&PACF
7,0.7804878048780488,4.044045925140381,0.039354801177978516,1.9735631942749023,1.4472894668579102,0.5592291355133057,ProximalPhalanxTW,ACF&PACF: n_random_points=30 nb_inst_per_class=50,30,50,Rsast,ACF&PACF
