,accuracy,time,cweights_time,fsubsequence_time,tdataset_time,tclassifier_time,dataset_name,classifier_name,rpoint,nb_per_class,method,len_method
0,0.98,1.6312103271484375,0.024064064025878906,0.8816752433776855,0.6541798114776611,0.06270551681518555,GunPoint,all: n_random_points=10 nb_inst_per_class=30,10,30,Rsast,all
1,0.98,2.3593332767486572,0.04227185249328613,1.587057113647461,0.6561470031738281,0.056212425231933594,GunPoint,all: n_random_points=10 nb_inst_per_class=50,10,50,Rsast,all
2,0.98,3.9312210083007812,0.041677236557006836,1.9277818202972412,1.719684362411499,0.21600079536437988,GunPoint,all: n_random_points=30 nb_inst_per_class=30,30,30,Rsast,all
3,0.98,3.3826351165771484,0.025241851806640625,1.4000980854034424,1.7036004066467285,0.2193443775177002,GunPoint,all: n_random_points=30 nb_inst_per_class=50,30,50,Rsast,all
4,0.98,2.280165195465088,0.04282426834106445,2.0829975605010986,0.11156773567199707,0.008193016052246094,GunPoint,ACF&PACF: n_random_points=10 nb_inst_per_class=30,10,30,Rsast,ACF&PACF
5,0.96,1.794921636581421,0.023604631423950195,1.6403930187225342,0.11430525779724121,0.011914491653442383,GunPoint,ACF&PACF: n_random_points=10 nb_inst_per_class=50,10,50,Rsast,ACF&PACF
6,0.98,2.295400857925415,0.02381443977355957,1.9868359565734863,0.26174354553222656,0.018196821212768555,GunPoint,ACF&PACF: n_random_points=30 nb_inst_per_class=30,30,30,Rsast,ACF&PACF
7,0.98,2.10919189453125,0.023586273193359375,1.7959914207458496,0.2634468078613281,0.018785953521728516,GunPoint,ACF&PACF: n_random_points=30 nb_inst_per_class=50,30,50,Rsast,ACF&PACF
