,accuracy,time,cweights_time,fsubsequence_time,tdataset_time,tclassifier_time,dataset_name,classifier_name,rpoint,nb_per_class,method,len_method
0,0.7564102564102564,139.73207259178162,0.29536914825439453,17.034173011779785,107.15357422828674,14.964733123779297,CricketY,all: n_random_points=10 nb_inst_per_class=30,10,30,Rsast,all
1,0.7512820512820513,153.8675980567932,0.25743818283081055,17.107279777526855,119.37763214111328,16.71378493309021,CricketY,all: n_random_points=10 nb_inst_per_class=50,10,50,Rsast,all
2,0.7615384615384615,379.8254392147064,0.23272442817687988,23.238001823425293,314.7992398738861,40.9791522026062,CricketY,all: n_random_points=30 nb_inst_per_class=30,30,30,Rsast,all
3,0.7589743589743589,418.18219447135925,0.29344868659973145,25.33128070831299,347.00329184532166,44.58413314819336,CricketY,all: n_random_points=30 nb_inst_per_class=50,30,50,Rsast,all
4,0.7615384615384615,95.52938771247864,0.29494452476501465,81.5139319896698,11.847970008850098,1.1638360023498535,CricketY,ACF&PACF: n_random_points=10 nb_inst_per_class=30,10,30,Rsast,ACF&PACF
5,0.7666666666666667,103.67370271682739,0.29412150382995605,88.95303964614868,13.069977045059204,1.2985846996307373,CricketY,ACF&PACF: n_random_points=10 nb_inst_per_class=50,10,50,Rsast,ACF&PACF
6,0.7564102564102564,124.1761257648468,0.2250382900238037,81.87585806846619,36.04767918586731,5.927828788757324,CricketY,ACF&PACF: n_random_points=30 nb_inst_per_class=30,30,30,Rsast,ACF&PACF
7,0.7564102564102564,141.12708830833435,0.29079127311706543,94.7729287147522,39.25569486618042,6.66414475440979,CricketY,ACF&PACF: n_random_points=30 nb_inst_per_class=50,30,50,Rsast,ACF&PACF
