,accuracy,time,cweights_time,fsubsequence_time,tdataset_time,tclassifier_time,dataset_name,classifier_name,rpoint,nb_per_class,method,len_method
0,0.9283582089552239,114.98601698875427,0.4075930118560791,110.61370396614075,3.9538235664367676,0.008626222610473633,Mallat,ACF&PACF: n_random_points=10 nb_inst_per_class=1,10,1,Rsast,ACF&PACF
1,0.9360341151385928,889.5474119186401,0.4025430679321289,861.6448330879211,27.441441774368286,0.04753756523132324,Mallat,ACF&PACF: n_random_points=10 nb_inst_per_class=10,10,10,Rsast,ACF&PACF
2,0.9147121535181236,129.33840227127075,0.40433263778686523,118.96458101272583,9.882903575897217,0.06367063522338867,Mallat,ACF&PACF: n_random_points=30 nb_inst_per_class=1,30,1,Rsast,ACF&PACF
3,0.9364605543710022,898.8380663394928,0.40061235427856445,813.6495079994202,84.60733366012573,0.15330243110656738,Mallat,ACF&PACF: n_random_points=30 nb_inst_per_class=10,30,10,Rsast,ACF&PACF
4,0.8336886993603412,112.3913562297821,0.4069962501525879,111.80809617042542,0.12036013603210449,0.005429267883300781,Mallat,Max PACF: n_random_points=10 nb_inst_per_class=1,10,1,Rsast,Max PACF
5,0.8486140724946695,885.794294834137,0.40154194831848145,884.9996497631073,0.3847193717956543,0.007421731948852539,Mallat,Max PACF: n_random_points=10 nb_inst_per_class=10,10,10,Rsast,Max PACF
6,0.8081023454157783,117.1561987400055,0.41596436500549316,116.56182551383972,0.16999101638793945,0.007487773895263672,Mallat,Max PACF: n_random_points=30 nb_inst_per_class=1,30,1,Rsast,Max PACF
7,0.8588486140724947,896.9455134868622,0.40369415283203125,895.7075884342194,0.824150800704956,0.009052038192749023,Mallat,Max PACF: n_random_points=30 nb_inst_per_class=10,30,10,Rsast,Max PACF
8,0.8,0.48041725158691406,0.4046006202697754,0.002833843231201172,0.06438064575195312,0.007486820220947266,Mallat,None: n_random_points=10 nb_inst_per_class=1,10,1,Rsast,None
9,0.9356076759061833,0.7259094715118408,0.4092707633972168,0.017720937728881836,0.29085707664489746,0.007232666015625,Mallat,None: n_random_points=10 nb_inst_per_class=10,10,10,Rsast,None
10,0.9364605543710022,0.5620753765106201,0.40771913528442383,0.004204511642456055,0.14160823822021484,0.007473468780517578,Mallat,None: n_random_points=30 nb_inst_per_class=1,30,1,Rsast,None
11,0.9283582089552239,1.1847095489501953,0.4082918167114258,0.02700328826904297,0.7277607917785645,0.020377635955810547,Mallat,None: n_random_points=30 nb_inst_per_class=10,30,10,Rsast,None
