,accuracy,time,cweights_time,fsubsequence_time,tdataset_time,tclassifier_time,dataset_name,classifier_name,rpoint,nb_per_class,method,len_method
0,0.9445628997867804,256.66454219818115,0.43427109718322754,248.42186832427979,7.793161630630493,0.013239860534667969,Mallat,ACF&PACF: n_random_points=10 nb_inst_per_class=1,10,1,Rsast,ACF&PACF
1,0.9488272921108742,1121.376229763031,0.4099893569946289,1060.7860610485077,60.11126708984375,0.06016135215759277,Mallat,ACF&PACF: n_random_points=10 nb_inst_per_class=10,10,10,Rsast,ACF&PACF
2,0.9458422174840085,200.35945177078247,0.40799832344055176,175.13352632522583,24.715745210647583,0.07056736946105957,Mallat,ACF&PACF: n_random_points=30 nb_inst_per_class=1,30,1,Rsast,ACF&PACF
3,0.949680170575693,1321.9843332767487,0.43422794342041016,1185.2856001853943,136.10317301750183,0.12603044509887695,Mallat,ACF&PACF: n_random_points=30 nb_inst_per_class=10,30,10,Rsast,ACF&PACF
4,0.8699360341151386,179.0388011932373,0.415569543838501,178.38015174865723,0.19282221794128418,0.006876468658447266,Mallat,Max PACF: n_random_points=10 nb_inst_per_class=1,10,1,Rsast,Max PACF
5,0.9074626865671642,1258.0206515789032,0.41436171531677246,1256.868083000183,0.7334439754486084,0.003964900970458984,Mallat,Max PACF: n_random_points=10 nb_inst_per_class=10,10,10,Rsast,Max PACF
6,0.8626865671641791,190.23829650878906,0.416015625,189.41251277923584,0.40042734146118164,0.00851297378540039,Mallat,Max PACF: n_random_points=30 nb_inst_per_class=1,30,1,Rsast,Max PACF
7,0.9176972281449893,1359.1051571369171,0.41708850860595703,1356.8424417972565,1.796461582183838,0.048213958740234375,Mallat,Max PACF: n_random_points=30 nb_inst_per_class=10,30,10,Rsast,Max PACF
8,0.9027718550106609,0.5295653343200684,0.4119141101837158,0.002851724624633789,0.10676026344299316,0.006996631622314453,Mallat,None: n_random_points=10 nb_inst_per_class=1,10,1,Rsast,None
9,0.9599147121535181,0.9950366020202637,0.45865345001220703,0.016471147537231445,0.5124413967132568,0.006931781768798828,Mallat,None: n_random_points=10 nb_inst_per_class=10,10,10,Rsast,None
10,0.9509594882729211,0.7756927013397217,0.49126267433166504,0.0038347244262695312,0.2712705135345459,0.008693218231201172,Mallat,None: n_random_points=30 nb_inst_per_class=1,30,1,Rsast,None
11,0.9650319829424308,1.9779794216156006,0.4152851104736328,0.024159908294677734,1.5130479335784912,0.024824142456054688,Mallat,None: n_random_points=30 nb_inst_per_class=10,30,10,Rsast,None
