,accuracy,time,cweights_time,fsubsequence_time,tdataset_time,tclassifier_time,dataset_name,classifier_name,rpoint,nb_per_class,method,len_method
0,0.9530916844349681,99.58920574188232,0.4327049255371094,89.93153667449951,9.19696593284607,0.025785446166992188,Mallat,ACF&PACF: n_random_points=10 nb_inst_per_class=1,10,1,Rsast,ACF&PACF
1,0.9518123667377398,649.0302412509918,0.4658360481262207,597.2798190116882,51.23808813095093,0.036440372467041016,Mallat,ACF&PACF: n_random_points=10 nb_inst_per_class=10,10,10,Rsast,ACF&PACF
2,0.9356076759061833,119.16558504104614,0.41159892082214355,93.94652128219604,24.766117334365845,0.021580219268798828,Mallat,ACF&PACF: n_random_points=30 nb_inst_per_class=1,30,1,Rsast,ACF&PACF
3,0.9522388059701492,729.9014701843262,0.41604065895080566,591.6497485637665,137.68594074249268,0.12476181983947754,Mallat,ACF&PACF: n_random_points=30 nb_inst_per_class=10,30,10,Rsast,ACF&PACF
4,0.8891257995735607,94.14424705505371,0.41048622131347656,93.47777342796326,0.2085433006286621,0.003581523895263672,Mallat,Max PACF: n_random_points=10 nb_inst_per_class=1,10,1,Rsast,Max PACF
5,0.9142857142857143,587.4463715553284,0.4137086868286133,586.3616812229156,0.6625258922576904,0.007646083831787109,Mallat,Max PACF: n_random_points=10 nb_inst_per_class=10,10,10,Rsast,Max PACF
6,0.8976545842217484,97.2160415649414,0.40905070304870605,96.48890662193298,0.31027674674987793,0.006944417953491211,Mallat,Max PACF: n_random_points=30 nb_inst_per_class=1,30,1,Rsast,Max PACF
7,0.9100213219616204,607.5812623500824,0.4157881736755371,605.4720768928528,1.6797780990600586,0.012715339660644531,Mallat,Max PACF: n_random_points=30 nb_inst_per_class=10,30,10,Rsast,Max PACF
8,0.9466950959488273,0.5052525997161865,0.4103062152862549,0.0028142929077148438,0.08373689651489258,0.007325172424316406,Mallat,None: n_random_points=10 nb_inst_per_class=1,10,1,Rsast,None
9,0.9573560767590619,0.9999887943267822,0.4608283042907715,0.016458988189697266,0.5152053833007812,0.006953239440917969,Mallat,None: n_random_points=10 nb_inst_per_class=10,10,10,Rsast,None
10,0.9356076759061833,0.6212790012359619,0.41028261184692383,0.0041081905364990234,0.1984395980834961,0.006932973861694336,Mallat,None: n_random_points=30 nb_inst_per_class=1,30,1,Rsast,None
11,0.9658848614072495,1.977513313293457,0.46302223205566406,0.024453163146972656,1.4556164741516113,0.03372073173522949,Mallat,None: n_random_points=30 nb_inst_per_class=10,30,10,Rsast,None
