,accuracy,time,cweights_time,fsubsequence_time,tdataset_time,tclassifier_time,dataset_name,classifier_name,rpoint,nb_per_class,method,len_method
0,0.85,116.72473120689392,0.6049695014953613,80.48278522491455,35.49616074562073,0.1375741958618164,SemgHandGenderCh2,ACF&PACF: n_random_points=10 nb_inst_per_class=1,10,1,Rsast,ACF&PACF
1,0.8866666666666667,1095.5936908721924,0.6082677841186523,712.980854511261,381.76810812950134,0.22647380828857422,SemgHandGenderCh2,ACF&PACF: n_random_points=10 nb_inst_per_class=10,10,10,Rsast,ACF&PACF
2,0.825,203.17741560935974,0.6098241806030273,69.24224543571472,133.18400359153748,0.12617921829223633,SemgHandGenderCh2,ACF&PACF: n_random_points=30 nb_inst_per_class=1,30,1,Rsast,ACF&PACF
3,0.885,1692.4232242107391,0.6703200340270996,716.3916342258453,974.8279778957367,0.5138702392578125,SemgHandGenderCh2,ACF&PACF: n_random_points=30 nb_inst_per_class=10,30,10,Rsast,ACF&PACF
4,0.7833333333333333,63.28532099723816,0.6086077690124512,61.78735971450806,0.5558769702911377,0.3068239688873291,SemgHandGenderCh2,Max PACF: n_random_points=10 nb_inst_per_class=1,10,1,Rsast,Max PACF
5,0.8516666666666667,680.5885651111603,0.604316234588623,676.2303018569946,3.0312206745147705,0.7216799259185791,SemgHandGenderCh2,Max PACF: n_random_points=10 nb_inst_per_class=10,10,10,Rsast,Max PACF
6,0.755,74.46984434127808,0.617548942565918,71.89810395240784,1.2879045009613037,0.664954662322998,SemgHandGenderCh2,Max PACF: n_random_points=30 nb_inst_per_class=1,30,1,Rsast,Max PACF
7,0.765,716.7070095539093,0.6266605854034424,706.971440076828,9.065098524093628,0.042420148849487305,SemgHandGenderCh2,Max PACF: n_random_points=30 nb_inst_per_class=10,30,10,Rsast,Max PACF
8,0.7666666666666667,1.394378662109375,0.6226544380187988,0.001600503921508789,0.3685164451599121,0.39861369132995605,SemgHandGenderCh2,None: n_random_points=10 nb_inst_per_class=1,10,1,Rsast,None
9,0.8916666666666667,4.116641998291016,0.6098575592041016,0.00847625732421875,2.7446823120117188,0.752899169921875,SemgHandGenderCh2,None: n_random_points=10 nb_inst_per_class=10,10,10,Rsast,None
10,0.7933333333333333,1.9712259769439697,0.5923078060150146,0.0017590522766113281,0.724236249923706,0.651853084564209,SemgHandGenderCh2,None: n_random_points=30 nb_inst_per_class=1,30,1,Rsast,None
11,0.785,8.668655157089233,0.605811595916748,0.011331558227539062,7.993855714797974,0.05676984786987305,SemgHandGenderCh2,None: n_random_points=30 nb_inst_per_class=10,30,10,Rsast,None
