,accuracy,time,cweights_time,fsubsequence_time,tdataset_time,tclassifier_time,dataset_name,classifier_name,rpoint,nb_per_class,method,len_method
0,0.7205128205128205,112.70374989509583,0.18982148170471191,111.75458264350891,0.7107522487640381,0.04508376121520996,CricketY,Max PACF: n_random_points=10 nb_inst_per_class=30,10,30,Rsast,Max PACF
1,0.7435897435897436,91.11365485191345,0.20392870903015137,90.2326922416687,0.6240522861480713,0.05029010772705078,CricketY,Max PACF: n_random_points=10 nb_inst_per_class=50,10,50,Rsast,Max PACF
2,0.7410256410256411,79.88478994369507,0.15974926948547363,77.94390869140625,1.701695442199707,0.07583832740783691,CricketY,Max PACF: n_random_points=30 nb_inst_per_class=30,30,30,Rsast,Max PACF
3,0.7435897435897436,92.90341591835022,0.20310425758361816,90.73586559295654,1.8514585494995117,0.10763311386108398,CricketY,Max PACF: n_random_points=30 nb_inst_per_class=50,30,50,Rsast,Max PACF
4,0.735897435897436,1.0247573852539062,0.19518494606018066,0.07239294052124023,0.7018613815307617,0.052205562591552734,CricketY,None: n_random_points=10 nb_inst_per_class=30,10,30,Rsast,None
5,0.7410256410256411,1.346329689025879,0.2870168685913086,0.13236141204833984,0.854428768157959,0.0687870979309082,CricketY,None: n_random_points=10 nb_inst_per_class=50,10,50,Rsast,None
6,0.7692307692307693,2.449538230895996,0.2978556156158447,0.1673903465270996,1.8744897842407227,0.10599565505981445,CricketY,None: n_random_points=30 nb_inst_per_class=30,30,30,Rsast,None
7,0.7410256410256411,2.259002685546875,0.1728348731994629,0.1056983470916748,1.8703503608703613,0.10689115524291992,CricketY,None: n_random_points=30 nb_inst_per_class=50,30,50,Rsast,None
