,accuracy,time,cweights_time,fsubsequence_time,tdataset_time,tclassifier_time,dataset_name,classifier_name,rpoint,nb_per_class,method,len_method
0,0.9683544303797469,2.210435628890991,0.025140762329101562,2.1355550289154053,0.04228687286376953,0.006417512893676758,GunPointAgeSpan,Max PACF: n_random_points=10 nb_inst_per_class=30,10,30,Rsast,Max PACF
1,0.9620253164556962,3.254072666168213,0.0320589542388916,3.179608106613159,0.03455495834350586,0.0069768428802490234,GunPointAgeSpan,Max PACF: n_random_points=10 nb_inst_per_class=50,10,50,Rsast,Max PACF
2,0.9588607594936709,2.0748095512390137,0.025067806243896484,1.983177661895752,0.057189226150512695,0.008561134338378906,GunPointAgeSpan,Max PACF: n_random_points=30 nb_inst_per_class=30,30,30,Rsast,Max PACF
3,0.9841772151898734,3.105679750442505,0.035930633544921875,2.96706485748291,0.09138345718383789,0.010376214981079102,GunPointAgeSpan,Max PACF: n_random_points=30 nb_inst_per_class=50,30,50,Rsast,Max PACF
4,0.9525316455696202,0.07120227813720703,0.025354385375976562,0.009839773178100586,0.028349637985229492,0.006818294525146484,GunPointAgeSpan,None: n_random_points=10 nb_inst_per_class=30,10,30,Rsast,None
5,0.9651898734177216,0.13393831253051758,0.03175830841064453,0.021979808807373047,0.07280826568603516,0.0068302154541015625,GunPointAgeSpan,None: n_random_points=10 nb_inst_per_class=50,10,50,Rsast,None
6,0.9493670886075949,0.11299896240234375,0.031883955001831055,0.01917886734008789,0.05283665657043457,0.00850820541381836,GunPointAgeSpan,None: n_random_points=30 nb_inst_per_class=30,30,30,Rsast,None
7,0.9746835443037974,0.12637615203857422,0.032256126403808594,0.03004145622253418,0.049730539321899414,0.013654232025146484,GunPointAgeSpan,None: n_random_points=30 nb_inst_per_class=50,30,50,Rsast,None
