,accuracy,time,cweights_time,fsubsequence_time,tdataset_time,tclassifier_time,dataset_name,classifier_name,rpoint,nb_per_class,method,len_method
0,0.6857142857142857,5.160958766937256,0.041047096252441406,5.105428695678711,0.008616924285888672,0.0038678646087646484,ArrowHead,Max PACF: n_random_points=10 nb_inst_per_class=30,10,30,Rsast,Max PACF
1,0.68,5.023147106170654,0.043892860412597656,4.963228702545166,0.012902021408081055,0.0026700496673583984,ArrowHead,Max PACF: n_random_points=10 nb_inst_per_class=50,10,50,Rsast,Max PACF
2,0.6857142857142857,5.159929275512695,0.04422187805175781,5.048282861709595,0.060181617736816406,0.006530284881591797,ArrowHead,Max PACF: n_random_points=30 nb_inst_per_class=30,30,30,Rsast,Max PACF
3,0.7371428571428571,4.965986967086792,0.053694725036621094,4.85316014289856,0.049924612045288086,0.007043123245239258,ArrowHead,Max PACF: n_random_points=30 nb_inst_per_class=50,30,50,Rsast,Max PACF
4,0.6742857142857143,0.06461286544799805,0.04576230049133301,0.007485151290893555,0.007660865783691406,0.002266407012939453,ArrowHead,None: n_random_points=10 nb_inst_per_class=30,10,30,Rsast,None
5,0.68,0.060434818267822266,0.043936967849731445,0.006644487380981445,0.007184267044067383,0.0023374557495117188,ArrowHead,None: n_random_points=10 nb_inst_per_class=50,10,50,Rsast,None
6,0.7371428571428571,0.0713200569152832,0.04396510124206543,0.00920414924621582,0.01511073112487793,0.0024378299713134766,ArrowHead,None: n_random_points=30 nb_inst_per_class=30,30,30,Rsast,None
7,0.6914285714285714,0.07190537452697754,0.04406023025512695,0.008796453475952148,0.016314029693603516,0.0023314952850341797,ArrowHead,None: n_random_points=30 nb_inst_per_class=50,30,50,Rsast,None
