,accuracy,time,cweights_time,fsubsequence_time,tdataset_time,tclassifier_time,dataset_name,classifier_name,rpoint,nb_per_class,method,len_method
0,0.7564102564102564,77.32132148742676,0.15903210639953613,76.50098729133606,0.6115429401397705,0.046454429626464844,CricketZ,Max PACF: n_random_points=10 nb_inst_per_class=30,10,30,Rsast,Max PACF
1,0.7717948717948718,85.9216103553772,0.15921974182128906,85.04806876182556,0.6634275913238525,0.04839920997619629,CricketZ,Max PACF: n_random_points=10 nb_inst_per_class=50,10,50,Rsast,Max PACF
2,0.7846153846153846,80.13531112670898,0.15888500213623047,78.29097962379456,1.597245216369629,0.08501863479614258,CricketZ,Max PACF: n_random_points=30 nb_inst_per_class=30,30,30,Rsast,Max PACF
3,0.7717948717948718,99.04346203804016,0.16739368438720703,97.05357718467712,1.7234745025634766,0.0949254035949707,CricketZ,Max PACF: n_random_points=30 nb_inst_per_class=50,30,50,Rsast,Max PACF
4,0.7564102564102564,1.0850975513458252,0.1994953155517578,0.08192825317382812,0.7396047115325928,0.060930490493774414,CricketZ,None: n_random_points=10 nb_inst_per_class=30,10,30,Rsast,None
5,0.7589743589743589,1.2830047607421875,0.28892993927001953,0.13189077377319336,0.7988150119781494,0.061011314392089844,CricketZ,None: n_random_points=10 nb_inst_per_class=50,10,50,Rsast,None
6,0.7487179487179487,2.426783561706543,0.3022284507751465,0.16404938697814941,1.8661789894104004,0.09082889556884766,CricketZ,None: n_random_points=30 nb_inst_per_class=30,30,30,Rsast,None
7,0.7615384615384615,2.676760673522949,0.2799527645111084,0.18436241149902344,2.0800349712371826,0.12784099578857422,CricketZ,None: n_random_points=30 nb_inst_per_class=50,30,50,Rsast,None
