,accuracy,time,cweights_time,fsubsequence_time,tdataset_time,tclassifier_time,dataset_name,classifier_name,rpoint,nb_per_class,method,len_method
0,0.9588607594936709,2.204077959060669,0.024954557418823242,2.1329569816589355,0.03627300262451172,0.008957386016845703,GunPointAgeSpan,Max PACF: n_random_points=10 nb_inst_per_class=30,10,30,Rsast,Max PACF
1,0.939873417721519,3.1817097663879395,0.03068232536315918,3.1039488315582275,0.039144039154052734,0.007332324981689453,GunPointAgeSpan,Max PACF: n_random_points=10 nb_inst_per_class=50,10,50,Rsast,Max PACF
2,0.9525316455696202,1.8594186305999756,0.025569677352905273,1.7649836540222168,0.05956888198852539,0.008589982986450195,GunPointAgeSpan,Max PACF: n_random_points=30 nb_inst_per_class=30,30,30,Rsast,Max PACF
3,0.9588607594936709,3.096527338027954,0.027582883834838867,2.955897331237793,0.09388208389282227,0.01810169219970703,GunPointAgeSpan,Max PACF: n_random_points=30 nb_inst_per_class=50,30,50,Rsast,Max PACF
4,0.9556962025316456,0.059851884841918945,0.025240421295166016,0.011640548706054688,0.013823747634887695,0.007002353668212891,GunPointAgeSpan,None: n_random_points=10 nb_inst_per_class=30,10,30,Rsast,None
5,0.9588607594936709,0.08074355125427246,0.02872323989868164,0.016823530197143555,0.02630138397216797,0.008344173431396484,GunPointAgeSpan,None: n_random_points=10 nb_inst_per_class=50,10,50,Rsast,None
6,0.9778481012658228,0.10156702995300293,0.025992393493652344,0.015156984329223633,0.04686784744262695,0.012534379959106445,GunPointAgeSpan,None: n_random_points=30 nb_inst_per_class=30,30,30,Rsast,None
7,0.9715189873417721,0.12301421165466309,0.028942584991455078,0.024993419647216797,0.0562748908996582,0.011811494827270508,GunPointAgeSpan,None: n_random_points=30 nb_inst_per_class=50,30,50,Rsast,None
