,accuracy,time,cweights_time,fsubsequence_time,tdataset_time,tclassifier_time,dataset_name,classifier_name,rpoint,nb_per_class,method,len_method
0,0.764102564102564,88.64777684211731,0.21332240104675293,87.7805597782135,0.6062185764312744,0.044419050216674805,CricketY,Max PACF: n_random_points=10 nb_inst_per_class=30,10,30,Rsast,Max PACF
1,0.735897435897436,130.4424684047699,0.1641557216644287,129.52748131752014,0.6960992813110352,0.052481889724731445,CricketY,Max PACF: n_random_points=10 nb_inst_per_class=50,10,50,Rsast,Max PACF
2,0.7384615384615385,95.03057360649109,0.17435598373413086,93.02816414833069,1.74180269241333,0.08226442337036133,CricketY,Max PACF: n_random_points=30 nb_inst_per_class=30,30,30,Rsast,Max PACF
3,0.7307692307692307,103.49492192268372,0.23056864738464355,101.3586266040802,1.7834508419036865,0.11671566963195801,CricketY,Max PACF: n_random_points=30 nb_inst_per_class=50,30,50,Rsast,Max PACF
4,0.7153846153846154,0.8380897045135498,0.16071224212646484,0.0701141357421875,0.5549981594085693,0.049573659896850586,CricketY,None: n_random_points=10 nb_inst_per_class=30,10,30,Rsast,None
5,0.7102564102564103,1.2510960102081299,0.20476722717285156,0.09414482116699219,0.8870103359222412,0.06328797340393066,CricketY,None: n_random_points=10 nb_inst_per_class=50,10,50,Rsast,None
6,0.7615384615384615,2.5118367671966553,0.3222198486328125,0.16796207427978516,1.9208247661590576,0.09733057022094727,CricketY,None: n_random_points=30 nb_inst_per_class=30,30,30,Rsast,None
7,0.7512820512820513,2.299550771713257,0.18801236152648926,0.10330677032470703,1.8708884716033936,0.13416242599487305,CricketY,None: n_random_points=30 nb_inst_per_class=50,30,50,Rsast,None
