,accuracy,time,cweights_time,fsubsequence_time,tdataset_time,tclassifier_time,dataset_name,classifier_name,rpoint,nb_per_class,method,len_method
0,0.7360119047619048,193.8936095237732,0.21745061874389648,1.117417812347412,1.9947795867919922,190.54241609573364,Crop,Max PACF: n_random_points=10 nb_inst_per_class=30,10,30,Rsast,Max PACF
1,0.6385119047619048,40.65290641784668,0.24492144584655762,1.9717442989349365,3.177328109741211,35.22586107254028,Crop,Max PACF: n_random_points=10 nb_inst_per_class=50,10,50,Rsast,Max PACF
2,0.682797619047619,42.39127492904663,0.14258408546447754,1.0446996688842773,4.195926189422607,36.95460319519043,Crop,Max PACF: n_random_points=30 nb_inst_per_class=30,30,30,Rsast,Max PACF
3,0.7069642857142857,45.33318495750427,0.24297451972961426,1.9650206565856934,6.348341464996338,36.68901586532593,Crop,Max PACF: n_random_points=30 nb_inst_per_class=50,30,50,Rsast,Max PACF
4,0.746547619047619,156.12715816497803,0.24503087997436523,0.19398999214172363,1.8958816528320312,153.7698769569397,Crop,None: n_random_points=10 nb_inst_per_class=30,10,30,Rsast,None
5,0.6451190476190476,38.79202103614807,0.16956567764282227,0.22206401824951172,2.7838070392608643,35.58704900741577,Crop,None: n_random_points=10 nb_inst_per_class=50,10,50,Rsast,None
6,0.684404761904762,42.127901554107666,0.24622273445129395,0.2612125873565674,3.5969650745391846,37.9803626537323,Crop,None: n_random_points=30 nb_inst_per_class=30,30,30,Rsast,None
7,0.7206547619047619,47.88878679275513,0.2444896697998047,0.37959837913513184,5.358210563659668,41.81196856498718,Crop,None: n_random_points=30 nb_inst_per_class=50,30,50,Rsast,None
