,accuracy,time,cweights_time,fsubsequence_time,tdataset_time,tclassifier_time,dataset_name,classifier_name,rpoint,nb_per_class,method,len_method
0,0.85,0.6773364543914795,0.01999688148498535,0.6396646499633789,0.010967254638671875,0.0061876773834228516,ECG200,Max PACF: n_random_points=10 nb_inst_per_class=30,10,30,Rsast,Max PACF
1,0.88,0.8096802234649658,0.015653610229492188,0.7741379737854004,0.01384115219116211,0.005657672882080078,ECG200,Max PACF: n_random_points=10 nb_inst_per_class=50,10,50,Rsast,Max PACF
2,0.92,0.6534786224365234,0.015432596206665039,0.6010174751281738,0.02793431282043457,0.008568525314331055,ECG200,Max PACF: n_random_points=30 nb_inst_per_class=30,30,30,Rsast,Max PACF
3,0.9,0.8361058235168457,0.015318155288696289,0.7775840759277344,0.03387641906738281,0.008762836456298828,ECG200,Max PACF: n_random_points=30 nb_inst_per_class=50,30,50,Rsast,Max PACF
4,0.83,0.04701375961303711,0.019762516021728516,0.012221336364746094,0.009023904800415039,0.00540471076965332,ECG200,None: n_random_points=10 nb_inst_per_class=30,10,30,Rsast,None
5,0.84,0.051648855209350586,0.019681930541992188,0.016410350799560547,0.009679317474365234,0.005464076995849609,ECG200,None: n_random_points=10 nb_inst_per_class=50,10,50,Rsast,None
6,0.91,0.0627288818359375,0.020289182662963867,0.017534971237182617,0.01761937141418457,0.006816864013671875,ECG200,None: n_random_points=30 nb_inst_per_class=30,30,30,Rsast,None
7,0.81,0.07583975791931152,0.0197293758392334,0.02392125129699707,0.024357318878173828,0.00727391242980957,ECG200,None: n_random_points=30 nb_inst_per_class=50,30,50,Rsast,None
