,accuracy,time,cweights_time,fsubsequence_time,tdataset_time,tclassifier_time,dataset_name,classifier_name,rpoint,nb_per_class,method,len_method
0,0.7974358974358975,105.8902325630188,0.18832635879516602,105.05483531951904,0.5917837619781494,0.052034854888916016,CricketX,Max PACF: n_random_points=10 nb_inst_per_class=30,10,30,Rsast,Max PACF
1,0.7794871794871795,113.35468006134033,0.17670083045959473,112.46413969993591,0.6591053009033203,0.05211782455444336,CricketX,Max PACF: n_random_points=10 nb_inst_per_class=50,10,50,Rsast,Max PACF
2,0.7897435897435897,93.52526116371155,0.15868210792541504,91.64670896530151,1.63191819190979,0.08510589599609375,CricketX,Max PACF: n_random_points=30 nb_inst_per_class=30,30,30,Rsast,Max PACF
3,0.7948717948717948,100.61470651626587,0.18779563903808594,98.53205180168152,1.7959649562835693,0.09399247169494629,CricketX,Max PACF: n_random_points=30 nb_inst_per_class=50,30,50,Rsast,Max PACF
4,0.7692307692307693,1.0743350982666016,0.21302461624145508,0.06659674644470215,0.7365951538085938,0.055062294006347656,CricketX,None: n_random_points=10 nb_inst_per_class=30,10,30,Rsast,None
5,0.7435897435897436,1.3068573474884033,0.3305633068084717,0.13218426704406738,0.7850489616394043,0.05635476112365723,CricketX,None: n_random_points=10 nb_inst_per_class=50,10,50,Rsast,None
6,0.7512820512820513,2.3752973079681396,0.32374000549316406,0.1617729663848877,1.7938873767852783,0.09211206436157227,CricketX,None: n_random_points=30 nb_inst_per_class=30,30,30,Rsast,None
7,0.7461538461538462,2.756232261657715,0.291778564453125,0.18562793731689453,2.1473350524902344,0.1273045539855957,CricketX,None: n_random_points=30 nb_inst_per_class=50,30,50,Rsast,None
