,accuracy,time,cweights_time,fsubsequence_time,tdataset_time,tclassifier_time,dataset_name,classifier_name,rpoint,nb_per_class,method,len_method
0,0.7333333333333333,164.4850447177887,0.1284780502319336,164.2653625011444,0.08675956726074219,0.0037801265716552734,Car,Max PACF: n_random_points=10 nb_inst_per_class=30,10,30,Rsast,Max PACF
1,0.6833333333333333,186.49328184127808,0.16554760932922363,186.2344160079956,0.08813333511352539,0.004544734954833984,Car,Max PACF: n_random_points=10 nb_inst_per_class=50,10,50,Rsast,Max PACF
2,0.7333333333333333,178.49219465255737,0.1291792392730713,178.12285828590393,0.22983098030090332,0.009452581405639648,Car,Max PACF: n_random_points=30 nb_inst_per_class=30,30,30,Rsast,Max PACF
3,0.7166666666666667,169.5035572052002,0.16409516334533691,169.09507417678833,0.2362689971923828,0.006550788879394531,Car,Max PACF: n_random_points=30 nb_inst_per_class=50,30,50,Rsast,Max PACF
4,0.85,0.19737482070922852,0.1276872158050537,0.014719486236572266,0.047449588775634766,0.006668806076049805,Car,None: n_random_points=10 nb_inst_per_class=30,10,30,Rsast,None
5,0.8666666666666667,0.21146035194396973,0.1272594928741455,0.014721393585205078,0.06516242027282715,0.003783702850341797,Car,None: n_random_points=10 nb_inst_per_class=50,10,50,Rsast,None
6,0.8666666666666667,0.2886209487915039,0.12716078758239746,0.019696950912475586,0.13567590713500977,0.005617618560791016,Car,None: n_random_points=30 nb_inst_per_class=30,30,30,Rsast,None
7,0.8666666666666667,0.3296036720275879,0.1637258529663086,0.02056574821472168,0.13904309272766113,0.005468845367431641,Car,None: n_random_points=30 nb_inst_per_class=50,30,50,Rsast,None
