,accuracy,time,cweights_time,fsubsequence_time,tdataset_time,tclassifier_time,dataset_name,classifier_name,rpoint,nb_per_class,method,len_method
0,1.0,0.6534302234649658,0.024602174758911133,0.6246423721313477,0.0016963481903076172,0.002079486846923828,ECGFiveDays,Max PACF: n_random_points=10 nb_inst_per_class=30,10,30,Rsast,Max PACF
1,1.0,0.7115132808685303,0.024693012237548828,0.6519508361816406,0.02682328224182129,0.0076198577880859375,ECGFiveDays,Max PACF: n_random_points=10 nb_inst_per_class=50,10,50,Rsast,Max PACF
2,1.0,0.5769219398498535,0.02123570442199707,0.547853946685791,0.004437685012817383,0.0028123855590820312,ECGFiveDays,Max PACF: n_random_points=30 nb_inst_per_class=30,30,30,Rsast,Max PACF
3,1.0,0.7072677612304688,0.02505040168762207,0.6735472679138184,0.005460977554321289,0.0021567344665527344,ECGFiveDays,Max PACF: n_random_points=30 nb_inst_per_class=50,30,50,Rsast,Max PACF
4,1.0,0.03398466110229492,0.024762868881225586,0.004766225814819336,0.0017595291137695312,0.0022933483123779297,ECGFiveDays,None: n_random_points=10 nb_inst_per_class=30,10,30,Rsast,None
5,1.0,0.036362648010253906,0.027225732803344727,0.004934549331665039,0.001653909683227539,0.0019452571868896484,ECGFiveDays,None: n_random_points=10 nb_inst_per_class=50,10,50,Rsast,None
6,1.0,0.03708004951477051,0.024634599685668945,0.006315946578979492,0.0037581920623779297,0.001975536346435547,ECGFiveDays,None: n_random_points=30 nb_inst_per_class=30,30,30,Rsast,None
7,1.0,0.03442740440368652,0.021564960479736328,0.005946636199951172,0.003740549087524414,0.0026082992553710938,ECGFiveDays,None: n_random_points=30 nb_inst_per_class=50,30,50,Rsast,None
