,accuracy,time,cweights_time,fsubsequence_time,tdataset_time,tclassifier_time,dataset_name,classifier_name,rpoint,nb_per_class,method,len_method
0,0.91175,3.606323480606079,0.05986523628234863,2.7024312019348145,0.19575881958007812,0.6461434364318848,TwoPatterns,Max PACF: n_random_points=10 nb_inst_per_class=30,10,30,Rsast,Max PACF
1,0.98475,5.643792390823364,0.06318974494934082,4.842766523361206,0.25981640815734863,0.47672367095947266,TwoPatterns,Max PACF: n_random_points=10 nb_inst_per_class=50,10,50,Rsast,Max PACF
2,0.98625,4.156049966812134,0.06761598587036133,2.9208762645721436,0.4516005516052246,0.7140345573425293,TwoPatterns,Max PACF: n_random_points=30 nb_inst_per_class=30,30,30,Rsast,Max PACF
3,0.99175,5.661512136459351,0.05152392387390137,4.050174236297607,0.6669867038726807,0.8904337882995605,TwoPatterns,Max PACF: n_random_points=30 nb_inst_per_class=50,30,50,Rsast,Max PACF
4,0.92925,0.9937660694122314,0.05804920196533203,0.024033546447753906,0.22286367416381836,0.6867086887359619,TwoPatterns,None: n_random_points=10 nb_inst_per_class=30,10,30,Rsast,None
5,0.99225,0.9908161163330078,0.059293508529663086,0.03974175453186035,0.2864255905151367,0.6042859554290771,TwoPatterns,None: n_random_points=10 nb_inst_per_class=50,10,50,Rsast,None
6,0.99625,1.4361178874969482,0.06392621994018555,0.03763699531555176,0.4529869556427002,0.8801038265228271,TwoPatterns,None: n_random_points=30 nb_inst_per_class=30,30,30,Rsast,None
7,0.99775,1.7226176261901855,0.048613548278808594,0.04699110984802246,0.7617001533508301,0.8635344505310059,TwoPatterns,None: n_random_points=30 nb_inst_per_class=50,30,50,Rsast,None
