,accuracy,time,cweights_time,fsubsequence_time,tdataset_time,tclassifier_time,dataset_name,classifier_name,rpoint,nb_per_class,method,len_method
0,0.7387687188019967,0.11471438407897949,0.013478279113769531,0.09787583351135254,0.0009067058563232422,0.0020563602447509766,SonyAIBORobotSurface1,Max PACF: n_random_points=10 nb_inst_per_class=30,10,30,Rsast,Max PACF
1,0.7171381031613977,0.11146306991577148,0.013235330581665039,0.09421467781066895,0.0018568038940429688,0.001802682876586914,SonyAIBORobotSurface1,Max PACF: n_random_points=10 nb_inst_per_class=50,10,50,Rsast,Max PACF
2,0.7437603993344426,0.1318519115447998,0.016639232635498047,0.11025571823120117,0.002143383026123047,0.0022125244140625,SonyAIBORobotSurface1,Max PACF: n_random_points=30 nb_inst_per_class=30,30,30,Rsast,Max PACF
3,0.7437603993344426,0.1161797046661377,0.012903928756713867,0.09851717948913574,0.0023453235626220703,0.0019927024841308594,SonyAIBORobotSurface1,Max PACF: n_random_points=30 nb_inst_per_class=50,30,50,Rsast,Max PACF
4,0.7337770382695508,0.020355939865112305,0.012675046920776367,0.0039060115814208984,0.0015311241149902344,0.0018548965454101562,SonyAIBORobotSurface1,None: n_random_points=10 nb_inst_per_class=30,10,30,Rsast,None
5,0.7387687188019967,0.020434141159057617,0.012709856033325195,0.003973722457885742,0.0013158321380615234,0.002100706100463867,SonyAIBORobotSurface1,None: n_random_points=10 nb_inst_per_class=50,10,50,Rsast,None
6,0.7653910149750416,0.02253580093383789,0.012700080871582031,0.005564689636230469,0.002004861831665039,0.0019192695617675781,SonyAIBORobotSurface1,None: n_random_points=30 nb_inst_per_class=30,30,30,Rsast,None
7,0.7237936772046589,0.022085905075073242,0.012671947479248047,0.005445957183837891,0.001683950424194336,0.0019099712371826172,SonyAIBORobotSurface1,None: n_random_points=30 nb_inst_per_class=50,30,50,Rsast,None
