,accuracy,time,cweights_time,fsubsequence_time,tdataset_time,tclassifier_time,dataset_name,classifier_name,rpoint,nb_per_class,method,len_method
0,0.7138103161397671,0.09168434143066406,0.01103067398071289,0.07784104347229004,0.0008604526519775391,0.001638174057006836,SonyAIBORobotSurface1,Max PACF: n_random_points=10 nb_inst_per_class=30,10,30,Rsast,Max PACF
1,0.7321131447587355,0.09338235855102539,0.010366678237915039,0.078826904296875,0.002298593521118164,0.0016100406646728516,SonyAIBORobotSurface1,Max PACF: n_random_points=10 nb_inst_per_class=50,10,50,Rsast,Max PACF
2,0.740432612312812,0.09225606918334961,0.01037907600402832,0.07773709297180176,0.002176046371459961,0.0016672611236572266,SonyAIBORobotSurface1,Max PACF: n_random_points=30 nb_inst_per_class=30,30,30,Rsast,Max PACF
3,0.7520798668885191,0.09287834167480469,0.010409832000732422,0.07741427421569824,0.002901792526245117,0.0018112659454345703,SonyAIBORobotSurface1,Max PACF: n_random_points=30 nb_inst_per_class=50,30,50,Rsast,Max PACF
4,0.7803660565723793,0.016637086868286133,0.010474205017089844,0.003077983856201172,0.0009219646453857422,0.0018630027770996094,SonyAIBORobotSurface1,None: n_random_points=10 nb_inst_per_class=30,10,30,Rsast,None
5,0.8036605657237936,0.01737356185913086,0.011109590530395508,0.003139019012451172,0.0012960433959960938,0.0014934539794921875,SonyAIBORobotSurface1,None: n_random_points=10 nb_inst_per_class=50,10,50,Rsast,None
6,0.7587354409317804,0.01881861686706543,0.010531187057495117,0.004515171051025391,0.0019109249114990234,0.0015799999237060547,SonyAIBORobotSurface1,None: n_random_points=30 nb_inst_per_class=30,30,30,Rsast,None
7,0.762063227953411,0.018007755279541016,0.010450363159179688,0.004325389862060547,0.0013022422790527344,0.00162506103515625,SonyAIBORobotSurface1,None: n_random_points=30 nb_inst_per_class=50,30,50,Rsast,None
