,accuracy,time,cweights_time,fsubsequence_time,tdataset_time,tclassifier_time,dataset_name,classifier_name,rpoint,nb_per_class,method,len_method
0,0.6383089093502788,44.06460189819336,0.261796236038208,2.2951736450195312,1.3729054927825928,40.12297558784485,ElectricDevices,Max PACF: n_random_points=10 nb_inst_per_class=30,10,30,Rsast,Max PACF
1,0.641680715860459,85.63395071029663,0.16320109367370605,3.9704699516296387,2.1735193729400635,79.31430673599243,ElectricDevices,Max PACF: n_random_points=10 nb_inst_per_class=50,10,50,Rsast,Max PACF
2,0.6323434055245752,328.3126404285431,0.18494844436645508,2.278907299041748,3.6105809211730957,322.21644496917725,ElectricDevices,Max PACF: n_random_points=30 nb_inst_per_class=30,30,30,Rsast,Max PACF
3,0.41058228504733496,69.243723154068,0.1929013729095459,3.5988781452178955,6.143582105636597,59.27218770980835,ElectricDevices,Max PACF: n_random_points=30 nb_inst_per_class=50,30,50,Rsast,Max PACF
4,0.6492024380754766,37.03206515312195,0.17316389083862305,0.0369417667388916,1.574295997619629,35.23901176452637,ElectricDevices,None: n_random_points=10 nb_inst_per_class=30,10,30,Rsast,None
5,0.6584100635455842,66.10172700881958,0.15953993797302246,0.05648922920227051,1.7379019260406494,64.1360912322998,ElectricDevices,None: n_random_points=10 nb_inst_per_class=50,10,50,Rsast,None
6,0.6584100635455842,251.43818521499634,0.18860578536987305,0.05208945274353027,2.767184019088745,248.4118378162384,ElectricDevices,None: n_random_points=30 nb_inst_per_class=30,30,30,Rsast,None
7,0.6567241602904941,578.3725645542145,0.20834946632385254,0.09682965278625488,4.941673755645752,573.0967056751251,ElectricDevices,None: n_random_points=30 nb_inst_per_class=50,30,50,Rsast,None
