,accuracy,time,cweights_time,fsubsequence_time,tdataset_time,tclassifier_time,dataset_name,classifier_name,rpoint,nb_per_class,method,len_method
0,0.8384879725085911,0.6550064086914062,0.022834062576293945,0.41484689712524414,0.07679486274719238,0.13785505294799805,ProximalPhalanxOutlineCorrect,Max PACF: n_random_points=10 nb_inst_per_class=30,10,30,Rsast,Max PACF
1,0.8487972508591065,0.9093477725982666,0.02131056785583496,0.6976668834686279,0.07044148445129395,0.11896467208862305,ProximalPhalanxOutlineCorrect,Max PACF: n_random_points=10 nb_inst_per_class=50,10,50,Rsast,Max PACF
2,0.8487972508591065,0.6731219291687012,0.021097183227539062,0.4164612293243408,0.10397887229919434,0.13061904907226562,ProximalPhalanxOutlineCorrect,Max PACF: n_random_points=30 nb_inst_per_class=30,30,30,Rsast,Max PACF
3,0.8556701030927835,0.9058020114898682,0.0230100154876709,0.5886251926422119,0.16176486015319824,0.13077878952026367,ProximalPhalanxOutlineCorrect,Max PACF: n_random_points=30 nb_inst_per_class=50,30,50,Rsast,Max PACF
4,0.8487972508591065,1.083045244216919,0.023235797882080078,0.010159015655517578,0.03418779373168945,1.013273000717163,ProximalPhalanxOutlineCorrect,None: n_random_points=10 nb_inst_per_class=30,10,30,Rsast,None
5,0.8625429553264605,0.26932406425476074,0.017306089401245117,0.015299081802368164,0.06239891052246094,0.17358851432800293,ProximalPhalanxOutlineCorrect,None: n_random_points=10 nb_inst_per_class=50,10,50,Rsast,None
6,0.865979381443299,0.35193943977355957,0.01761150360107422,0.013557910919189453,0.11745595932006836,0.2022101879119873,ProximalPhalanxOutlineCorrect,None: n_random_points=30 nb_inst_per_class=30,30,30,Rsast,None
7,0.872852233676976,0.39797282218933105,0.02341318130493164,0.03095269203186035,0.14688396453857422,0.19443750381469727,ProximalPhalanxOutlineCorrect,None: n_random_points=30 nb_inst_per_class=50,30,50,Rsast,None
