,accuracy,time,cweights_time,fsubsequence_time,tdataset_time,tclassifier_time,dataset_name,classifier_name,rpoint,nb_per_class,method,len_method
0,0.89,0.766444206237793,0.019567012786865234,0.7300422191619873,0.009956121444702148,0.006264448165893555,ECG200,Max PACF: n_random_points=10 nb_inst_per_class=30,10,30,Rsast,Max PACF
1,0.86,1.0428082942962646,0.019955873489379883,1.0016987323760986,0.013962745666503906,0.006649494171142578,ECG200,Max PACF: n_random_points=10 nb_inst_per_class=50,10,50,Rsast,Max PACF
2,0.89,0.8186130523681641,0.019733667373657227,0.7619874477386475,0.024997472763061523,0.011321306228637695,ECG200,Max PACF: n_random_points=30 nb_inst_per_class=30,30,30,Rsast,Max PACF
3,0.88,0.8695178031921387,0.019750356674194336,0.7933731079101562,0.04441714286804199,0.011265277862548828,ECG200,Max PACF: n_random_points=30 nb_inst_per_class=50,30,50,Rsast,Max PACF
4,0.87,0.04816770553588867,0.020119905471801758,0.012890815734863281,0.007567882537841797,0.00635528564453125,ECG200,None: n_random_points=10 nb_inst_per_class=30,10,30,Rsast,None
5,0.81,0.053263187408447266,0.01973247528076172,0.016584396362304688,0.010609865188598633,0.005909919738769531,ECG200,None: n_random_points=10 nb_inst_per_class=50,10,50,Rsast,None
6,0.87,0.0628347396850586,0.0196230411529541,0.017716407775878906,0.01729106903076172,0.007634639739990234,ECG200,None: n_random_points=30 nb_inst_per_class=30,30,30,Rsast,None
7,0.88,0.08100104331970215,0.01969170570373535,0.02417778968811035,0.026770353317260742,0.009806632995605469,ECG200,None: n_random_points=30 nb_inst_per_class=50,30,50,Rsast,None
