,accuracy,time,cweights_time,fsubsequence_time,tdataset_time,tclassifier_time,dataset_name,classifier_name,rpoint,nb_per_class,method,len_method
0,0.6666666666666666,156.9169409275055,0.15644168853759766,156.67127203941345,0.08426880836486816,0.004113197326660156,Car,Max PACF: n_random_points=10 nb_inst_per_class=30,10,30,Rsast,Max PACF
1,0.65,181.3514392375946,0.14809012413024902,181.11045169830322,0.08832955360412598,0.0038251876831054688,Car,Max PACF: n_random_points=10 nb_inst_per_class=50,10,50,Rsast,Max PACF
2,0.7166666666666667,158.85419917106628,0.13436436653137207,158.48845314979553,0.22454094886779785,0.005898952484130859,Car,Max PACF: n_random_points=30 nb_inst_per_class=30,30,30,Rsast,Max PACF
3,0.7166666666666667,182.02758502960205,0.1438443660736084,181.6546049118042,0.22183895111083984,0.006082773208618164,Car,Max PACF: n_random_points=30 nb_inst_per_class=50,30,50,Rsast,Max PACF
4,0.7666666666666667,0.22478485107421875,0.13756275177001953,0.01433873176574707,0.06763744354248047,0.004319429397583008,Car,None: n_random_points=10 nb_inst_per_class=30,10,30,Rsast,None
5,0.85,0.21074461936950684,0.13765907287597656,0.014725685119628906,0.05383419990539551,0.004061460494995117,Car,None: n_random_points=10 nb_inst_per_class=50,10,50,Rsast,None
6,0.8166666666666667,0.30774354934692383,0.12844347953796387,0.019736051559448242,0.15302276611328125,0.006041526794433594,Car,None: n_random_points=30 nb_inst_per_class=30,30,30,Rsast,None
7,0.8333333333333334,0.30083131790161133,0.12781596183776855,0.020360469818115234,0.14359235763549805,0.008308172225952148,Car,None: n_random_points=30 nb_inst_per_class=50,30,50,Rsast,None
