,accuracy,time,cweights_time,fsubsequence_time,tdataset_time,tclassifier_time,dataset_name,classifier_name,rpoint,nb_per_class,method,len_method
0,0.9833333333333333,39.64403319358826,0.09653043746948242,39.491238832473755,0.05109596252441406,0.00432133674621582,Meat,Max PACF: n_random_points=10 nb_inst_per_class=30,10,30,Rsast,Max PACF
1,0.9666666666666667,42.7658805847168,0.08617949485778809,42.61961054801941,0.05518078804016113,0.004077911376953125,Meat,Max PACF: n_random_points=10 nb_inst_per_class=50,10,50,Rsast,Max PACF
2,0.9666666666666667,40.47946572303772,0.08619451522827148,40.23856592178345,0.1435546875,0.010025501251220703,Meat,Max PACF: n_random_points=30 nb_inst_per_class=30,30,30,Rsast,Max PACF
3,0.95,43.773664712905884,0.11083626747131348,43.49209260940552,0.16077136993408203,0.00656580924987793,Meat,Max PACF: n_random_points=30 nb_inst_per_class=50,30,50,Rsast,Max PACF
4,0.9333333333333333,0.17304015159606934,0.11085081100463867,0.017525196075439453,0.038191795349121094,0.004850864410400391,Meat,None: n_random_points=10 nb_inst_per_class=30,10,30,Rsast,None
5,0.9333333333333333,0.16558599472045898,0.09770917892456055,0.013680458068847656,0.04917097091674805,0.00425267219543457,Meat,None: n_random_points=10 nb_inst_per_class=50,10,50,Rsast,None
6,0.95,0.21919512748718262,0.08560419082641602,0.020233869552612305,0.10468816757202148,0.007651567459106445,Meat,None: n_random_points=30 nb_inst_per_class=30,30,30,Rsast,None
7,0.9666666666666667,0.24388694763183594,0.11361098289489746,0.028329133987426758,0.09218454360961914,0.0077419281005859375,Meat,None: n_random_points=30 nb_inst_per_class=50,30,50,Rsast,None
