,accuracy,time,cweights_time,fsubsequence_time,tdataset_time,tclassifier_time,dataset_name,classifier_name,rpoint,nb_per_class,method,len_method
0,0.96,1.6070713996887207,0.023034095764160156,1.5703997611999512,0.01019430160522461,0.0030295848846435547,GunPoint,Max PACF: n_random_points=10 nb_inst_per_class=30,10,30,Rsast,Max PACF
1,0.9666666666666667,1.5984289646148682,0.023060321807861328,1.5657169818878174,0.00641632080078125,0.0028579235076904297,GunPoint,Max PACF: n_random_points=10 nb_inst_per_class=50,10,50,Rsast,Max PACF
2,0.9733333333333334,1.6151602268218994,0.022934675216674805,1.569380760192871,0.01837611198425293,0.004037380218505859,GunPoint,Max PACF: n_random_points=30 nb_inst_per_class=30,30,30,Rsast,Max PACF
3,0.9666666666666667,1.6172232627868652,0.02305150032043457,1.5694835186004639,0.019447803497314453,0.00470280647277832,GunPoint,Max PACF: n_random_points=30 nb_inst_per_class=50,30,50,Rsast,Max PACF
4,0.9533333333333334,0.03948831558227539,0.022866010665893555,0.008019447326660156,0.0057544708251953125,0.002434253692626953,GunPoint,None: n_random_points=10 nb_inst_per_class=30,10,30,Rsast,None
5,0.96,0.0398106575012207,0.022990942001342773,0.008208274841308594,0.005639076232910156,0.0026450157165527344,GunPoint,None: n_random_points=10 nb_inst_per_class=50,10,50,Rsast,None
6,0.9533333333333334,0.05149221420288086,0.023385286331176758,0.01147603988647461,0.013152122497558594,0.003133058547973633,GunPoint,None: n_random_points=30 nb_inst_per_class=30,30,30,Rsast,None
7,0.9533333333333334,0.061738014221191406,0.022980690002441406,0.01176905632019043,0.022860050201416016,0.0036611557006835938,GunPoint,None: n_random_points=30 nb_inst_per_class=50,30,50,Rsast,None
