,accuracy,time,cweights_time,fsubsequence_time,tdataset_time,tclassifier_time,dataset_name,classifier_name,rpoint,nb_per_class,method,len_method
0,0.8680555555555556,1.0616443157196045,0.02639150619506836,1.0096137523651123,0.02268242835998535,0.0025713443756103516,UMD,Max PACF: n_random_points=10 nb_inst_per_class=30,10,30,Rsast,Max PACF
1,0.8194444444444444,1.1133008003234863,0.0263211727142334,1.0805494785308838,0.0038259029388427734,0.0022895336151123047,UMD,Max PACF: n_random_points=10 nb_inst_per_class=50,10,50,Rsast,Max PACF
2,0.8194444444444444,1.1812233924865723,0.026376962661743164,1.1422266960144043,0.009617090225219727,0.0026357173919677734,UMD,Max PACF: n_random_points=30 nb_inst_per_class=30,30,30,Rsast,Max PACF
3,0.8611111111111112,1.1767926216125488,0.026390790939331055,1.137253999710083,0.009867191314697266,0.002826213836669922,UMD,Max PACF: n_random_points=30 nb_inst_per_class=50,30,50,Rsast,Max PACF
4,0.9583333333333334,0.038825273513793945,0.026119709014892578,0.005928754806518555,0.004262447357177734,0.0021505355834960938,UMD,None: n_random_points=10 nb_inst_per_class=30,10,30,Rsast,None
5,0.9583333333333334,0.03826117515563965,0.026279926300048828,0.0060117244720458984,0.0035877227783203125,0.0020928382873535156,UMD,None: n_random_points=10 nb_inst_per_class=50,10,50,Rsast,None
6,0.9652777777777778,0.04549527168273926,0.026253938674926758,0.008312702178955078,0.0076291561126708984,0.0029664039611816406,UMD,None: n_random_points=30 nb_inst_per_class=30,30,30,Rsast,None
7,0.9166666666666666,0.04529595375061035,0.026306629180908203,0.008227109909057617,0.007757425308227539,0.002632617950439453,UMD,None: n_random_points=30 nb_inst_per_class=50,30,50,Rsast,None
