,accuracy,time,cweights_time,fsubsequence_time,tdataset_time,tclassifier_time,dataset_name,classifier_name,rpoint,nb_per_class,method,len_method
0,0.75,21.12085485458374,0.07735371589660645,21.028879165649414,0.009645700454711914,0.00434565544128418,BeetleFly,Max PACF: n_random_points=10 nb_inst_per_class=30,10,30,Rsast,Max PACF
1,0.75,21.359687566757202,0.0810549259185791,21.266447067260742,0.009279727935791016,0.0021026134490966797,BeetleFly,Max PACF: n_random_points=10 nb_inst_per_class=50,10,50,Rsast,Max PACF
2,0.8,20.585783004760742,0.07843565940856934,20.4760959148407,0.028603315353393555,0.0021429061889648438,BeetleFly,Max PACF: n_random_points=30 nb_inst_per_class=30,30,30,Rsast,Max PACF
3,0.8,22.229764938354492,0.07803010940551758,22.12284278869629,0.0252382755279541,0.0027663707733154297,BeetleFly,Max PACF: n_random_points=30 nb_inst_per_class=50,30,50,Rsast,Max PACF
4,0.8,0.0956275463104248,0.07905054092407227,0.00559687614440918,0.00862884521484375,0.0017709732055664062,BeetleFly,None: n_random_points=10 nb_inst_per_class=30,10,30,Rsast,None
5,0.8,0.09785103797912598,0.08280777931213379,0.005280971527099609,0.007557392120361328,0.0018846988677978516,BeetleFly,None: n_random_points=10 nb_inst_per_class=50,10,50,Rsast,None
6,0.85,0.10362052917480469,0.07767820358276367,0.006608724594116211,0.01695561408996582,0.0020470619201660156,BeetleFly,None: n_random_points=30 nb_inst_per_class=30,30,30,Rsast,None
7,0.95,0.1345221996307373,0.10110926628112793,0.009572744369506836,0.021350860595703125,0.0019838809967041016,BeetleFly,None: n_random_points=30 nb_inst_per_class=50,30,50,Rsast,None
