,accuracy,time,cweights_time,fsubsequence_time,tdataset_time,tclassifier_time,dataset_name,classifier_name,rpoint,nb_per_class,method,len_method
0,0.9076923076923077,10.987462043762207,0.05284261703491211,10.917513370513916,0.014180183410644531,0.0023360252380371094,ToeSegmentation2,Max PACF: n_random_points=10 nb_inst_per_class=30,10,30,Rsast,Max PACF
1,0.8538461538461538,10.97407579421997,0.05360245704650879,10.903436660766602,0.013426780700683594,0.003078937530517578,ToeSegmentation2,Max PACF: n_random_points=10 nb_inst_per_class=50,10,50,Rsast,Max PACF
2,0.9230769230769231,11.014443635940552,0.052700042724609375,10.90986967086792,0.047963857650756836,0.003313302993774414,ToeSegmentation2,Max PACF: n_random_points=30 nb_inst_per_class=30,30,30,Rsast,Max PACF
3,0.8923076923076924,11.214327096939087,0.05408930778503418,11.107200145721436,0.04932975769042969,0.0029363632202148438,ToeSegmentation2,Max PACF: n_random_points=30 nb_inst_per_class=50,30,50,Rsast,Max PACF
4,0.7923076923076923,0.07458305358886719,0.05494260787963867,0.00847482681274414,0.008524179458618164,0.0020568370819091797,ToeSegmentation2,None: n_random_points=10 nb_inst_per_class=30,10,30,Rsast,None
5,0.8384615384615385,0.07406258583068848,0.052515506744384766,0.007340669631958008,0.011999130249023438,0.001833200454711914,ToeSegmentation2,None: n_random_points=10 nb_inst_per_class=50,10,50,Rsast,None
6,0.9,0.10171627998352051,0.05622673034667969,0.01069021224975586,0.03219127655029297,0.002202272415161133,ToeSegmentation2,None: n_random_points=30 nb_inst_per_class=30,30,30,Rsast,None
7,0.8461538461538461,0.10124921798706055,0.0666818618774414,0.011301755905151367,0.02011561393737793,0.002633810043334961,ToeSegmentation2,None: n_random_points=30 nb_inst_per_class=50,30,50,Rsast,None
