,accuracy,time,cweights_time,fsubsequence_time,tdataset_time,tclassifier_time,dataset_name,classifier_name,rpoint,nb_per_class,method,len_method
0,0.9466666666666667,0.5728378295898438,0.01713728904724121,0.4750509262084961,0.055962324142456055,0.02223348617553711,SyntheticControl,Max PACF: n_random_points=10 nb_inst_per_class=30,10,30,Rsast,Max PACF
1,0.96,0.9034063816070557,0.017081260681152344,0.79425048828125,0.06344008445739746,0.027829647064208984,SyntheticControl,Max PACF: n_random_points=10 nb_inst_per_class=50,10,50,Rsast,Max PACF
2,0.9633333333333334,0.6545767784118652,0.01726841926574707,0.4949665069580078,0.10230207443237305,0.03836655616760254,SyntheticControl,Max PACF: n_random_points=30 nb_inst_per_class=30,30,30,Rsast,Max PACF
3,0.97,1.1012213230133057,0.01706528663635254,0.8269028663635254,0.19704890251159668,0.05750250816345215,SyntheticControl,Max PACF: n_random_points=30 nb_inst_per_class=50,30,50,Rsast,Max PACF
4,0.9766666666666667,0.1316380500793457,0.023619413375854492,0.03594779968261719,0.04178738594055176,0.02620244026184082,SyntheticControl,None: n_random_points=10 nb_inst_per_class=30,10,30,Rsast,None
5,0.9833333333333333,0.1784381866455078,0.02362346649169922,0.05338025093078613,0.07050561904907227,0.029899120330810547,SyntheticControl,None: n_random_points=10 nb_inst_per_class=50,10,50,Rsast,None
6,0.9833333333333333,0.18950676918029785,0.0173189640045166,0.041269779205322266,0.09264874458312988,0.03658699989318848,SyntheticControl,None: n_random_points=30 nb_inst_per_class=30,30,30,Rsast,None
7,0.9833333333333333,0.28530192375183105,0.023633956909179688,0.08464431762695312,0.12266707420349121,0.051363468170166016,SyntheticControl,None: n_random_points=30 nb_inst_per_class=50,30,50,Rsast,None
