,accuracy,time,cweights_time,fsubsequence_time,tdataset_time,tclassifier_time,dataset_name,classifier_name,rpoint,nb_per_class,method,len_method
0,0.9904761904761905,2.8726189136505127,0.06274580955505371,2.777261972427368,0.02383279800415039,0.0064852237701416016,Plane,Max PACF: n_random_points=10 nb_inst_per_class=30,10,30,Rsast,Max PACF
1,1.0,2.78344988822937,0.04169321060180664,2.70701265335083,0.02624344825744629,0.007872819900512695,Plane,Max PACF: n_random_points=10 nb_inst_per_class=50,10,50,Rsast,Max PACF
2,1.0,2.8365094661712646,0.04141712188720703,2.711559772491455,0.06749176979064941,0.01512598991394043,Plane,Max PACF: n_random_points=30 nb_inst_per_class=30,30,30,Rsast,Max PACF
3,1.0,3.4221043586730957,0.06240129470825195,3.2774648666381836,0.06759881973266602,0.011484861373901367,Plane,Max PACF: n_random_points=30 nb_inst_per_class=50,30,50,Rsast,Max PACF
4,1.0,0.08621644973754883,0.04162406921386719,0.017941951751708984,0.020262479782104492,0.005601406097412109,Plane,None: n_random_points=10 nb_inst_per_class=30,10,30,Rsast,None
5,1.0,0.08458352088928223,0.04122495651245117,0.016881704330444336,0.021045207977294922,0.005007505416870117,Plane,None: n_random_points=10 nb_inst_per_class=50,10,50,Rsast,None
6,1.0,0.14088940620422363,0.041445255279541016,0.02484750747680664,0.06374382972717285,0.010297298431396484,Plane,None: n_random_points=30 nb_inst_per_class=30,30,30,Rsast,None
7,1.0,0.13261151313781738,0.04121208190917969,0.025172710418701172,0.05777573585510254,0.00765681266784668,Plane,None: n_random_points=30 nb_inst_per_class=50,30,50,Rsast,None
