,accuracy,time,cweights_time,fsubsequence_time,tdataset_time,tclassifier_time,dataset_name,classifier_name,rpoint,nb_per_class,method,len_method
0,0.7410071942446043,0.5717048645019531,0.01793956756591797,0.48611879348754883,0.0376431941986084,0.028566598892211914,DistalPhalanxOutlineAgeGroup,Max PACF: n_random_points=10 nb_inst_per_class=30,10,30,Rsast,Max PACF
1,0.7122302158273381,0.8172004222869873,0.017661094665527344,0.7136993408203125,0.05283617973327637,0.032459259033203125,DistalPhalanxOutlineAgeGroup,Max PACF: n_random_points=10 nb_inst_per_class=50,10,50,Rsast,Max PACF
2,0.7338129496402878,0.6860933303833008,0.017826080322265625,0.5187556743621826,0.09830856323242188,0.0504150390625,DistalPhalanxOutlineAgeGroup,Max PACF: n_random_points=30 nb_inst_per_class=30,30,30,Rsast,Max PACF
3,0.7338129496402878,0.9207417964935303,0.018579483032226562,0.7155365943908691,0.13724136352539062,0.04793882369995117,DistalPhalanxOutlineAgeGroup,Max PACF: n_random_points=30 nb_inst_per_class=50,30,50,Rsast,Max PACF
4,0.762589928057554,0.11291384696960449,0.023647069931030273,0.018127918243408203,0.03236103057861328,0.03695273399353027,DistalPhalanxOutlineAgeGroup,None: n_random_points=10 nb_inst_per_class=30,10,30,Rsast,None
5,0.6906474820143885,0.1819441318511963,0.023662328720092773,0.025968551635742188,0.07561755180358887,0.05591320991516113,DistalPhalanxOutlineAgeGroup,None: n_random_points=10 nb_inst_per_class=50,10,50,Rsast,None
6,0.7410071942446043,0.19606637954711914,0.02465081214904785,0.027742862701416016,0.09408235549926758,0.048046112060546875,DistalPhalanxOutlineAgeGroup,None: n_random_points=30 nb_inst_per_class=30,30,30,Rsast,None
7,0.697841726618705,0.23404526710510254,0.02372431755065918,0.03859066963195801,0.12191343307495117,0.04819655418395996,DistalPhalanxOutlineAgeGroup,None: n_random_points=30 nb_inst_per_class=50,30,50,Rsast,None
