,accuracy,time,cweights_time,fsubsequence_time,tdataset_time,tclassifier_time,dataset_name,classifier_name,rpoint,nb_per_class,method,len_method
0,0.5324675324675324,0.7383396625518799,0.02399921417236328,0.6377105712890625,0.04375410079956055,0.030551671981811523,MiddlePhalanxOutlineAgeGroup,Max PACF: n_random_points=10 nb_inst_per_class=30,10,30,Rsast,Max PACF
1,0.5194805194805194,1.2120411396026611,0.02349996566772461,1.0907704830169678,0.05748748779296875,0.03956317901611328,MiddlePhalanxOutlineAgeGroup,Max PACF: n_random_points=10 nb_inst_per_class=50,10,50,Rsast,Max PACF
2,0.564935064935065,0.866340160369873,0.02349257469177246,0.6883323192596436,0.10320210456848145,0.050380706787109375,MiddlePhalanxOutlineAgeGroup,Max PACF: n_random_points=30 nb_inst_per_class=30,30,30,Rsast,Max PACF
3,0.564935064935065,1.148125171661377,0.018500566482543945,0.885441780090332,0.18015074729919434,0.0620419979095459,MiddlePhalanxOutlineAgeGroup,Max PACF: n_random_points=30 nb_inst_per_class=50,30,50,Rsast,Max PACF
4,0.538961038961039,0.10635614395141602,0.02341485023498535,0.01355886459350586,0.036104440689086914,0.03096914291381836,MiddlePhalanxOutlineAgeGroup,None: n_random_points=10 nb_inst_per_class=30,10,30,Rsast,None
5,0.5064935064935064,0.13201498985290527,0.017669677734375,0.022490262985229492,0.05991721153259277,0.03145456314086914,MiddlePhalanxOutlineAgeGroup,None: n_random_points=10 nb_inst_per_class=50,10,50,Rsast,None
6,0.564935064935065,0.15419268608093262,0.0176236629486084,0.018950223922729492,0.07889676094055176,0.03789353370666504,MiddlePhalanxOutlineAgeGroup,None: n_random_points=30 nb_inst_per_class=30,30,30,Rsast,None
7,0.487012987012987,0.23765206336975098,0.01779341697692871,0.03296971321105957,0.13946127891540527,0.045917510986328125,MiddlePhalanxOutlineAgeGroup,None: n_random_points=30 nb_inst_per_class=50,30,50,Rsast,None
