,accuracy,time,cweights_time,fsubsequence_time,tdataset_time,tclassifier_time,dataset_name,classifier_name,rpoint,nb_per_class,method,len_method
0,0.8523985239852399,0.9385149478912354,0.020892620086669922,0.2211742401123047,0.06617999076843262,0.6280345916748047,MelbournePedestrian,Max PACF: n_random_points=10 nb_inst_per_class=30,10,30,Rsast,Max PACF
1,0.8589585895858959,1.622807264328003,0.014839649200439453,0.44560933113098145,0.11689066886901855,1.0427796840667725,MelbournePedestrian,Max PACF: n_random_points=10 nb_inst_per_class=50,10,50,Rsast,Max PACF
2,0.8544485444854448,1.1995997428894043,0.026157140731811523,0.27983856201171875,0.11748957633972168,0.7728049755096436,MelbournePedestrian,Max PACF: n_random_points=30 nb_inst_per_class=30,30,30,Rsast,Max PACF
3,0.8618286182861828,2.274791955947876,0.018764734268188477,0.44987010955810547,0.24751830101013184,1.5548033714294434,MelbournePedestrian,Max PACF: n_random_points=30 nb_inst_per_class=50,30,50,Rsast,Max PACF
4,0.8519885198851989,0.9922900199890137,0.018157243728637695,0.04741334915161133,0.07769322395324707,0.8467836380004883,MelbournePedestrian,None: n_random_points=10 nb_inst_per_class=30,10,30,Rsast,None
5,0.8696186961869619,0.8860507011413574,0.021869182586669922,0.09662365913391113,0.1047663688659668,0.659224271774292,MelbournePedestrian,None: n_random_points=10 nb_inst_per_class=50,10,50,Rsast,None
6,0.8716687166871668,1.210486650466919,0.018054962158203125,0.06179499626159668,0.12995386123657227,0.9987173080444336,MelbournePedestrian,None: n_random_points=30 nb_inst_per_class=30,30,30,Rsast,None
7,0.8712587125871258,1.20656156539917,0.014772415161132812,0.08389687538146973,0.18045592308044434,0.9255988597869873,MelbournePedestrian,None: n_random_points=30 nb_inst_per_class=50,30,50,Rsast,None
