,accuracy,time,cweights_time,fsubsequence_time,tdataset_time,tclassifier_time,dataset_name,classifier_name,rpoint,nb_per_class,method,len_method
0,0.7773892773892774,2.6629209518432617,0.0305633544921875,0.4735701084136963,0.10579037666320801,2.051798105239868,PhalangesOutlinesCorrect,Max PACF: n_random_points=10 nb_inst_per_class=30,10,30,Rsast,Max PACF
1,0.7948717948717948,4.94307541847229,0.02712726593017578,0.7345824241638184,0.22446751594543457,3.9562008380889893,PhalangesOutlinesCorrect,Max PACF: n_random_points=10 nb_inst_per_class=50,10,50,Rsast,Max PACF
2,0.7412587412587412,3.62703013420105,0.02767777442932129,0.3684220314025879,0.3369603157043457,2.893070936203003,PhalangesOutlinesCorrect,Max PACF: n_random_points=30 nb_inst_per_class=30,30,30,Rsast,Max PACF
3,0.7808857808857809,2.6640443801879883,0.027250289916992188,0.585552453994751,0.4668440818786621,1.5828847885131836,PhalangesOutlinesCorrect,Max PACF: n_random_points=30 nb_inst_per_class=50,30,50,Rsast,Max PACF
4,0.8263403263403264,3.4715356826782227,0.02704644203186035,0.009380578994750977,0.07331585884094238,3.3606131076812744,PhalangesOutlinesCorrect,None: n_random_points=10 nb_inst_per_class=30,10,30,Rsast,None
5,0.8100233100233101,4.377965211868286,0.049005985260009766,0.02862071990966797,0.15912127494812012,4.139765739440918,PhalangesOutlinesCorrect,None: n_random_points=10 nb_inst_per_class=50,10,50,Rsast,None
6,0.7785547785547785,5.985046148300171,0.02708268165588379,0.013362884521484375,0.23784589767456055,5.705689430236816,PhalangesOutlinesCorrect,None: n_random_points=30 nb_inst_per_class=30,30,30,Rsast,None
7,0.8065268065268065,2.208193778991699,0.02793288230895996,0.02220463752746582,0.38475584983825684,1.7717130184173584,PhalangesOutlinesCorrect,None: n_random_points=30 nb_inst_per_class=50,30,50,Rsast,None
