,accuracy,time,cweights_time,fsubsequence_time,tdataset_time,tclassifier_time,dataset_name,classifier_name,rpoint,nb_per_class,method,len_method
0,0.84,0.7797315120697021,0.031414031982421875,0.7414422035217285,0.004019498825073242,0.002239227294921875,BME,Max PACF: n_random_points=10 nb_inst_per_class=30,10,30,Rsast,Max PACF
1,0.8066666666666666,0.6925060749053955,0.02210211753845215,0.6636204719543457,0.004217386245727539,0.0022361278533935547,BME,Max PACF: n_random_points=10 nb_inst_per_class=50,10,50,Rsast,Max PACF
2,0.8266666666666667,0.7021870613098145,0.022168874740600586,0.6711864471435547,0.005919456481933594,0.0025458335876464844,BME,Max PACF: n_random_points=30 nb_inst_per_class=30,30,30,Rsast,Max PACF
3,0.82,0.7057971954345703,0.022290945053100586,0.6685690879821777,0.011449575424194336,0.0030655860900878906,BME,Max PACF: n_random_points=30 nb_inst_per_class=50,30,50,Rsast,Max PACF
4,0.88,0.032053470611572266,0.02214813232421875,0.004949092864990234,0.0022928714752197266,0.002308368682861328,BME,None: n_random_points=10 nb_inst_per_class=30,10,30,Rsast,None
5,0.8866666666666667,0.037329673767089844,0.022185325622558594,0.00492095947265625,0.007272243499755859,0.0026612281799316406,BME,None: n_random_points=10 nb_inst_per_class=50,10,50,Rsast,None
6,0.8733333333333333,0.03664875030517578,0.022119998931884766,0.0066394805908203125,0.0053043365478515625,0.0022735595703125,BME,None: n_random_points=30 nb_inst_per_class=30,30,30,Rsast,None
7,0.8333333333333334,0.05085110664367676,0.022823810577392578,0.007162332534790039,0.01812744140625,0.002393007278442383,BME,None: n_random_points=30 nb_inst_per_class=50,30,50,Rsast,None
