,accuracy,time,cweights_time,fsubsequence_time,tdataset_time,tclassifier_time,dataset_name,classifier_name,rpoint,nb_per_class,method,len_method
0,0.9637681159420289,4.205212593078613,0.05439162254333496,4.113367795944214,0.0341029167175293,0.0025572776794433594,DodgerLoopWeekend,Max PACF: n_random_points=10 nb_inst_per_class=30,10,30,Rsast,Max PACF
1,0.9420289855072463,4.201737642288208,0.04323720932006836,4.152078151702881,0.004216194152832031,0.0018630027770996094,DodgerLoopWeekend,Max PACF: n_random_points=10 nb_inst_per_class=50,10,50,Rsast,Max PACF
2,0.9492753623188406,4.200519800186157,0.04278898239135742,4.145522356033325,0.009805679321289062,0.00201416015625,DodgerLoopWeekend,Max PACF: n_random_points=30 nb_inst_per_class=30,30,30,Rsast,Max PACF
3,0.9420289855072463,4.303203821182251,0.042645931243896484,4.245803117752075,0.011399507522583008,0.0027589797973632812,DodgerLoopWeekend,Max PACF: n_random_points=30 nb_inst_per_class=50,30,50,Rsast,Max PACF
4,0.9782608695652174,0.05280447006225586,0.042966365814208984,0.0037488937377929688,0.004023313522338867,0.001613616943359375,DodgerLoopWeekend,None: n_random_points=10 nb_inst_per_class=30,10,30,Rsast,None
5,0.9710144927536232,0.051055908203125,0.04209542274475098,0.0038230419158935547,0.003309011459350586,0.0015189647674560547,DodgerLoopWeekend,None: n_random_points=10 nb_inst_per_class=50,10,50,Rsast,None
6,0.9782608695652174,0.05968976020812988,0.04467320442199707,0.0051708221435546875,0.007704019546508789,0.0018265247344970703,DodgerLoopWeekend,None: n_random_points=30 nb_inst_per_class=30,30,30,Rsast,None
7,0.9782608695652174,0.05678510665893555,0.0423884391784668,0.005213260650634766,0.007103681564331055,0.0017628669738769531,DodgerLoopWeekend,None: n_random_points=30 nb_inst_per_class=50,30,50,Rsast,None
