,accuracy,time,cweights_time,fsubsequence_time,tdataset_time,tclassifier_time,dataset_name,classifier_name,rpoint,nb_per_class,method,len_method
0,0.4859335038363171,27.716504096984863,0.380018949508667,26.969192266464233,0.30823540687561035,0.05533123016357422,Adiac,Max PACF: n_random_points=10 nb_inst_per_class=30,10,30,Rsast,Max PACF
1,0.49104859335038364,17.959806442260742,0.2611055374145508,17.33502197265625,0.30302953720092773,0.058310508728027344,Adiac,Max PACF: n_random_points=10 nb_inst_per_class=50,10,50,Rsast,Max PACF
2,0.5038363171355499,18.561050415039062,0.22752046585083008,17.417935609817505,0.8172523975372314,0.09503865242004395,Adiac,Max PACF: n_random_points=30 nb_inst_per_class=30,30,30,Rsast,Max PACF
3,0.4961636828644501,23.13672161102295,0.31276512145996094,21.91534399986267,0.8002865314483643,0.10315394401550293,Adiac,Max PACF: n_random_points=30 nb_inst_per_class=50,30,50,Rsast,Max PACF
4,0.6240409207161125,0.658550500869751,0.25102782249450684,0.06581306457519531,0.28902435302734375,0.04907536506652832,Adiac,None: n_random_points=10 nb_inst_per_class=30,10,30,Rsast,None
5,0.6317135549872123,0.7358381748199463,0.2652919292449951,0.08326339721679688,0.32834911346435547,0.05712747573852539,Adiac,None: n_random_points=10 nb_inst_per_class=50,10,50,Rsast,None
6,0.649616368286445,1.6562583446502686,0.3906991481781006,0.16886091232299805,0.9766385555267334,0.11666584014892578,Adiac,None: n_random_points=30 nb_inst_per_class=30,30,30,Rsast,None
7,0.6138107416879796,1.5232560634613037,0.2881584167480469,0.12746262550354004,1.0015122890472412,0.10196638107299805,Adiac,None: n_random_points=30 nb_inst_per_class=50,30,50,Rsast,None
