,accuracy,time,cweights_time,fsubsequence_time,tdataset_time,tclassifier_time,dataset_name,classifier_name,rpoint,nb_per_class,method,len_method
0,0.6762589928057554,67.76786828041077,0.17955899238586426,67.27080726623535,0.29070305824279785,0.024895429611206055,Earthquakes,Max PACF: n_random_points=10 nb_inst_per_class=30,10,30,Rsast,Max PACF
1,0.6834532374100719,112.36776185035706,0.13396763801574707,111.79319930076599,0.4154036045074463,0.024453401565551758,Earthquakes,Max PACF: n_random_points=10 nb_inst_per_class=50,10,50,Rsast,Max PACF
2,0.6402877697841727,67.0677330493927,0.13277745246887207,66.24034714698792,0.6667826175689697,0.02673506736755371,Earthquakes,Max PACF: n_random_points=30 nb_inst_per_class=30,30,30,Rsast,Max PACF
3,0.7194244604316546,110.046133518219,0.12611865997314453,108.82173228263855,1.061277151107788,0.03542518615722656,Earthquakes,Max PACF: n_random_points=30 nb_inst_per_class=50,30,50,Rsast,Max PACF
4,0.7266187050359713,0.44072699546813965,0.1328601837158203,0.014525890350341797,0.2592172622680664,0.03245139122009277,Earthquakes,None: n_random_points=10 nb_inst_per_class=30,10,30,Rsast,None
5,0.6546762589928058,0.6650452613830566,0.13340020179748535,0.023286819458007812,0.47792673110961914,0.0296628475189209,Earthquakes,None: n_random_points=10 nb_inst_per_class=50,10,50,Rsast,None
6,0.6546762589928058,1.0710070133209229,0.17850255966186523,0.026077985763549805,0.8282210826873779,0.037120819091796875,Earthquakes,None: n_random_points=30 nb_inst_per_class=30,30,30,Rsast,None
7,0.7194244604316546,1.6786634922027588,0.2380993366241455,0.05536532402038574,1.3374252319335938,0.04599404335021973,Earthquakes,None: n_random_points=30 nb_inst_per_class=50,30,50,Rsast,None
