,accuracy,time,cweights_time,fsubsequence_time,tdataset_time,tclassifier_time,dataset_name,classifier_name,rpoint,nb_per_class,method,len_method
0,0.49104859335038364,28.314918994903564,0.3816676139831543,27.592447757720947,0.28612756729125977,0.0509638786315918,Adiac,Max PACF: n_random_points=10 nb_inst_per_class=30,10,30,Rsast,Max PACF
1,0.49104859335038364,18.099465131759644,0.26045918464660645,17.4907169342041,0.29516148567199707,0.05064082145690918,Adiac,Max PACF: n_random_points=10 nb_inst_per_class=50,10,50,Rsast,Max PACF
2,0.5038363171355499,18.351232528686523,0.2122809886932373,17.318430185317993,0.7208726406097412,0.0970616340637207,Adiac,Max PACF: n_random_points=30 nb_inst_per_class=30,30,30,Rsast,Max PACF
3,0.5089514066496164,22.62477397918701,0.2588353157043457,21.509243726730347,0.7568304538726807,0.09602141380310059,Adiac,Max PACF: n_random_points=30 nb_inst_per_class=50,30,50,Rsast,Max PACF
4,0.6470588235294118,0.6223165988922119,0.21216368675231934,0.06668519973754883,0.29114699363708496,0.04878830909729004,Adiac,None: n_random_points=10 nb_inst_per_class=30,10,30,Rsast,None
5,0.629156010230179,0.6842288970947266,0.22145867347717285,0.06864643096923828,0.3427102565765381,0.04957079887390137,Adiac,None: n_random_points=10 nb_inst_per_class=50,10,50,Rsast,None
6,0.629156010230179,1.6149461269378662,0.37798166275024414,0.16818928718566895,0.9780454635620117,0.08787322044372559,Adiac,None: n_random_points=30 nb_inst_per_class=30,30,30,Rsast,None
7,0.6265984654731458,1.6985085010528564,0.4288218021392822,0.16567182540893555,0.975621223449707,0.12335538864135742,Adiac,None: n_random_points=30 nb_inst_per_class=50,30,50,Rsast,None
