,accuracy,time,cweights_time,fsubsequence_time,tdataset_time,tclassifier_time,dataset_name,classifier_name,rpoint,nb_per_class,method,len_method
0,0.5375,15.680842161178589,0.1080477237701416,15.510611057281494,0.05631422996520996,0.004908561706542969,DodgerLoopDay,Max PACF: n_random_points=10 nb_inst_per_class=30,10,30,Rsast,Max PACF
1,0.5625,15.5075044631958,0.10351395606994629,15.354634761810303,0.04373002052307129,0.004973888397216797,DodgerLoopDay,Max PACF: n_random_points=10 nb_inst_per_class=50,10,50,Rsast,Max PACF
2,0.5375,15.656359672546387,0.09164714813232422,15.438302993774414,0.11735367774963379,0.008172750473022461,DodgerLoopDay,Max PACF: n_random_points=30 nb_inst_per_class=30,30,30,Rsast,Max PACF
3,0.575,17.01172423362732,0.08147644996643066,16.806005716323853,0.11499285697937012,0.008161306381225586,DodgerLoopDay,Max PACF: n_random_points=30 nb_inst_per_class=50,30,50,Rsast,Max PACF
4,0.6125,0.1329355239868164,0.08202862739562988,0.014717578887939453,0.03069782257080078,0.0047533512115478516,DodgerLoopDay,None: n_random_points=10 nb_inst_per_class=30,10,30,Rsast,None
5,0.6125,0.13728880882263184,0.08331704139709473,0.014943361282348633,0.03516387939453125,0.003281116485595703,DodgerLoopDay,None: n_random_points=10 nb_inst_per_class=50,10,50,Rsast,None
6,0.575,0.20261001586914062,0.081451416015625,0.022780656814575195,0.09136819839477539,0.006468057632446289,DodgerLoopDay,None: n_random_points=30 nb_inst_per_class=30,30,30,Rsast,None
7,0.55,0.21702957153320312,0.10042643547058105,0.026774168014526367,0.08208298683166504,0.006909847259521484,DodgerLoopDay,None: n_random_points=30 nb_inst_per_class=50,30,50,Rsast,None
