,accuracy,time,cweights_time,fsubsequence_time,tdataset_time,tclassifier_time,dataset_name,classifier_name,rpoint,nb_per_class,method,len_method
0,0.868421052631579,6.958760738372803,0.04546189308166504,6.898452997207642,0.011145830154418945,0.002542734146118164,ToeSegmentation1,Max PACF: n_random_points=10 nb_inst_per_class=30,10,30,Rsast,Max PACF
1,0.8771929824561403,6.928177356719971,0.043203115463256836,6.870887279510498,0.01093292236328125,0.0025758743286132812,ToeSegmentation1,Max PACF: n_random_points=10 nb_inst_per_class=50,10,50,Rsast,Max PACF
2,0.8991228070175439,6.934159278869629,0.04303169250488281,6.855186223983765,0.03141188621520996,0.0037946701049804688,ToeSegmentation1,Max PACF: n_random_points=30 nb_inst_per_class=30,30,30,Rsast,Max PACF
3,0.8859649122807017,8.049904584884644,0.048514366149902344,7.968794822692871,0.027249574661254883,0.003642559051513672,ToeSegmentation1,Max PACF: n_random_points=30 nb_inst_per_class=50,30,50,Rsast,Max PACF
4,0.8421052631578947,0.06652474403381348,0.04767894744873047,0.008102893829345703,0.007962226867675781,0.0020608901977539062,ToeSegmentation1,None: n_random_points=10 nb_inst_per_class=30,10,30,Rsast,None
5,0.881578947368421,0.06358027458190918,0.04260516166687012,0.007714033126831055,0.010935544967651367,0.001972675323486328,ToeSegmentation1,None: n_random_points=10 nb_inst_per_class=50,10,50,Rsast,None
6,0.868421052631579,0.08286023139953613,0.04338502883911133,0.011490345001220703,0.02516341209411621,0.002379179000854492,ToeSegmentation1,None: n_random_points=30 nb_inst_per_class=30,30,30,Rsast,None
7,0.8903508771929824,0.08931183815002441,0.0506441593170166,0.012813329696655273,0.020998716354370117,0.0031168460845947266,ToeSegmentation1,None: n_random_points=30 nb_inst_per_class=50,30,50,Rsast,None
