,accuracy,time,cweights_time,fsubsequence_time,tdataset_time,tclassifier_time,dataset_name,classifier_name,rpoint,nb_per_class,method,len_method
0,0.7,22.979782581329346,0.10749626159667969,22.84809112548828,0.019250154495239258,0.004345893859863281,Beef,Max PACF: n_random_points=10 nb_inst_per_class=30,10,30,Rsast,Max PACF
1,0.7,22.964184284210205,0.10831141471862793,22.81689214706421,0.0354917049407959,0.002895832061767578,Beef,Max PACF: n_random_points=10 nb_inst_per_class=50,10,50,Rsast,Max PACF
2,0.7,23.037335872650146,0.1171412467956543,22.869189500808716,0.0466008186340332,0.0038001537322998047,Beef,Max PACF: n_random_points=30 nb_inst_per_class=30,30,30,Rsast,Max PACF
3,0.6666666666666666,23.316221714019775,0.106964111328125,23.16532325744629,0.038524627685546875,0.004747629165649414,Beef,Max PACF: n_random_points=30 nb_inst_per_class=50,30,50,Rsast,Max PACF
4,0.6666666666666666,0.14000463485717773,0.10550832748413086,0.0076427459716796875,0.023952722549438477,0.0024330615997314453,Beef,None: n_random_points=10 nb_inst_per_class=30,10,30,Rsast,None
5,0.7,0.1327357292175293,0.10497879981994629,0.006850719451904297,0.018288850784301758,0.0022690296173095703,Beef,None: n_random_points=10 nb_inst_per_class=50,10,50,Rsast,None
6,0.7666666666666667,0.1650402545928955,0.10741925239562988,0.009042024612426758,0.04496502876281738,0.003201007843017578,Beef,None: n_random_points=30 nb_inst_per_class=30,30,30,Rsast,None
7,0.6666666666666666,0.15865540504455566,0.10523152351379395,0.010221481323242188,0.04048013687133789,0.002318859100341797,Beef,None: n_random_points=30 nb_inst_per_class=50,30,50,Rsast,None
