,accuracy,time,cweights_time,fsubsequence_time,tdataset_time,tclassifier_time,dataset_name,classifier_name,rpoint,nb_per_class,method,len_method
0,0.8511685116851169,1.218141794204712,0.015982627868652344,0.2565760612487793,0.08108019828796387,0.8624215126037598,MelbournePedestrian,Max PACF: n_random_points=10 nb_inst_per_class=30,10,30,Rsast,Max PACF
1,0.8581385813858139,1.3153910636901855,0.015244483947753906,0.36279869079589844,0.14322972297668457,0.7924318313598633,MelbournePedestrian,Max PACF: n_random_points=10 nb_inst_per_class=50,10,50,Rsast,Max PACF
2,0.8528085280852808,1.2118713855743408,0.01487278938293457,0.22971010208129883,0.11090779304504395,0.8542916774749756,MelbournePedestrian,Max PACF: n_random_points=30 nb_inst_per_class=30,30,30,Rsast,Max PACF
3,0.8687986879868799,1.8596160411834717,0.015055179595947266,0.377044677734375,0.18730783462524414,1.2781131267547607,MelbournePedestrian,Max PACF: n_random_points=30 nb_inst_per_class=50,30,50,Rsast,Max PACF
4,0.8675686756867569,1.1306965351104736,0.02617168426513672,0.06000161170959473,0.08579015731811523,0.9560403823852539,MelbournePedestrian,None: n_random_points=10 nb_inst_per_class=30,10,30,Rsast,None
5,0.8794587945879458,0.9613633155822754,0.01498866081237793,0.06996726989746094,0.11757898330688477,0.7572546005249023,MelbournePedestrian,None: n_random_points=10 nb_inst_per_class=50,10,50,Rsast,None
6,0.8679786797867979,1.0474462509155273,0.0147857666015625,0.04949593544006348,0.13913869857788086,0.842254638671875,MelbournePedestrian,None: n_random_points=30 nb_inst_per_class=30,30,30,Rsast,None
7,0.8720787207872078,1.2576711177825928,0.021442413330078125,0.08605813980102539,0.17442798614501953,0.9735012054443359,MelbournePedestrian,None: n_random_points=30 nb_inst_per_class=50,30,50,Rsast,None
