,accuracy,time,cweights_time,fsubsequence_time,tdataset_time,tclassifier_time,dataset_name,classifier_name,rpoint,nb_per_class,method,len_method
0,0.8472222222222222,1.170689582824707,0.03390312194824219,1.1289517879486084,0.0049173831939697266,0.002436399459838867,UMD,Max PACF: n_random_points=10 nb_inst_per_class=30,10,30,Rsast,Max PACF
1,0.8819444444444444,1.0467138290405273,0.026226043701171875,1.0139238834381104,0.00405430793762207,0.002115964889526367,UMD,Max PACF: n_random_points=10 nb_inst_per_class=50,10,50,Rsast,Max PACF
2,0.8472222222222222,1.049691915512085,0.02613091468811035,1.0097441673278809,0.010905265808105469,0.0025343894958496094,UMD,Max PACF: n_random_points=30 nb_inst_per_class=30,30,30,Rsast,Max PACF
3,0.8541666666666666,1.0669293403625488,0.02621603012084961,1.0274922847747803,0.010160446166992188,0.002628326416015625,UMD,Max PACF: n_random_points=30 nb_inst_per_class=50,30,50,Rsast,Max PACF
4,0.9444444444444444,0.03850364685058594,0.02643895149230957,0.006034135818481445,0.0036516189575195312,0.002002239227294922,UMD,None: n_random_points=10 nb_inst_per_class=30,10,30,Rsast,None
5,0.9652777777777778,0.045757293701171875,0.026156902313232422,0.005914449691772461,0.011105775833129883,0.002288818359375,UMD,None: n_random_points=10 nb_inst_per_class=50,10,50,Rsast,None
6,0.9861111111111112,0.04490947723388672,0.02604818344116211,0.008108854293823242,0.007907867431640625,0.002501249313354492,UMD,None: n_random_points=30 nb_inst_per_class=30,30,30,Rsast,None
7,1.0,0.04542875289916992,0.02632594108581543,0.00842905044555664,0.007794857025146484,0.0024700164794921875,UMD,None: n_random_points=30 nb_inst_per_class=50,30,50,Rsast,None
