,accuracy,time,cweights_time,fsubsequence_time,tdataset_time,tclassifier_time,dataset_name,classifier_name,rpoint,nb_per_class,method,len_method
0,0.7804733727810651,9.49895977973938,0.1362924575805664,8.968180418014526,0.29477620124816895,0.0933997631072998,FaceAll,Max PACF: n_random_points=10 nb_inst_per_class=30,10,30,Rsast,Max PACF
1,0.7751479289940828,11.643051624298096,0.09219908714294434,11.06466794013977,0.35452985763549805,0.1282200813293457,FaceAll,Max PACF: n_random_points=10 nb_inst_per_class=50,10,50,Rsast,Max PACF
2,0.7745562130177515,9.353612661361694,0.0755918025970459,8.37206244468689,0.7219305038452148,0.17759299278259277,FaceAll,Max PACF: n_random_points=30 nb_inst_per_class=30,30,30,Rsast,Max PACF
3,0.7816568047337278,12.413459300994873,0.09540724754333496,11.024850130081177,1.032782793045044,0.24756503105163574,FaceAll,Max PACF: n_random_points=30 nb_inst_per_class=50,30,50,Rsast,Max PACF
4,0.7627218934911243,0.7559785842895508,0.13366246223449707,0.12555146217346191,0.34288859367370605,0.1475963592529297,FaceAll,None: n_random_points=10 nb_inst_per_class=30,10,30,Rsast,None
5,0.7698224852071006,0.893822193145752,0.15853142738342285,0.15193891525268555,0.4425830841064453,0.13647222518920898,FaceAll,None: n_random_points=10 nb_inst_per_class=50,10,50,Rsast,None
6,0.7751479289940828,1.434542179107666,0.1351604461669922,0.1797788143157959,0.892179012298584,0.22257137298583984,FaceAll,None: n_random_points=30 nb_inst_per_class=30,30,30,Rsast,None
7,0.7792899408284024,1.7874352931976318,0.10620403289794922,0.19263195991516113,1.1829564571380615,0.2961769104003906,FaceAll,None: n_random_points=30 nb_inst_per_class=50,30,50,Rsast,None
