,accuracy,time,cweights_time,fsubsequence_time,tdataset_time,tclassifier_time,dataset_name,classifier_name,rpoint,nb_per_class,method,len_method
0,0.9866666666666667,0.6326062679290771,0.03079056739807129,0.5966324806213379,0.002250194549560547,0.0022513866424560547,CBF,Max PACF: n_random_points=10 nb_inst_per_class=30,10,30,Rsast,Max PACF
1,0.9866666666666667,0.615687370300293,0.022266626358032227,0.588364839553833,0.0026733875274658203,0.0020477771759033203,CBF,Max PACF: n_random_points=10 nb_inst_per_class=50,10,50,Rsast,Max PACF
2,0.99,0.6710591316223145,0.022348403930664062,0.6390182971954346,0.006762981414794922,0.0023255348205566406,CBF,Max PACF: n_random_points=30 nb_inst_per_class=30,30,30,Rsast,Max PACF
3,0.9922222222222222,0.6431565284729004,0.022088050842285156,0.611860990524292,0.006190776824951172,0.0025789737701416016,CBF,Max PACF: n_random_points=30 nb_inst_per_class=50,30,50,Rsast,Max PACF
4,0.9855555555555555,0.047036170959472656,0.022181987762451172,0.004823207855224609,0.017672061920166016,0.0019996166229248047,CBF,None: n_random_points=10 nb_inst_per_class=30,10,30,Rsast,None
5,0.92,0.03365755081176758,0.022641420364379883,0.004953861236572266,0.0032396316528320312,0.002304553985595703,CBF,None: n_random_points=10 nb_inst_per_class=50,10,50,Rsast,None
6,0.9155555555555556,0.050841331481933594,0.028835535049438477,0.009140729904174805,0.008992433547973633,0.0034096240997314453,CBF,None: n_random_points=30 nb_inst_per_class=30,30,30,Rsast,None
7,0.9244444444444444,0.049050331115722656,0.03202652931213379,0.00952291488647461,0.004352092742919922,0.002498149871826172,CBF,None: n_random_points=30 nb_inst_per_class=50,30,50,Rsast,None
