,accuracy,time,cweights_time,fsubsequence_time,tdataset_time,tclassifier_time,dataset_name,classifier_name,rpoint,nb_per_class,method,len_method
0,0.9151111111111111,2.707176446914673,0.0679326057434082,2.4968435764312744,0.09822869300842285,0.042288780212402344,ECG5000,Max PACF: n_random_points=10 nb_inst_per_class=30,10,30,Rsast,Max PACF
1,0.9268888888888889,3.3623909950256348,0.0546107292175293,3.1453163623809814,0.11318421363830566,0.04830741882324219,ECG5000,Max PACF: n_random_points=10 nb_inst_per_class=50,10,50,Rsast,Max PACF
2,0.9297777777777778,2.426663875579834,0.0463259220123291,2.105591297149658,0.21172332763671875,0.061594486236572266,ECG5000,Max PACF: n_random_points=30 nb_inst_per_class=30,30,30,Rsast,Max PACF
3,0.9288888888888889,3.559161424636841,0.05436897277832031,3.1359007358551025,0.2849843502044678,0.08215069770812988,ECG5000,Max PACF: n_random_points=30 nb_inst_per_class=50,30,50,Rsast,Max PACF
4,0.9126666666666666,0.2276921272277832,0.05685782432556152,0.020255088806152344,0.09600114822387695,0.05296587944030762,ECG5000,None: n_random_points=10 nb_inst_per_class=30,10,30,Rsast,None
5,0.9257777777777778,0.3359200954437256,0.07604575157165527,0.03983283042907715,0.13892292976379395,0.07991433143615723,ECG5000,None: n_random_points=10 nb_inst_per_class=50,10,50,Rsast,None
6,0.9304444444444444,0.46375346183776855,0.09113597869873047,0.045506954193115234,0.23932576179504395,0.08617901802062988,ECG5000,None: n_random_points=30 nb_inst_per_class=30,30,30,Rsast,None
7,0.934,0.4871556758880615,0.07437562942504883,0.05523228645324707,0.2687375545501709,0.08527112007141113,ECG5000,None: n_random_points=30 nb_inst_per_class=50,30,50,Rsast,None
