,accuracy,time,cweights_time,fsubsequence_time,tdataset_time,tclassifier_time,dataset_name,classifier_name,rpoint,nb_per_class,method,len_method
0,0.9929762949956101,0.15253639221191406,0.012473344802856445,0.13622641563415527,0.0016608238220214844,0.001789093017578125,TwoLeadECG,Max PACF: n_random_points=10 nb_inst_per_class=30,10,30,Rsast,Max PACF
1,0.9824407374890255,0.15875506401062012,0.01215219497680664,0.13500308990478516,0.009147405624389648,0.002142190933227539,TwoLeadECG,Max PACF: n_random_points=10 nb_inst_per_class=50,10,50,Rsast,Max PACF
2,0.9982440737489026,0.1625385284423828,0.01221466064453125,0.14319682121276855,0.004876375198364258,0.001897573471069336,TwoLeadECG,Max PACF: n_random_points=30 nb_inst_per_class=30,30,30,Rsast,Max PACF
3,0.9973661106233538,0.15540719032287598,0.012219667434692383,0.13828754425048828,0.0027925968170166016,0.001739501953125,TwoLeadECG,Max PACF: n_random_points=30 nb_inst_per_class=50,30,50,Rsast,Max PACF
4,0.9762949956101844,0.01995110511779785,0.01232767105102539,0.0037262439727783203,0.0018775463104248047,0.0016744136810302734,TwoLeadECG,None: n_random_points=10 nb_inst_per_class=30,10,30,Rsast,None
5,0.9482001755926251,0.01888751983642578,0.012226104736328125,0.0036377906799316406,0.0011920928955078125,0.001550912857055664,TwoLeadECG,None: n_random_points=10 nb_inst_per_class=50,10,50,Rsast,None
6,0.9920983318700615,0.023420095443725586,0.013048887252807617,0.005387783050537109,0.002765178680419922,0.001917123794555664,TwoLeadECG,None: n_random_points=30 nb_inst_per_class=30,30,30,Rsast,None
7,0.9947322212467077,0.030168533325195312,0.012190103530883789,0.005377054214477539,0.00943613052368164,0.0027861595153808594,TwoLeadECG,None: n_random_points=30 nb_inst_per_class=50,30,50,Rsast,None
