,accuracy,time,cweights_time,fsubsequence_time,tdataset_time,tclassifier_time,dataset_name,classifier_name,rpoint,nb_per_class,method,len_method
0,0.9964308890330954,4.36329197883606,0.07767367362976074,3.1351611614227295,0.15965986251831055,0.9887163639068604,Wafer,Max PACF: n_random_points=10 nb_inst_per_class=30,10,30,Rsast,Max PACF
1,0.9943218689162882,3.969599723815918,0.04707479476928711,3.1334989070892334,0.19894838333129883,0.5888383388519287,Wafer,Max PACF: n_random_points=10 nb_inst_per_class=50,10,50,Rsast,Max PACF
2,0.9970798182998053,2.6457018852233887,0.044454097747802734,1.8176872730255127,0.289306640625,0.49317312240600586,Wafer,Max PACF: n_random_points=30 nb_inst_per_class=30,30,30,Rsast,Max PACF
3,0.9970798182998053,4.305864572525024,0.04323887825012207,3.0796008110046387,0.46154189109802246,0.7200605869293213,Wafer,Max PACF: n_random_points=30 nb_inst_per_class=50,30,50,Rsast,Max PACF
4,0.9985399091499026,1.70772123336792,0.07077264785766602,0.017762184143066406,0.1328718662261963,1.4844417572021484,Wafer,None: n_random_points=10 nb_inst_per_class=30,10,30,Rsast,None
5,0.9987021414665801,2.0785720348358154,0.059548139572143555,0.02344536781311035,0.18165349960327148,1.8128702640533447,Wafer,None: n_random_points=10 nb_inst_per_class=50,10,50,Rsast,None
6,0.9990266060999351,1.1553139686584473,0.07715106010437012,0.026332616806030273,0.30854201316833496,0.7418613433837891,Wafer,None: n_random_points=30 nb_inst_per_class=30,30,30,Rsast,None
7,0.9980532121998702,1.2750904560089111,0.08092498779296875,0.04102921485900879,0.4248805046081543,0.7243227958679199,Wafer,None: n_random_points=30 nb_inst_per_class=50,30,50,Rsast,None
