,accuracy,time,cweights_time,fsubsequence_time,tdataset_time,tclassifier_time,dataset_name,classifier_name,rpoint,nb_per_class,method,len_method
0,0.824390243902439,0.6215362548828125,0.017873764038085938,0.4988830089569092,0.07418417930603027,0.028803348541259766,ProximalPhalanxOutlineAgeGroup,Max PACF: n_random_points=10 nb_inst_per_class=30,10,30,Rsast,Max PACF
1,0.8292682926829268,0.9539141654968262,0.017664670944213867,0.8398730754852295,0.05744671821594238,0.03829598426818848,ProximalPhalanxOutlineAgeGroup,Max PACF: n_random_points=10 nb_inst_per_class=50,10,50,Rsast,Max PACF
2,0.8341463414634146,0.7366840839385986,0.01762557029724121,0.5285029411315918,0.10000729560852051,0.08925032615661621,ProximalPhalanxOutlineAgeGroup,Max PACF: n_random_points=30 nb_inst_per_class=30,30,30,Rsast,Max PACF
3,0.8292682926829268,1.143726110458374,0.01816105842590332,0.8842997550964355,0.17130088806152344,0.0677344799041748,ProximalPhalanxOutlineAgeGroup,Max PACF: n_random_points=30 nb_inst_per_class=50,30,50,Rsast,Max PACF
4,0.8292682926829268,0.0939030647277832,0.01807117462158203,0.013900041580200195,0.033518075942993164,0.02653336524963379,ProximalPhalanxOutlineAgeGroup,None: n_random_points=10 nb_inst_per_class=30,10,30,Rsast,None
5,0.8146341463414634,0.12677431106567383,0.017902374267578125,0.022403955459594727,0.051946401596069336,0.03397345542907715,ProximalPhalanxOutlineAgeGroup,None: n_random_points=10 nb_inst_per_class=50,10,50,Rsast,None
6,0.8146341463414634,0.15244317054748535,0.017863750457763672,0.01880478858947754,0.07745099067687988,0.03767061233520508,ProximalPhalanxOutlineAgeGroup,None: n_random_points=30 nb_inst_per_class=30,30,30,Rsast,None
7,0.8341463414634146,0.2262258529663086,0.01803731918334961,0.0332179069519043,0.12881708145141602,0.0445096492767334,ProximalPhalanxOutlineAgeGroup,None: n_random_points=30 nb_inst_per_class=50,30,50,Rsast,None
