,accuracy,time,cweights_time,fsubsequence_time,tdataset_time,tclassifier_time,dataset_name,classifier_name,rpoint,nb_per_class,method,len_method
0,0.956989247311828,1.9922339916229248,0.0672922134399414,1.9173870086669922,0.002984285354614258,0.003350496292114258,Fungi,Max PACF: n_random_points=10 nb_inst_per_class=30,10,30,Rsast,Max PACF
1,0.9354838709677419,2.255007028579712,0.050998687744140625,2.186220407485962,0.011734962463378906,0.005453586578369141,Fungi,Max PACF: n_random_points=10 nb_inst_per_class=50,10,50,Rsast,Max PACF
2,0.9354838709677419,2.232595682144165,0.09146380424499512,2.1314165592193604,0.004767179489135742,0.0038411617279052734,Fungi,Max PACF: n_random_points=30 nb_inst_per_class=30,30,30,Rsast,Max PACF
3,0.956989247311828,2.230581760406494,0.06568765640258789,2.1549036502838135,0.006226062774658203,0.003164529800415039,Fungi,Max PACF: n_random_points=30 nb_inst_per_class=50,30,50,Rsast,Max PACF
4,0.9032258064516129,0.08046317100524902,0.06437063217163086,0.004275083541870117,0.009162425994873047,0.002199888229370117,Fungi,None: n_random_points=10 nb_inst_per_class=30,10,30,Rsast,None
5,0.8763440860215054,0.05803251266479492,0.04941296577453613,0.0041751861572265625,0.0019218921661376953,0.0021469593048095703,Fungi,None: n_random_points=10 nb_inst_per_class=50,10,50,Rsast,None
6,0.8763440860215054,0.06099700927734375,0.049805402755737305,0.004979610443115234,0.003699779510498047,0.0021734237670898438,Fungi,None: n_random_points=30 nb_inst_per_class=30,30,30,Rsast,None
7,0.8763440860215054,0.061449289321899414,0.05071091651916504,0.0048274993896484375,0.0035321712493896484,0.001993894577026367,Fungi,None: n_random_points=30 nb_inst_per_class=50,30,50,Rsast,None
