,accuracy,time,cweights_time,fsubsequence_time,tdataset_time,tclassifier_time,dataset_name,classifier_name,rpoint,nb_per_class,method,len_method
0,0.551948051948052,0.6978416442871094,0.0234067440032959,0.6052007675170898,0.0389864444732666,0.028522491455078125,MiddlePhalanxOutlineAgeGroup,Max PACF: n_random_points=10 nb_inst_per_class=30,10,30,Rsast,Max PACF
1,0.5324675324675324,1.0717957019805908,0.01772451400756836,0.949739933013916,0.061174869537353516,0.04233288764953613,MiddlePhalanxOutlineAgeGroup,Max PACF: n_random_points=10 nb_inst_per_class=50,10,50,Rsast,Max PACF
2,0.551948051948052,0.7913756370544434,0.021569252014160156,0.6087479591369629,0.11273002624511719,0.04729461669921875,MiddlePhalanxOutlineAgeGroup,Max PACF: n_random_points=30 nb_inst_per_class=30,30,30,Rsast,Max PACF
3,0.551948051948052,1.3054356575012207,0.021725893020629883,1.058929681777954,0.15630817413330078,0.06648921966552734,MiddlePhalanxOutlineAgeGroup,Max PACF: n_random_points=30 nb_inst_per_class=50,30,50,Rsast,Max PACF
4,0.551948051948052,0.10708880424499512,0.02165508270263672,0.01678633689880371,0.033473968505859375,0.033187150955200195,MiddlePhalanxOutlineAgeGroup,None: n_random_points=10 nb_inst_per_class=30,10,30,Rsast,None
5,0.551948051948052,0.13596892356872559,0.02143073081970215,0.027419328689575195,0.050966501235961914,0.03557705879211426,MiddlePhalanxOutlineAgeGroup,None: n_random_points=10 nb_inst_per_class=50,10,50,Rsast,None
6,0.487012987012987,0.17493677139282227,0.021584510803222656,0.02419114112854004,0.08831524848937988,0.03995394706726074,MiddlePhalanxOutlineAgeGroup,None: n_random_points=30 nb_inst_per_class=30,30,30,Rsast,None
7,0.487012987012987,0.23894929885864258,0.028862714767456055,0.048273563385009766,0.11468815803527832,0.04521465301513672,MiddlePhalanxOutlineAgeGroup,None: n_random_points=30 nb_inst_per_class=50,30,50,Rsast,None
