,accuracy,time,cweights_time,fsubsequence_time,tdataset_time,tclassifier_time,dataset_name,classifier_name,rpoint,nb_per_class,method,len_method
0,0.9825072886297376,0.026477575302124023,0.0048258304595947266,0.01870131492614746,0.0007855892181396484,0.001802206039428711,Chinatown,Max PACF: n_random_points=10 nb_inst_per_class=30,10,30,Rsast,Max PACF
1,0.9854227405247813,0.02683854103088379,0.005034923553466797,0.018670320510864258,0.0009050369262695312,0.0018811225891113281,Chinatown,Max PACF: n_random_points=10 nb_inst_per_class=50,10,50,Rsast,Max PACF
2,0.9854227405247813,0.02887749671936035,0.004800319671630859,0.020747900009155273,0.0009639263153076172,0.0018451213836669922,Chinatown,Max PACF: n_random_points=30 nb_inst_per_class=30,30,30,Rsast,Max PACF
3,0.9854227405247813,0.027739524841308594,0.004836320877075195,0.01953434944152832,0.0011801719665527344,0.0018258094787597656,Chinatown,Max PACF: n_random_points=30 nb_inst_per_class=50,30,50,Rsast,Max PACF
4,0.9737609329446064,0.011714696884155273,0.004828929901123047,0.003977298736572266,0.0007519721984863281,0.0017995834350585938,Chinatown,None: n_random_points=10 nb_inst_per_class=30,10,30,Rsast,None
5,0.9708454810495627,0.012834310531616211,0.0047931671142578125,0.003854036331176758,0.0020627975463867188,0.0017740726470947266,Chinatown,None: n_random_points=10 nb_inst_per_class=50,10,50,Rsast,None
6,0.9620991253644315,0.012683629989624023,0.0047533512115478516,0.0046193599700927734,0.0010573863983154297,0.0019102096557617188,Chinatown,None: n_random_points=30 nb_inst_per_class=30,30,30,Rsast,None
7,0.956268221574344,0.011894464492797852,0.004749298095703125,0.004271507263183594,0.0007333755493164062,0.0017905235290527344,Chinatown,None: n_random_points=30 nb_inst_per_class=50,30,50,Rsast,None
