,accuracy,time,cweights_time,fsubsequence_time,tdataset_time,tclassifier_time,dataset_name,classifier_name,rpoint,nb_per_class,method,len_method
0,0.9588607594936709,2.1428565979003906,0.02503061294555664,2.087646722793579,0.021396160125732422,0.0077130794525146484,GunPointAgeSpan,Max PACF: n_random_points=10 nb_inst_per_class=30,10,30,Rsast,Max PACF
1,0.9715189873417721,3.3744282722473145,0.030618906021118164,3.282789468765259,0.05165886878967285,0.008484601974487305,GunPointAgeSpan,Max PACF: n_random_points=10 nb_inst_per_class=50,10,50,Rsast,Max PACF
2,0.9588607594936709,1.887340784072876,0.03266549110412598,1.7869210243225098,0.053078413009643555,0.013459205627441406,GunPointAgeSpan,Max PACF: n_random_points=30 nb_inst_per_class=30,30,30,Rsast,Max PACF
3,0.9620253164556962,3.3811724185943604,0.04083704948425293,3.2255003452301025,0.0978238582611084,0.01418447494506836,GunPointAgeSpan,Max PACF: n_random_points=30 nb_inst_per_class=50,30,50,Rsast,Max PACF
4,0.9746835443037974,0.054366111755371094,0.025443553924560547,0.009721994400024414,0.012373208999633789,0.006048440933227539,GunPointAgeSpan,None: n_random_points=10 nb_inst_per_class=30,10,30,Rsast,None
5,0.9651898734177216,0.07797431945800781,0.025014877319335938,0.015750646591186523,0.027591705322265625,0.009229898452758789,GunPointAgeSpan,None: n_random_points=10 nb_inst_per_class=50,10,50,Rsast,None
6,0.9683544303797469,0.13164114952087402,0.03237271308898926,0.020327091217041016,0.06491804122924805,0.012814044952392578,GunPointAgeSpan,None: n_random_points=30 nb_inst_per_class=30,30,30,Rsast,None
7,0.9715189873417721,0.12432408332824707,0.02491450309753418,0.022638797760009766,0.05774211883544922,0.018314123153686523,GunPointAgeSpan,None: n_random_points=30 nb_inst_per_class=50,30,50,Rsast,None
