,accuracy,time,cweights_time,fsubsequence_time,tdataset_time,tclassifier_time,dataset_name,classifier_name,rpoint,nb_per_class,method,len_method
0,0.6171052631578947,2.077383518218994,0.05956292152404785,1.8758611679077148,0.09546566009521484,0.042952775955200195,MedicalImages,Max PACF: n_random_points=10 nb_inst_per_class=30,10,30,Rsast,Max PACF
1,0.6486842105263158,2.347121477127075,0.0446324348449707,2.131053924560547,0.11607646942138672,0.05358409881591797,MedicalImages,Max PACF: n_random_points=10 nb_inst_per_class=50,10,50,Rsast,Max PACF
2,0.6447368421052632,2.1599221229553223,0.043631553649902344,1.7956938743591309,0.2541837692260742,0.06379079818725586,MedicalImages,Max PACF: n_random_points=30 nb_inst_per_class=30,30,30,Rsast,Max PACF
3,0.656578947368421,2.7278330326080322,0.04281353950500488,2.3595030307769775,0.2536275386810303,0.06762027740478516,MedicalImages,Max PACF: n_random_points=30 nb_inst_per_class=50,30,50,Rsast,Max PACF
4,0.6355263157894737,0.19573640823364258,0.04380345344543457,0.029982328414916992,0.08243322372436523,0.03663516044616699,MedicalImages,None: n_random_points=10 nb_inst_per_class=30,10,30,Rsast,None
5,0.656578947368421,0.23829436302185059,0.0435185432434082,0.03562307357788086,0.11518478393554688,0.04295039176940918,MedicalImages,None: n_random_points=10 nb_inst_per_class=50,10,50,Rsast,None
6,0.6776315789473685,0.3035149574279785,0.04239201545715332,0.04102635383605957,0.16989994049072266,0.048499107360839844,MedicalImages,None: n_random_points=30 nb_inst_per_class=30,30,30,Rsast,None
7,0.6736842105263158,0.40509700775146484,0.05735492706298828,0.06368803977966309,0.20798444747924805,0.07274961471557617,MedicalImages,None: n_random_points=30 nb_inst_per_class=50,30,50,Rsast,None
