,accuracy,time,cweights_time,fsubsequence_time,tdataset_time,tclassifier_time,dataset_name,classifier_name,rpoint,nb_per_class,method,len_method
0,0.9666666666666667,13.47898244857788,0.0999307632446289,13.305044889450073,0.06360864639282227,0.008657217025756836,FreezerRegularTrain,Max PACF: n_random_points=10 nb_inst_per_class=30,10,30,Rsast,Max PACF
1,0.9775438596491228,21.578814029693604,0.05392098426818848,21.417223930358887,0.09506654739379883,0.011555194854736328,FreezerRegularTrain,Max PACF: n_random_points=10 nb_inst_per_class=50,10,50,Rsast,Max PACF
2,0.9747368421052631,13.00337028503418,0.0538637638092041,12.770366191864014,0.16409516334533691,0.013856172561645508,FreezerRegularTrain,Max PACF: n_random_points=30 nb_inst_per_class=30,30,30,Rsast,Max PACF
3,0.9764912280701754,21.225170373916626,0.053087472915649414,20.921409368515015,0.23413395881652832,0.01490473747253418,FreezerRegularTrain,Max PACF: n_random_points=30 nb_inst_per_class=50,30,50,Rsast,Max PACF
4,0.9743859649122807,0.14065861701965332,0.0546875,0.011430978775024414,0.055208444595336914,0.018013477325439453,FreezerRegularTrain,None: n_random_points=10 nb_inst_per_class=30,10,30,Rsast,None
5,0.9743859649122807,0.23170137405395508,0.09721660614013672,0.03310561180114746,0.0859532356262207,0.014068603515625,FreezerRegularTrain,None: n_random_points=10 nb_inst_per_class=50,10,50,Rsast,None
6,0.9677192982456141,0.29947805404663086,0.09653186798095703,0.029478073120117188,0.15387320518493652,0.01799774169921875,FreezerRegularTrain,None: n_random_points=30 nb_inst_per_class=30,30,30,Rsast,None
7,0.9856140350877193,0.4178190231323242,0.09130716323852539,0.047214508056640625,0.2537972927093506,0.023626327514648438,FreezerRegularTrain,None: n_random_points=30 nb_inst_per_class=50,30,50,Rsast,None
