,accuracy,time,cweights_time,fsubsequence_time,tdataset_time,tclassifier_time,dataset_name,classifier_name,rpoint,nb_per_class,method,len_method
0,0.7391304347826086,0.8753790855407715,0.037323713302612305,0.6335737705230713,0.06201577186584473,0.14006829261779785,DistalPhalanxOutlineCorrect,Max PACF: n_random_points=10 nb_inst_per_class=30,10,30,Rsast,Max PACF
1,0.7318840579710145,0.7899961471557617,0.029442787170410156,0.593266487121582,0.06200861930847168,0.10424447059631348,DistalPhalanxOutlineCorrect,Max PACF: n_random_points=10 nb_inst_per_class=50,10,50,Rsast,Max PACF
2,0.7101449275362319,0.642064094543457,0.018174171447753906,0.36217689514160156,0.11834073066711426,0.14254498481750488,DistalPhalanxOutlineCorrect,Max PACF: n_random_points=30 nb_inst_per_class=30,30,30,Rsast,Max PACF
3,0.7391304347826086,1.0081098079681396,0.01890873908996582,0.6791336536407471,0.1771078109741211,0.1309511661529541,DistalPhalanxOutlineCorrect,Max PACF: n_random_points=30 nb_inst_per_class=50,30,50,Rsast,Max PACF
4,0.7246376811594203,1.142547607421875,0.022875547409057617,0.013070344924926758,0.03333640098571777,1.071526050567627,DistalPhalanxOutlineCorrect,None: n_random_points=10 nb_inst_per_class=30,10,30,Rsast,None
5,0.717391304347826,0.23006296157836914,0.01760077476501465,0.015768766403198242,0.06375360488891602,0.1321275234222412,DistalPhalanxOutlineCorrect,None: n_random_points=10 nb_inst_per_class=50,10,50,Rsast,None
6,0.7391304347826086,0.3374350070953369,0.02303481101989746,0.01797795295715332,0.11975336074829102,0.17553424835205078,DistalPhalanxOutlineCorrect,None: n_random_points=30 nb_inst_per_class=30,30,30,Rsast,None
7,0.7391304347826086,0.39139676094055176,0.02309560775756836,0.030368566513061523,0.14675021171569824,0.18951177597045898,DistalPhalanxOutlineCorrect,None: n_random_points=30 nb_inst_per_class=50,30,50,Rsast,None
