,accuracy,time,cweights_time,fsubsequence_time,tdataset_time,tclassifier_time,dataset_name,classifier_name,rpoint,nb_per_class,method,len_method
0,0.7794871794871795,86.04376649856567,0.2882065773010254,85.04242944717407,0.6606044769287109,0.04799938201904297,CricketZ,Max PACF: n_random_points=10 nb_inst_per_class=30,10,30,Rsast,Max PACF
1,0.7794871794871795,97.21443891525269,0.1726670265197754,96.30707550048828,0.6843290328979492,0.04786491394042969,CricketZ,Max PACF: n_random_points=10 nb_inst_per_class=50,10,50,Rsast,Max PACF
2,0.764102564102564,74.6762957572937,0.1710493564605713,72.82975745201111,1.5881025791168213,0.08403134346008301,CricketZ,Max PACF: n_random_points=30 nb_inst_per_class=30,30,30,Rsast,Max PACF
3,0.782051282051282,97.31677389144897,0.1603405475616455,95.2613570690155,1.7956233024597168,0.09576582908630371,CricketZ,Max PACF: n_random_points=30 nb_inst_per_class=50,30,50,Rsast,Max PACF
4,0.7410256410256411,1.026531457901001,0.20950889587402344,0.08294558525085449,0.6794028282165527,0.05169272422790527,CricketZ,None: n_random_points=10 nb_inst_per_class=30,10,30,Rsast,None
5,0.7487179487179487,1.1860604286193848,0.23435091972351074,0.1018683910369873,0.7891345024108887,0.05868172645568848,CricketZ,None: n_random_points=10 nb_inst_per_class=50,10,50,Rsast,None
6,0.7589743589743589,2.41960072517395,0.339846134185791,0.15999531745910645,1.8100247383117676,0.10615801811218262,CricketZ,None: n_random_points=30 nb_inst_per_class=30,30,30,Rsast,None
7,0.7538461538461538,2.4110171794891357,0.2367539405822754,0.1068427562713623,1.9280996322631836,0.13542604446411133,CricketZ,None: n_random_points=30 nb_inst_per_class=50,30,50,Rsast,None
