,accuracy,time,cweights_time,fsubsequence_time,tdataset_time,tclassifier_time,dataset_name,classifier_name,rpoint,nb_per_class,method,len_method
0,0.5894736842105263,2.269347667694092,0.06778240203857422,2.061636447906494,0.09154963493347168,0.044643402099609375,MedicalImages,Max PACF: n_random_points=10 nb_inst_per_class=30,10,30,Rsast,Max PACF
1,0.6197368421052631,2.6108784675598145,0.05731630325317383,2.3898324966430664,0.10746407508850098,0.05452919006347656,MedicalImages,Max PACF: n_random_points=10 nb_inst_per_class=50,10,50,Rsast,Max PACF
2,0.6394736842105263,2.179859161376953,0.057578325271606445,1.8113713264465332,0.22420740127563477,0.08382368087768555,MedicalImages,Max PACF: n_random_points=30 nb_inst_per_class=30,30,30,Rsast,Max PACF
3,0.6486842105263158,2.624671459197998,0.05568504333496094,2.202307939529419,0.28202295303344727,0.08045172691345215,MedicalImages,Max PACF: n_random_points=30 nb_inst_per_class=50,30,50,Rsast,Max PACF
4,0.6355263157894737,0.21334004402160645,0.0589447021484375,0.0391535758972168,0.07598042488098145,0.03583073616027832,MedicalImages,None: n_random_points=10 nb_inst_per_class=30,10,30,Rsast,None
5,0.6407894736842106,0.24630165100097656,0.05321550369262695,0.0428466796875,0.1039276123046875,0.044981956481933594,MedicalImages,None: n_random_points=10 nb_inst_per_class=50,10,50,Rsast,None
6,0.6684210526315789,0.32863712310791016,0.057852983474731445,0.05002331733703613,0.15890002250671387,0.05997419357299805,MedicalImages,None: n_random_points=30 nb_inst_per_class=30,30,30,Rsast,None
7,0.7052631578947368,0.41330599784851074,0.07292032241821289,0.08346080780029297,0.18138527870178223,0.07249617576599121,MedicalImages,None: n_random_points=30 nb_inst_per_class=50,30,50,Rsast,None
