,accuracy,time,cweights_time,fsubsequence_time,tdataset_time,tclassifier_time,dataset_name,classifier_name,rpoint,nb_per_class,method,len_method
0,0.9513513513513514,8.179174184799194,0.10593080520629883,6.789822578430176,0.16806387901306152,1.1136980056762695,Strawberry,Max PACF: n_random_points=10 nb_inst_per_class=30,10,30,Rsast,Max PACF
1,0.9459459459459459,11.573171138763428,0.059429168701171875,11.157785654067993,0.23187613487243652,0.12331914901733398,Strawberry,Max PACF: n_random_points=10 nb_inst_per_class=50,10,50,Rsast,Max PACF
2,0.9513513513513514,7.02952241897583,0.0621638298034668,6.482506036758423,0.3605797290802002,0.12321686744689941,Strawberry,Max PACF: n_random_points=30 nb_inst_per_class=30,30,30,Rsast,Max PACF
3,0.9486486486486486,11.40918779373169,0.061663150787353516,10.669982433319092,0.5438523292541504,0.13234400749206543,Strawberry,Max PACF: n_random_points=30 nb_inst_per_class=50,30,50,Rsast,Max PACF
4,0.9648648648648649,1.297595739364624,0.061928749084472656,0.01051187515258789,0.09694576263427734,1.127002477645874,Strawberry,None: n_random_points=10 nb_inst_per_class=30,10,30,Rsast,None
5,0.9513513513513514,0.4319465160369873,0.06209588050842285,0.018110275268554688,0.22163748741149902,0.12940216064453125,Strawberry,None: n_random_points=10 nb_inst_per_class=50,10,50,Rsast,None
6,0.9594594594594594,0.6525204181671143,0.061118125915527344,0.015663862228393555,0.419893741607666,0.15476608276367188,Strawberry,None: n_random_points=30 nb_inst_per_class=30,30,30,Rsast,None
7,0.9378378378378378,0.8606295585632324,0.06670117378234863,0.02914738655090332,0.5917174816131592,0.17115354537963867,Strawberry,None: n_random_points=30 nb_inst_per_class=50,30,50,Rsast,None
