,accuracy,time,cweights_time,fsubsequence_time,tdataset_time,tclassifier_time,dataset_name,classifier_name,rpoint,nb_per_class,method,len_method
0,0.6039473684210527,2.1440181732177734,0.054245710372924805,1.951359510421753,0.09081220626831055,0.04404878616333008,MedicalImages,Max PACF: n_random_points=10 nb_inst_per_class=30,10,30,Rsast,Max PACF
1,0.6223684210526316,2.4052987098693848,0.05190443992614746,2.1830649375915527,0.1130056381225586,0.05543780326843262,MedicalImages,Max PACF: n_random_points=10 nb_inst_per_class=50,10,50,Rsast,Max PACF
2,0.6473684210526316,2.2703404426574707,0.07240033149719238,1.9055299758911133,0.2199263572692871,0.06954002380371094,MedicalImages,Max PACF: n_random_points=30 nb_inst_per_class=30,30,30,Rsast,Max PACF
3,0.6631578947368421,3.1389622688293457,0.05910825729370117,2.7282512187957764,0.2616150379180908,0.08477997779846191,MedicalImages,Max PACF: n_random_points=30 nb_inst_per_class=50,30,50,Rsast,Max PACF
4,0.6328947368421053,0.24201297760009766,0.07239794731140137,0.048822641372680664,0.07274937629699707,0.044194936752319336,MedicalImages,None: n_random_points=10 nb_inst_per_class=30,10,30,Rsast,None
5,0.6526315789473685,0.2535207271575928,0.07259464263916016,0.05853390693664551,0.07628989219665527,0.04457211494445801,MedicalImages,None: n_random_points=10 nb_inst_per_class=50,10,50,Rsast,None
6,0.6855263157894737,0.31569457054138184,0.05223417282104492,0.05032920837402344,0.1622779369354248,0.04915571212768555,MedicalImages,None: n_random_points=30 nb_inst_per_class=30,30,30,Rsast,None
7,0.6815789473684211,0.385012149810791,0.059831857681274414,0.07201409339904785,0.1860942840576172,0.06375765800476074,MedicalImages,None: n_random_points=30 nb_inst_per_class=50,30,50,Rsast,None
