,accuracy,time,cweights_time,fsubsequence_time,tdataset_time,tclassifier_time,dataset_name,classifier_name,rpoint,nb_per_class,method,len_method
0,0.6197368421052631,2.1932787895202637,0.05199122428894043,2.001044511795044,0.09962749481201172,0.03755307197570801,MedicalImages,Max PACF: n_random_points=10 nb_inst_per_class=30,10,30,Rsast,Max PACF
1,0.6394736842105263,2.47210431098938,0.04234647750854492,2.265930414199829,0.10396313667297363,0.058257341384887695,MedicalImages,Max PACF: n_random_points=10 nb_inst_per_class=50,10,50,Rsast,Max PACF
2,0.6394736842105263,2.2108561992645264,0.04223465919494629,1.8618099689483643,0.24070024490356445,0.06377649307250977,MedicalImages,Max PACF: n_random_points=30 nb_inst_per_class=30,30,30,Rsast,Max PACF
3,0.65,2.5035312175750732,0.05511665344238281,2.118649959564209,0.2679276466369629,0.05812644958496094,MedicalImages,Max PACF: n_random_points=30 nb_inst_per_class=50,30,50,Rsast,Max PACF
4,0.6473684210526316,0.2033231258392334,0.05178475379943848,0.03610944747924805,0.07189321517944336,0.040616512298583984,MedicalImages,None: n_random_points=10 nb_inst_per_class=30,10,30,Rsast,None
5,0.6368421052631579,0.23554658889770508,0.05896639823913574,0.04875469207763672,0.08998560905456543,0.03623652458190918,MedicalImages,None: n_random_points=10 nb_inst_per_class=50,10,50,Rsast,None
6,0.6552631578947369,0.3365199565887451,0.04239964485168457,0.04390215873718262,0.17754602432250977,0.0703432559967041,MedicalImages,None: n_random_points=30 nb_inst_per_class=30,30,30,Rsast,None
7,0.6881578947368421,0.3892178535461426,0.042426109313964844,0.05216836929321289,0.2070775032043457,0.0845794677734375,MedicalImages,None: n_random_points=30 nb_inst_per_class=50,30,50,Rsast,None
