,accuracy,time,cweights_time,fsubsequence_time,tdataset_time,tclassifier_time,dataset_name,classifier_name,rpoint,nb_per_class,method,len_method
0,0.9938542581211589,0.17157649993896484,0.013099431991577148,0.14569830894470215,0.009480476379394531,0.002454042434692383,TwoLeadECG,Max PACF: n_random_points=10 nb_inst_per_class=30,10,30,Rsast,Max PACF
1,0.9982440737489026,0.14469313621520996,0.01235651969909668,0.1291816234588623,0.0012271404266357422,0.001605987548828125,TwoLeadECG,Max PACF: n_random_points=10 nb_inst_per_class=50,10,50,Rsast,Max PACF
2,0.9991220368744512,0.14939236640930176,0.012206792831420898,0.13144302368164062,0.0030808448791503906,0.0023386478424072266,TwoLeadECG,Max PACF: n_random_points=30 nb_inst_per_class=30,30,30,Rsast,Max PACF
3,0.9991220368744512,0.19509601593017578,0.016163349151611328,0.1646733283996582,0.011078357696533203,0.0024857521057128906,TwoLeadECG,Max PACF: n_random_points=30 nb_inst_per_class=50,30,50,Rsast,Max PACF
4,0.9438103599648815,0.019184112548828125,0.012156009674072266,0.0036742687225341797,0.0013623237609863281,0.0016527175903320312,TwoLeadECG,None: n_random_points=10 nb_inst_per_class=30,10,30,Rsast,None
5,0.9912203687445127,0.0337982177734375,0.012321710586547852,0.0037343502044677734,0.009193658828735352,0.008133172988891602,TwoLeadECG,None: n_random_points=10 nb_inst_per_class=50,10,50,Rsast,None
6,0.9991220368744512,0.05175185203552246,0.01729559898376465,0.007482051849365234,0.022184371948242188,0.004251241683959961,TwoLeadECG,None: n_random_points=30 nb_inst_per_class=30,30,30,Rsast,None
7,0.9789288849868305,0.03051018714904785,0.012380838394165039,0.00541996955871582,0.009750127792358398,0.0023980140686035156,TwoLeadECG,None: n_random_points=30 nb_inst_per_class=50,30,50,Rsast,None
