,accuracy,time,cweights_time,fsubsequence_time,tdataset_time,tclassifier_time,dataset_name,classifier_name,rpoint,nb_per_class,method,len_method
0,0.9825072886297376,0.02639460563659668,0.00482177734375,0.018637418746948242,0.0007801055908203125,0.0017914772033691406,Chinatown,Max PACF: n_random_points=10 nb_inst_per_class=30,10,30,Rsast,Max PACF
1,0.9825072886297376,0.026658296585083008,0.004794597625732422,0.01869511604309082,0.0008919239044189453,0.0019271373748779297,Chinatown,Max PACF: n_random_points=10 nb_inst_per_class=50,10,50,Rsast,Max PACF
2,0.9854227405247813,0.02768564224243164,0.004777193069458008,0.019596338272094727,0.0011327266693115234,0.0018286705017089844,Chinatown,Max PACF: n_random_points=30 nb_inst_per_class=30,30,30,Rsast,Max PACF
3,0.9854227405247813,0.027341365814208984,0.00478363037109375,0.01949453353881836,0.0008738040924072266,0.0018308162689208984,Chinatown,Max PACF: n_random_points=30 nb_inst_per_class=50,30,50,Rsast,Max PACF
4,0.9620991253644315,0.012469768524169922,0.004999399185180664,0.0045506954193115234,0.0007464885711669922,0.0018186569213867188,Chinatown,None: n_random_points=10 nb_inst_per_class=30,10,30,Rsast,None
5,0.9766763848396501,0.011446714401245117,0.004810810089111328,0.003850698471069336,0.000667572021484375,0.0017781257629394531,Chinatown,None: n_random_points=10 nb_inst_per_class=50,10,50,Rsast,None
6,0.9591836734693877,0.01236581802368164,0.0048029422760009766,0.004694700241088867,0.0007457733154296875,0.001783132553100586,Chinatown,None: n_random_points=30 nb_inst_per_class=30,30,30,Rsast,None
7,0.9650145772594753,0.012506723403930664,0.004747629165649414,0.004682302474975586,0.0009148120880126953,0.0018000602722167969,Chinatown,None: n_random_points=30 nb_inst_per_class=50,30,50,Rsast,None
