,accuracy,time,cweights_time,fsubsequence_time,tdataset_time,tclassifier_time,dataset_name,classifier_name,rpoint,nb_per_class,method,len_method
0,0.85,2.1392478942871094,0.03237485885620117,2.072624683380127,0.02356433868408203,0.00979757308959961,PowerCons,Max PACF: n_random_points=10 nb_inst_per_class=30,10,30,Rsast,Max PACF
1,0.8777777777777778,2.894791603088379,0.0325617790222168,2.8073031902313232,0.04146885871887207,0.012831926345825195,PowerCons,Max PACF: n_random_points=10 nb_inst_per_class=50,10,50,Rsast,Max PACF
2,0.85,1.6923696994781494,0.024936437606811523,1.5762546062469482,0.07555580139160156,0.015055179595947266,PowerCons,Max PACF: n_random_points=30 nb_inst_per_class=30,30,30,Rsast,Max PACF
3,0.8555555555555555,2.8001394271850586,0.025066375732421875,2.6527962684631348,0.10026001930236816,0.021097183227539062,PowerCons,Max PACF: n_random_points=30 nb_inst_per_class=50,30,50,Rsast,Max PACF
4,0.9055555555555556,0.06379914283752441,0.025398731231689453,0.009489774703979492,0.019216299057006836,0.008688688278198242,PowerCons,None: n_random_points=10 nb_inst_per_class=30,10,30,Rsast,None
5,0.9333333333333333,0.08532238006591797,0.02479839324951172,0.015784740447998047,0.03262829780578613,0.01173257827758789,PowerCons,None: n_random_points=10 nb_inst_per_class=50,10,50,Rsast,None
6,0.9611111111111111,0.10678982734680176,0.024953603744506836,0.013582706451416016,0.05386018753051758,0.013825416564941406,PowerCons,None: n_random_points=30 nb_inst_per_class=30,30,30,Rsast,None
7,0.9555555555555556,0.1453537940979004,0.02523493766784668,0.026372194290161133,0.07341361045837402,0.019173383712768555,PowerCons,None: n_random_points=30 nb_inst_per_class=50,30,50,Rsast,None
