,accuracy,time,cweights_time,fsubsequence_time,tdataset_time,tclassifier_time,dataset_name,classifier_name,rpoint,nb_per_class,method,len_method
0,0.9873417721518988,1.8833897113800049,0.02602243423461914,1.8318910598754883,0.017455577850341797,0.006327390670776367,GunPointMaleVersusFemale,Max PACF: n_random_points=10 nb_inst_per_class=30,10,30,Rsast,Max PACF
1,0.9873417721518988,2.958495616912842,0.02496933937072754,2.881830930709839,0.04105830192565918,0.01012730598449707,GunPointMaleVersusFemale,Max PACF: n_random_points=10 nb_inst_per_class=50,10,50,Rsast,Max PACF
2,0.990506329113924,1.8257851600646973,0.025060653686523438,1.7386369705200195,0.05064868927001953,0.010851383209228516,GunPointMaleVersusFemale,Max PACF: n_random_points=30 nb_inst_per_class=30,30,30,Rsast,Max PACF
3,0.9746835443037974,3.028838634490967,0.03198051452636719,2.9005298614501953,0.08393502235412598,0.011465787887573242,GunPointMaleVersusFemale,Max PACF: n_random_points=30 nb_inst_per_class=50,30,50,Rsast,Max PACF
4,0.9683544303797469,0.06281900405883789,0.0254364013671875,0.014223098754882812,0.013817548751831055,0.007203578948974609,GunPointMaleVersusFemale,None: n_random_points=10 nb_inst_per_class=30,10,30,Rsast,None
5,0.9873417721518988,0.08928990364074707,0.033396005630493164,0.01784229278564453,0.027861833572387695,0.009457826614379883,GunPointMaleVersusFemale,None: n_random_points=10 nb_inst_per_class=50,10,50,Rsast,None
6,0.9873417721518988,0.09960174560546875,0.02511906623840332,0.014328241348266602,0.04814600944519043,0.01128840446472168,GunPointMaleVersusFemale,None: n_random_points=30 nb_inst_per_class=30,30,30,Rsast,None
7,0.990506329113924,0.1181337833404541,0.032061100006103516,0.02280139923095703,0.0511472225189209,0.011197090148925781,GunPointMaleVersusFemale,None: n_random_points=30 nb_inst_per_class=50,30,50,Rsast,None
