,accuracy,time,cweights_time,fsubsequence_time,tdataset_time,tclassifier_time,dataset_name,classifier_name,rpoint,nb_per_class,method,len_method
0,1.0,2.792997360229492,0.040851593017578125,2.7045719623565674,0.03804922103881836,0.008377552032470703,Plane,Max PACF: n_random_points=10 nb_inst_per_class=30,10,30,Rsast,Max PACF
1,0.9904761904761905,2.771245002746582,0.041357994079589844,2.6850924491882324,0.036398887634277344,0.007729768753051758,Plane,Max PACF: n_random_points=10 nb_inst_per_class=50,10,50,Rsast,Max PACF
2,1.0,2.808692216873169,0.041036128997802734,2.6903090476989746,0.06538248062133789,0.011047124862670898,Plane,Max PACF: n_random_points=30 nb_inst_per_class=30,30,30,Rsast,Max PACF
3,1.0,3.1829376220703125,0.05784320831298828,3.042742967605591,0.07133698463439941,0.009120702743530273,Plane,Max PACF: n_random_points=30 nb_inst_per_class=50,30,50,Rsast,Max PACF
4,0.9904761904761905,0.11021232604980469,0.0574946403503418,0.023537158966064453,0.02017688751220703,0.008074760437011719,Plane,None: n_random_points=10 nb_inst_per_class=30,10,30,Rsast,None
5,0.9904761904761905,0.10718917846679688,0.055834293365478516,0.0227205753326416,0.019748687744140625,0.008351564407348633,Plane,None: n_random_points=10 nb_inst_per_class=50,10,50,Rsast,None
6,1.0,0.1667625904083252,0.06046867370605469,0.034186363220214844,0.06106114387512207,0.01038360595703125,Plane,None: n_random_points=30 nb_inst_per_class=30,30,30,Rsast,None
7,1.0,0.17090916633605957,0.058190107345581055,0.03712964057922363,0.062462806701660156,0.010823249816894531,Plane,None: n_random_points=30 nb_inst_per_class=50,30,50,Rsast,None
