,accuracy,time,cweights_time,fsubsequence_time,tdataset_time,tclassifier_time,dataset_name,classifier_name,rpoint,nb_per_class,method,len_method
0,0.8929695697796433,0.09704780578613281,0.01060628890991211,0.08186888694763184,0.002508401870727539,0.0017175674438476562,SonyAIBORobotSurface2,Max PACF: n_random_points=10 nb_inst_per_class=30,10,30,Rsast,Max PACF
1,0.8898216159496327,0.0995035171508789,0.009745121002197266,0.08030843734741211,0.00602412223815918,0.0030531883239746094,SonyAIBORobotSurface2,Max PACF: n_random_points=10 nb_inst_per_class=50,10,50,Rsast,Max PACF
2,0.8803777544596013,0.14078426361083984,0.01533198356628418,0.11781597137451172,0.004723072052001953,0.002336740493774414,SonyAIBORobotSurface2,Max PACF: n_random_points=30 nb_inst_per_class=30,30,30,Rsast,Max PACF
3,0.8845750262329486,0.12976503372192383,0.012812614440917969,0.10428953170776367,0.009801149368286133,0.0023987293243408203,SonyAIBORobotSurface2,Max PACF: n_random_points=30 nb_inst_per_class=50,30,50,Rsast,Max PACF
4,0.8478488982161595,0.02170705795288086,0.011898279190063477,0.0057256221771240234,0.00173187255859375,0.0019512176513671875,SonyAIBORobotSurface2,None: n_random_points=10 nb_inst_per_class=30,10,30,Rsast,None
5,0.8111227701993704,0.021090269088745117,0.011904716491699219,0.0050966739654541016,0.0017864704132080078,0.001959562301635742,SonyAIBORobotSurface2,None: n_random_points=10 nb_inst_per_class=50,10,50,Rsast,None
6,0.8478488982161595,0.024161338806152344,0.011802434921264648,0.007215976715087891,0.0027551651000976562,0.002033710479736328,SonyAIBORobotSurface2,None: n_random_points=30 nb_inst_per_class=30,30,30,Rsast,None
7,0.8929695697796433,0.02466130256652832,0.011919260025024414,0.007128238677978516,0.0029697418212890625,0.002254009246826172,SonyAIBORobotSurface2,None: n_random_points=30 nb_inst_per_class=50,30,50,Rsast,None
