,accuracy,time,cweights_time,fsubsequence_time,tdataset_time,tclassifier_time,dataset_name,classifier_name,rpoint,nb_per_class,method,len_method
0,0.9513513513513514,8.757123947143555,0.10543370246887207,7.376387357711792,0.17325711250305176,1.1005287170410156,Strawberry,Max PACF: n_random_points=10 nb_inst_per_class=30,10,30,Rsast,Max PACF
1,0.9432432432432433,12.954514026641846,0.0602726936340332,12.536575317382812,0.24509739875793457,0.11161398887634277,Strawberry,Max PACF: n_random_points=10 nb_inst_per_class=50,10,50,Rsast,Max PACF
2,0.9567567567567568,7.201371669769287,0.0621793270111084,6.643813133239746,0.36519551277160645,0.12913179397583008,Strawberry,Max PACF: n_random_points=30 nb_inst_per_class=30,30,30,Rsast,Max PACF
3,0.9594594594594594,12.425600528717041,0.05936932563781738,11.619075775146484,0.6076250076293945,0.13777756690979004,Strawberry,Max PACF: n_random_points=30 nb_inst_per_class=50,30,50,Rsast,Max PACF
4,0.9540540540540541,1.311523199081421,0.05961489677429199,0.010497808456420898,0.10863518714904785,1.1310808658599854,Strawberry,None: n_random_points=10 nb_inst_per_class=30,10,30,Rsast,None
5,0.9702702702702702,0.45340490341186523,0.059757232666015625,0.017852783203125,0.24203252792358398,0.13299059867858887,Strawberry,None: n_random_points=10 nb_inst_per_class=50,10,50,Rsast,None
6,0.9459459459459459,0.6339027881622314,0.06046795845031738,0.015888690948486328,0.38759422302246094,0.1689753532409668,Strawberry,None: n_random_points=30 nb_inst_per_class=30,30,30,Rsast,None
7,0.9540540540540541,0.9024109840393066,0.06476044654846191,0.027604341506958008,0.6478614807128906,0.16060304641723633,Strawberry,None: n_random_points=30 nb_inst_per_class=50,30,50,Rsast,None
