,accuracy,time,cweights_time,fsubsequence_time,tdataset_time,tclassifier_time,dataset_name,classifier_name,rpoint,nb_per_class,method,len_method
0,0.697841726618705,0.748781681060791,0.0236055850982666,0.6421387195587158,0.03850674629211426,0.04283952713012695,DistalPhalanxOutlineAgeGroup,Max PACF: n_random_points=10 nb_inst_per_class=30,10,30,Rsast,Max PACF
1,0.7482014388489209,1.0498778820037842,0.02214980125427246,0.9122803211212158,0.05467796325683594,0.060010671615600586,DistalPhalanxOutlineAgeGroup,Max PACF: n_random_points=10 nb_inst_per_class=50,10,50,Rsast,Max PACF
2,0.7266187050359713,0.7949690818786621,0.021865129470825195,0.5988152027130127,0.11907792091369629,0.05422520637512207,DistalPhalanxOutlineAgeGroup,Max PACF: n_random_points=30 nb_inst_per_class=30,30,30,Rsast,Max PACF
3,0.7122302158273381,0.9777135848999023,0.018284082412719727,0.7509489059448242,0.13515615463256836,0.07148075103759766,DistalPhalanxOutlineAgeGroup,Max PACF: n_random_points=30 nb_inst_per_class=50,30,50,Rsast,Max PACF
4,0.7194244604316546,0.10941767692565918,0.023728609085083008,0.018151044845581055,0.03367733955383301,0.031777381896972656,DistalPhalanxOutlineAgeGroup,None: n_random_points=10 nb_inst_per_class=30,10,30,Rsast,None
5,0.7482014388489209,0.13650727272033691,0.023313045501708984,0.026913881301879883,0.05244302749633789,0.033278703689575195,DistalPhalanxOutlineAgeGroup,None: n_random_points=10 nb_inst_per_class=50,10,50,Rsast,None
6,0.762589928057554,0.17077112197875977,0.023421287536621094,0.02563786506652832,0.08425426483154297,0.0366969108581543,DistalPhalanxOutlineAgeGroup,None: n_random_points=30 nb_inst_per_class=30,30,30,Rsast,None
7,0.7338129496402878,0.2288532257080078,0.02360367774963379,0.03876304626464844,0.12402009963989258,0.04092121124267578,DistalPhalanxOutlineAgeGroup,None: n_random_points=30 nb_inst_per_class=50,30,50,Rsast,None
