,accuracy,time,cweights_time,fsubsequence_time,tdataset_time,tclassifier_time,dataset_name,classifier_name,rpoint,nb_per_class,method,len_method
0,0.85,22.090248107910156,0.0994102954864502,21.979589700698853,0.008656024932861328,0.0021011829376220703,BirdChicken,Max PACF: n_random_points=10 nb_inst_per_class=30,10,30,Rsast,Max PACF
1,0.7,20.1051926612854,0.0779414176940918,20.01622700691223,0.008543729782104492,0.002092123031616211,BirdChicken,Max PACF: n_random_points=10 nb_inst_per_class=50,10,50,Rsast,Max PACF
2,0.8,20.134234189987183,0.07769203186035156,20.027973890304565,0.025709152221679688,0.0023496150970458984,BirdChicken,Max PACF: n_random_points=30 nb_inst_per_class=30,30,30,Rsast,Max PACF
3,0.85,20.068198204040527,0.07911086082458496,19.963122844696045,0.022963285446166992,0.002355813980102539,BirdChicken,Max PACF: n_random_points=30 nb_inst_per_class=50,30,50,Rsast,Max PACF
4,0.75,0.0943455696105957,0.07911443710327148,0.0048694610595703125,0.008177518844604492,0.0017809867858886719,BirdChicken,None: n_random_points=10 nb_inst_per_class=30,10,30,Rsast,None
5,0.7,0.09630346298217773,0.08078169822692871,0.0052301883697509766,0.008413076400756836,0.0015285015106201172,BirdChicken,None: n_random_points=10 nb_inst_per_class=50,10,50,Rsast,None
6,0.75,0.10114550590515137,0.07695460319519043,0.006011009216308594,0.016056537628173828,0.0018076896667480469,BirdChicken,None: n_random_points=30 nb_inst_per_class=30,30,30,Rsast,None
7,0.65,0.10907316207885742,0.07971978187561035,0.00699162483215332,0.020282268524169922,0.0017287731170654297,BirdChicken,None: n_random_points=30 nb_inst_per_class=50,30,50,Rsast,None
