,accuracy,time,cweights_time,fsubsequence_time,tdataset_time,tclassifier_time,dataset_name,classifier_name,rpoint,nb_per_class,method,len_method
0,0.5,77.57631874084473,0.08724427223205566,77.4186179637909,0.06636548042297363,0.0032320022583007812,Herring,Max PACF: n_random_points=10 nb_inst_per_class=30,10,30,Rsast,Max PACF
1,0.53125,79.86173367500305,0.08858609199523926,79.69274020195007,0.07562541961669922,0.004130840301513672,Herring,Max PACF: n_random_points=10 nb_inst_per_class=50,10,50,Rsast,Max PACF
2,0.59375,67.2011444568634,0.08861184120178223,66.9277355670929,0.17914891242980957,0.004763603210449219,Herring,Max PACF: n_random_points=30 nb_inst_per_class=30,30,30,Rsast,Max PACF
3,0.546875,63.6087749004364,0.08794522285461426,63.32365393638611,0.19083285331726074,0.005111217498779297,Herring,Max PACF: n_random_points=30 nb_inst_per_class=50,30,50,Rsast,Max PACF
4,0.609375,0.1394951343536377,0.08708882331848145,0.012245655059814453,0.03587794303894043,0.0033791065216064453,Herring,None: n_random_points=10 nb_inst_per_class=30,10,30,Rsast,None
5,0.578125,0.17496037483215332,0.10952091217041016,0.01491856575012207,0.046636343002319336,0.003433704376220703,Herring,None: n_random_points=10 nb_inst_per_class=50,10,50,Rsast,None
6,0.578125,0.2511138916015625,0.10716652870178223,0.01761770248413086,0.12160277366638184,0.0042002201080322266,Herring,None: n_random_points=30 nb_inst_per_class=30,30,30,Rsast,None
7,0.53125,0.2439734935760498,0.09064030647277832,0.02025628089904785,0.1265711784362793,0.0056645870208740234,Herring,None: n_random_points=30 nb_inst_per_class=50,30,50,Rsast,None
