,accuracy,time,cweights_time,fsubsequence_time,tdataset_time,tclassifier_time,dataset_name,classifier_name,rpoint,nb_per_class,method,len_method
0,0.6945054945054945,74.37987112998962,0.6404445171356201,67.88847351074219,5.742196083068848,0.10557389259338379,FiftyWords,Max PACF: n_random_points=10 nb_inst_per_class=30,10,30,Rsast,Max PACF
1,0.7142857142857143,69.29639291763306,0.652395486831665,67.82166862487793,0.7511453628540039,0.06809353828430176,FiftyWords,Max PACF: n_random_points=10 nb_inst_per_class=50,10,50,Rsast,Max PACF
2,0.7296703296703296,76.68974804878235,0.4457254409790039,74.29234981536865,1.8002943992614746,0.1464219093322754,FiftyWords,Max PACF: n_random_points=30 nb_inst_per_class=30,30,30,Rsast,Max PACF
3,0.7186813186813187,74.81338024139404,0.476560115814209,72.24116086959839,1.9258239269256592,0.16153573989868164,FiftyWords,Max PACF: n_random_points=30 nb_inst_per_class=50,30,50,Rsast,Max PACF
4,0.734065934065934,1.1788733005523682,0.43712687492370605,0.07188034057617188,0.5981876850128174,0.0686638355255127,FiftyWords,None: n_random_points=10 nb_inst_per_class=30,10,30,Rsast,None
5,0.7494505494505495,1.294748067855835,0.44341158866882324,0.07977056503295898,0.7002499103546143,0.06926202774047852,FiftyWords,None: n_random_points=10 nb_inst_per_class=50,10,50,Rsast,None
6,0.7406593406593407,2.623316764831543,0.6423494815826416,0.14709925651550293,1.6716275215148926,0.15866899490356445,FiftyWords,None: n_random_points=30 nb_inst_per_class=30,30,30,Rsast,None
7,0.7582417582417582,3.0026237964630127,0.7769210338592529,0.19153738021850586,1.8582642078399658,0.16921782493591309,FiftyWords,None: n_random_points=30 nb_inst_per_class=50,30,50,Rsast,None
