,accuracy,time,cweights_time,fsubsequence_time,tdataset_time,tclassifier_time,dataset_name,classifier_name,rpoint,nb_per_class,method,len_method
0,0.6115107913669064,1.080918312072754,0.03427386283874512,0.9353852272033691,0.07390356063842773,0.03411388397216797,DistalPhalanxTW,Max PACF: n_random_points=10 nb_inst_per_class=30,10,30,Rsast,Max PACF
1,0.60431654676259,1.6599311828613281,0.03520345687866211,1.4836127758026123,0.08239364624023438,0.05571103096008301,DistalPhalanxTW,Max PACF: n_random_points=10 nb_inst_per_class=50,10,50,Rsast,Max PACF
2,0.5899280575539568,1.2205002307891846,0.025920629501342773,0.9590764045715332,0.17662787437438965,0.05683135986328125,DistalPhalanxTW,Max PACF: n_random_points=30 nb_inst_per_class=30,30,30,Rsast,Max PACF
3,0.6115107913669064,1.5575668811798096,0.02501082420349121,1.229936122894287,0.2105860710144043,0.08874750137329102,DistalPhalanxTW,Max PACF: n_random_points=30 nb_inst_per_class=50,30,50,Rsast,Max PACF
4,0.6115107913669064,0.14423298835754395,0.025205373764038086,0.026396751403808594,0.05571341514587402,0.03402066230773926,DistalPhalanxTW,None: n_random_points=10 nb_inst_per_class=30,10,30,Rsast,None
5,0.6474820143884892,0.16563916206359863,0.02480459213256836,0.03179621696472168,0.07080197334289551,0.037045955657958984,DistalPhalanxTW,None: n_random_points=10 nb_inst_per_class=50,10,50,Rsast,None
6,0.6330935251798561,0.2716100215911865,0.034044742584228516,0.04956340789794922,0.13176751136779785,0.05449271202087402,DistalPhalanxTW,None: n_random_points=30 nb_inst_per_class=30,30,30,Rsast,None
7,0.6330935251798561,0.3004298210144043,0.024684429168701172,0.04397916793823242,0.1742110252380371,0.05523514747619629,DistalPhalanxTW,None: n_random_points=30 nb_inst_per_class=50,30,50,Rsast,None
