,accuracy,time,cweights_time,fsubsequence_time,tdataset_time,tclassifier_time,dataset_name,classifier_name,rpoint,nb_per_class,method,len_method
0,0.7328,15.372461080551147,0.17850303649902344,14.824933290481567,0.2882852554321289,0.07524704933166504,SwedishLeaf,Max PACF: n_random_points=10 nb_inst_per_class=30,10,30,Rsast,Max PACF
1,0.7632,10.039149284362793,0.07837080955505371,9.558581590652466,0.3224780559539795,0.07740449905395508,SwedishLeaf,Max PACF: n_random_points=10 nb_inst_per_class=50,10,50,Rsast,Max PACF
2,0.7856,9.652009963989258,0.0778038501739502,8.68774127960205,0.719092845916748,0.16437792778015137,SwedishLeaf,Max PACF: n_random_points=30 nb_inst_per_class=30,30,30,Rsast,Max PACF
3,0.8048,13.833146095275879,0.08147478103637695,12.768373250961304,0.7931897640228271,0.18595194816589355,SwedishLeaf,Max PACF: n_random_points=30 nb_inst_per_class=50,30,50,Rsast,Max PACF
4,0.824,0.46077394485473633,0.09860968589782715,0.07786130905151367,0.20520401000976562,0.07584619522094727,SwedishLeaf,None: n_random_points=10 nb_inst_per_class=30,10,30,Rsast,None
5,0.8,0.4947245121002197,0.0793914794921875,0.07873392105102539,0.2633538246154785,0.07139039039611816,SwedishLeaf,None: n_random_points=10 nb_inst_per_class=50,10,50,Rsast,None
6,0.8512,1.3114020824432373,0.15536713600158691,0.13309931755065918,0.8348734378814697,0.1849656105041504,SwedishLeaf,None: n_random_points=30 nb_inst_per_class=30,30,30,Rsast,None
7,0.8384,1.5701603889465332,0.15874910354614258,0.17261147499084473,1.0111579895019531,0.2232215404510498,SwedishLeaf,None: n_random_points=30 nb_inst_per_class=50,30,50,Rsast,None
