,accuracy,time,cweights_time,fsubsequence_time,tdataset_time,tclassifier_time,dataset_name,classifier_name,rpoint,nb_per_class,method,len_method
0,0.7553956834532374,0.9502613544464111,0.032451629638671875,0.8162641525268555,0.05862736701965332,0.041090965270996094,DistalPhalanxOutlineAgeGroup,Max PACF: n_random_points=10 nb_inst_per_class=30,10,30,Rsast,Max PACF
1,0.7194244604316546,1.0676965713500977,0.028717517852783203,0.8886570930480957,0.10436868667602539,0.045205116271972656,DistalPhalanxOutlineAgeGroup,Max PACF: n_random_points=10 nb_inst_per_class=50,10,50,Rsast,Max PACF
2,0.7266187050359713,0.6875343322753906,0.017838478088378906,0.5213558673858643,0.09772825241088867,0.04955029487609863,DistalPhalanxOutlineAgeGroup,Max PACF: n_random_points=30 nb_inst_per_class=30,30,30,Rsast,Max PACF
3,0.7122302158273381,0.9704797267913818,0.018712759017944336,0.7389576435089111,0.15463948249816895,0.05649995803833008,DistalPhalanxOutlineAgeGroup,Max PACF: n_random_points=30 nb_inst_per_class=50,30,50,Rsast,Max PACF
4,0.7338129496402878,0.10843467712402344,0.023637056350708008,0.018146991729736328,0.032692909240722656,0.03220224380493164,DistalPhalanxOutlineAgeGroup,None: n_random_points=10 nb_inst_per_class=30,10,30,Rsast,None
5,0.7338129496402878,0.13370871543884277,0.023326873779296875,0.025644302368164062,0.05194664001464844,0.0322270393371582,DistalPhalanxOutlineAgeGroup,None: n_random_points=10 nb_inst_per_class=50,10,50,Rsast,None
6,0.6762589928057554,0.1807260513305664,0.023448705673217773,0.027207612991333008,0.09185647964477539,0.03747868537902832,DistalPhalanxOutlineAgeGroup,None: n_random_points=30 nb_inst_per_class=30,30,30,Rsast,None
7,0.7410071942446043,0.2444770336151123,0.023719072341918945,0.03830742835998535,0.13261723518371582,0.04817461967468262,DistalPhalanxOutlineAgeGroup,None: n_random_points=30 nb_inst_per_class=50,30,50,Rsast,None
