,accuracy,time,cweights_time,fsubsequence_time,tdataset_time,tclassifier_time,dataset_name,classifier_name,rpoint,nb_per_class,method,len_method
0,0.9796491228070175,13.413001537322998,0.049979209899902344,13.278762102127075,0.0716550350189209,0.011012554168701172,FreezerRegularTrain,Max PACF: n_random_points=10 nb_inst_per_class=30,10,30,Rsast,Max PACF
1,0.9768421052631578,22.363000631332397,0.05453824996948242,22.196120738983154,0.09974098205566406,0.011790990829467773,FreezerRegularTrain,Max PACF: n_random_points=10 nb_inst_per_class=50,10,50,Rsast,Max PACF
2,0.9835087719298246,14.049105644226074,0.05393385887145996,13.828914165496826,0.1497180461883545,0.015320539474487305,FreezerRegularTrain,Max PACF: n_random_points=30 nb_inst_per_class=30,30,30,Rsast,Max PACF
3,0.9750877192982456,24.078399181365967,0.05423712730407715,23.773860216140747,0.23149490356445312,0.01702570915222168,FreezerRegularTrain,Max PACF: n_random_points=30 nb_inst_per_class=50,30,50,Rsast,Max PACF
4,0.9715789473684211,0.13158845901489258,0.06063985824584961,0.012456893920898438,0.04570436477661133,0.011284828186035156,FreezerRegularTrain,None: n_random_points=10 nb_inst_per_class=30,10,30,Rsast,None
5,0.9842105263157894,0.2173163890838623,0.08119916915893555,0.03132748603820801,0.08994483947753906,0.013334274291992188,FreezerRegularTrain,None: n_random_points=10 nb_inst_per_class=50,10,50,Rsast,None
6,0.9701754385964912,0.300675630569458,0.09744524955749512,0.02977466583251953,0.15199065208435059,0.019686222076416016,FreezerRegularTrain,None: n_random_points=30 nb_inst_per_class=30,30,30,Rsast,None
7,0.9842105263157894,0.42844319343566895,0.09845495223999023,0.04921436309814453,0.25435972213745117,0.024210214614868164,FreezerRegularTrain,None: n_random_points=30 nb_inst_per_class=50,30,50,Rsast,None
