,accuracy,time,cweights_time,fsubsequence_time,tdataset_time,tclassifier_time,dataset_name,classifier_name,rpoint,nb_per_class,method,len_method
0,0.7853658536585366,1.0677225589752197,0.02487492561340332,0.9408395290374756,0.0624234676361084,0.03694629669189453,ProximalPhalanxTW,Max PACF: n_random_points=10 nb_inst_per_class=30,10,30,Rsast,Max PACF
1,0.7853658536585366,1.4672181606292725,0.03395199775695801,1.3068280220031738,0.08274722099304199,0.04239654541015625,ProximalPhalanxTW,Max PACF: n_random_points=10 nb_inst_per_class=50,10,50,Rsast,Max PACF
2,0.7853658536585366,1.0786476135253906,0.02466130256652832,0.83707594871521,0.15503573417663574,0.06020665168762207,ProximalPhalanxTW,Max PACF: n_random_points=30 nb_inst_per_class=30,30,30,Rsast,Max PACF
3,0.7951219512195122,1.6568808555603027,0.024762630462646484,1.315664291381836,0.22345995903015137,0.08890748023986816,ProximalPhalanxTW,Max PACF: n_random_points=30 nb_inst_per_class=50,30,50,Rsast,Max PACF
4,0.7560975609756098,0.16432905197143555,0.034454345703125,0.029047489166259766,0.06050825119018555,0.037275075912475586,ProximalPhalanxTW,None: n_random_points=10 nb_inst_per_class=30,10,30,Rsast,None
5,0.7804878048780488,0.18756461143493652,0.03455519676208496,0.041576385498046875,0.07489824295043945,0.03570151329040527,ProximalPhalanxTW,None: n_random_points=10 nb_inst_per_class=50,10,50,Rsast,None
6,0.7951219512195122,0.27675342559814453,0.0341496467590332,0.043836116790771484,0.14522743225097656,0.05208468437194824,ProximalPhalanxTW,None: n_random_points=30 nb_inst_per_class=30,30,30,Rsast,None
7,0.7853658536585366,0.29547715187072754,0.031296491622924805,0.04369974136352539,0.16271042823791504,0.055182456970214844,ProximalPhalanxTW,None: n_random_points=30 nb_inst_per_class=50,30,50,Rsast,None
