,accuracy,time,cweights_time,fsubsequence_time,tdataset_time,tclassifier_time,dataset_name,classifier_name,rpoint,nb_per_class,method,len_method
0,0.8793929712460063,0.1962120532989502,0.012832880020141602,0.16999220848083496,0.010691165924072266,0.002203226089477539,MoteStrain,Max PACF: n_random_points=10 nb_inst_per_class=30,10,30,Rsast,Max PACF
1,0.8690095846645367,0.20832037925720215,0.0171048641204834,0.16251373291015625,0.026721477508544922,0.001596689224243164,MoteStrain,Max PACF: n_random_points=10 nb_inst_per_class=50,10,50,Rsast,Max PACF
2,0.8769968051118211,0.14875268936157227,0.012915372848510742,0.1317434310913086,0.0021157264709472656,0.0016379356384277344,MoteStrain,Max PACF: n_random_points=30 nb_inst_per_class=30,30,30,Rsast,Max PACF
3,0.884185303514377,0.15159988403320312,0.012663125991821289,0.1340944766998291,0.0027806758880615234,0.0016448497772216797,MoteStrain,Max PACF: n_random_points=30 nb_inst_per_class=50,30,50,Rsast,Max PACF
4,0.8178913738019169,0.01868414878845215,0.012625455856323242,0.003072500228881836,0.0010645389556884766,0.0015790462493896484,MoteStrain,None: n_random_points=10 nb_inst_per_class=30,10,30,Rsast,None
5,0.8746006389776357,0.035793304443359375,0.012337207794189453,0.003266572952270508,0.016687870025634766,0.003151416778564453,MoteStrain,None: n_random_points=10 nb_inst_per_class=50,10,50,Rsast,None
6,0.8450479233226837,0.02168726921081543,0.01262044906616211,0.0049326419830322266,0.0021409988403320312,0.0016009807586669922,MoteStrain,None: n_random_points=30 nb_inst_per_class=30,30,30,Rsast,None
7,0.8410543130990416,0.028209209442138672,0.01753997802734375,0.00628209114074707,0.002043485641479492,0.0019042491912841797,MoteStrain,None: n_random_points=30 nb_inst_per_class=50,30,50,Rsast,None
