,accuracy,time,cweights_time,fsubsequence_time,tdataset_time,tclassifier_time,dataset_name,classifier_name,rpoint,nb_per_class,method,len_method
0,0.8866736621196223,0.1264171600341797,0.012176513671875,0.09989738464355469,0.011867761611938477,0.002076387405395508,SonyAIBORobotSurface2,Max PACF: n_random_points=10 nb_inst_per_class=30,10,30,Rsast,Max PACF
1,0.8919202518363064,0.1207726001739502,0.011892557144165039,0.09983563423156738,0.006158351898193359,0.0025360584259033203,SonyAIBORobotSurface2,Max PACF: n_random_points=10 nb_inst_per_class=50,10,50,Rsast,Max PACF
2,0.8866736621196223,0.11992907524108887,0.012754440307617188,0.1009683609008789,0.003363370895385742,0.0024466514587402344,SonyAIBORobotSurface2,Max PACF: n_random_points=30 nb_inst_per_class=30,30,30,Rsast,Max PACF
3,0.8856243441762854,0.1257460117340088,0.01185464859008789,0.10368585586547852,0.005965471267700195,0.003736734390258789,SonyAIBORobotSurface2,Max PACF: n_random_points=30 nb_inst_per_class=50,30,50,Rsast,Max PACF
4,0.8426023084994754,0.02361583709716797,0.012844085693359375,0.005895853042602539,0.0016374588012695312,0.0021893978118896484,SonyAIBORobotSurface2,None: n_random_points=10 nb_inst_per_class=30,10,30,Rsast,None
5,0.832109129066107,0.022158145904541016,0.012404441833496094,0.005560636520385742,0.0019156932830810547,0.0019061565399169922,SonyAIBORobotSurface2,None: n_random_points=10 nb_inst_per_class=50,10,50,Rsast,None
6,0.8583420776495279,0.025836944580078125,0.012395381927490234,0.007745981216430664,0.002986907958984375,0.0023298263549804688,SonyAIBORobotSurface2,None: n_random_points=30 nb_inst_per_class=30,30,30,Rsast,None
7,0.8426023084994754,0.02669668197631836,0.013582944869995117,0.007857561111450195,0.002695322036743164,0.0021238327026367188,SonyAIBORobotSurface2,None: n_random_points=30 nb_inst_per_class=50,30,50,Rsast,None
