,accuracy,time,cweights_time,fsubsequence_time,tdataset_time,tclassifier_time,dataset_name,classifier_name,rpoint,nb_per_class,method,len_method
0,0.7763313609467456,10.039313316345215,0.18270516395568848,9.449433088302612,0.28403782844543457,0.11674666404724121,FaceAll,Max PACF: n_random_points=10 nb_inst_per_class=30,10,30,Rsast,Max PACF
1,0.7828402366863906,11.78272294998169,0.09024286270141602,11.204640626907349,0.37039732933044434,0.11376953125,FaceAll,Max PACF: n_random_points=10 nb_inst_per_class=50,10,50,Rsast,Max PACF
2,0.7739644970414201,9.481529235839844,0.09326958656311035,8.467854499816895,0.7191088199615479,0.19490432739257812,FaceAll,Max PACF: n_random_points=30 nb_inst_per_class=30,30,30,Rsast,Max PACF
3,0.7798816568047338,12.99351167678833,0.11385583877563477,11.704274892807007,0.9365086555480957,0.22498273849487305,FaceAll,Max PACF: n_random_points=30 nb_inst_per_class=50,30,50,Rsast,Max PACF
4,0.7798816568047338,0.7658212184906006,0.13610577583312988,0.1248619556427002,0.351848840713501,0.14640331268310547,FaceAll,None: n_random_points=10 nb_inst_per_class=30,10,30,Rsast,None
5,0.7698224852071006,0.9238071441650391,0.14179325103759766,0.16601800918579102,0.44474220275878906,0.16801905632019043,FaceAll,None: n_random_points=10 nb_inst_per_class=50,10,50,Rsast,None
6,0.7828402366863906,1.7162539958953857,0.12349653244018555,0.18140435218811035,1.0496149063110352,0.35703110694885254,FaceAll,None: n_random_points=30 nb_inst_per_class=30,30,30,Rsast,None
7,0.7751479289940828,1.6005029678344727,0.10447907447814941,0.16966533660888672,1.0265893936157227,0.2938997745513916,FaceAll,None: n_random_points=30 nb_inst_per_class=50,30,50,Rsast,None
