,accuracy,time,cweights_time,fsubsequence_time,tdataset_time,tclassifier_time,dataset_name,classifier_name,rpoint,nb_per_class,method,len_method
0,0.7777777777777778,19.60245156288147,0.076141357421875,19.516062259674072,0.007619619369506836,0.002211332321166992,ShapeletSim,Max PACF: n_random_points=10 nb_inst_per_class=30,10,30,Rsast,Max PACF
1,0.8,19.424113988876343,0.07600808143615723,19.336575031280518,0.008863449096679688,0.0022268295288085938,ShapeletSim,Max PACF: n_random_points=10 nb_inst_per_class=50,10,50,Rsast,Max PACF
2,0.8166666666666667,19.571726322174072,0.07733035087585449,19.456452131271362,0.031683921813964844,0.005451202392578125,ShapeletSim,Max PACF: n_random_points=30 nb_inst_per_class=30,30,30,Rsast,Max PACF
3,0.8166666666666667,19.48968195915222,0.07769393920898438,19.389678716659546,0.01898789405822754,0.0021467208862304688,ShapeletSim,Max PACF: n_random_points=30 nb_inst_per_class=50,30,50,Rsast,Max PACF
4,0.5,0.09890532493591309,0.08492803573608398,0.005235195159912109,0.006243705749511719,0.001996278762817383,ShapeletSim,None: n_random_points=10 nb_inst_per_class=30,10,30,Rsast,None
5,0.7111111111111111,0.08906698226928711,0.07418537139892578,0.004667758941650391,0.008004426956176758,0.0018684864044189453,ShapeletSim,None: n_random_points=10 nb_inst_per_class=50,10,50,Rsast,None
6,0.5,0.10299944877624512,0.07574272155761719,0.0065348148345947266,0.018363475799560547,0.001893758773803711,ShapeletSim,None: n_random_points=30 nb_inst_per_class=30,30,30,Rsast,None
7,0.5777777777777777,0.11485409736633301,0.0834052562713623,0.0070950984954833984,0.017501354217529297,0.006341695785522461,ShapeletSim,None: n_random_points=30 nb_inst_per_class=50,30,50,Rsast,None
