,accuracy,time,cweights_time,fsubsequence_time,tdataset_time,tclassifier_time,dataset_name,classifier_name,rpoint,nb_per_class,method,len_method
0,0.9533333333333334,1.6063241958618164,0.029973983764648438,1.5660650730133057,0.0072247982025146484,0.002541065216064453,GunPoint,Max PACF: n_random_points=10 nb_inst_per_class=30,10,30,Rsast,Max PACF
1,0.9533333333333334,1.5899159908294678,0.023038148880004883,1.5572113990783691,0.0063970088958740234,0.00290679931640625,GunPoint,Max PACF: n_random_points=10 nb_inst_per_class=50,10,50,Rsast,Max PACF
2,0.9666666666666667,1.6158511638641357,0.023137807846069336,1.572343349456787,0.016515016555786133,0.0033655166625976562,GunPoint,Max PACF: n_random_points=30 nb_inst_per_class=30,30,30,Rsast,Max PACF
3,0.9666666666666667,1.6190130710601807,0.022879600524902344,1.574280023574829,0.01714944839477539,0.00414729118347168,GunPoint,Max PACF: n_random_points=30 nb_inst_per_class=50,30,50,Rsast,Max PACF
4,0.9533333333333334,0.040787458419799805,0.023189306259155273,0.008167028427124023,0.006187915802001953,0.002739429473876953,GunPoint,None: n_random_points=10 nb_inst_per_class=30,10,30,Rsast,None
5,0.94,0.038924217224121094,0.022949695587158203,0.008082866668701172,0.005154132843017578,0.002429485321044922,GunPoint,None: n_random_points=10 nb_inst_per_class=50,10,50,Rsast,None
6,0.9733333333333334,0.05980110168457031,0.02532815933227539,0.013508319854736328,0.01600360870361328,0.004354000091552734,GunPoint,None: n_random_points=30 nb_inst_per_class=30,30,30,Rsast,None
7,0.9466666666666667,0.053558349609375,0.022658348083496094,0.011710882186889648,0.015102386474609375,0.0036509037017822266,GunPoint,None: n_random_points=30 nb_inst_per_class=50,30,50,Rsast,None
