,accuracy,time,cweights_time,fsubsequence_time,tdataset_time,tclassifier_time,dataset_name,classifier_name,rpoint,nb_per_class,method,len_method
0,0.638095238095238,34.95487070083618,0.0799713134765625,34.77839660644531,0.08804631233215332,0.007060527801513672,Ham,Max PACF: n_random_points=10 nb_inst_per_class=30,10,30,Rsast,Max PACF
1,0.6857142857142857,61.4044086933136,0.08711123466491699,61.1712441444397,0.13476967811584473,0.010244369506835938,Ham,Max PACF: n_random_points=10 nb_inst_per_class=50,10,50,Rsast,Max PACF
2,0.7238095238095238,35.4043185710907,0.08344316482543945,35.0936062335968,0.21020102500915527,0.016016483306884766,Ham,Max PACF: n_random_points=30 nb_inst_per_class=30,30,30,Rsast,Max PACF
3,0.6952380952380952,67.89645791053772,0.0776069164276123,67.5060453414917,0.29915618896484375,0.012404918670654297,Ham,Max PACF: n_random_points=30 nb_inst_per_class=50,30,50,Rsast,Max PACF
4,0.6476190476190476,0.1486954689025879,0.07757735252380371,0.012740135192871094,0.04985976219177246,0.0074310302734375,Ham,None: n_random_points=10 nb_inst_per_class=30,10,30,Rsast,None
5,0.6952380952380952,0.18681931495666504,0.07674455642700195,0.021885395050048828,0.07968640327453613,0.007968425750732422,Ham,None: n_random_points=10 nb_inst_per_class=50,10,50,Rsast,None
6,0.7333333333333333,0.28322529792785645,0.09558749198913574,0.022302865982055664,0.15139126777648926,0.012851476669311523,Ham,None: n_random_points=30 nb_inst_per_class=30,30,30,Rsast,None
7,0.6952380952380952,0.3640584945678711,0.0782771110534668,0.03132915496826172,0.24132251739501953,0.011603116989135742,Ham,None: n_random_points=30 nb_inst_per_class=50,30,50,Rsast,None
