,accuracy,time,cweights_time,fsubsequence_time,tdataset_time,tclassifier_time,dataset_name,classifier_name,rpoint,nb_per_class,method,len_method
0,0.9285714285714286,5.595897197723389,0.04243111610412598,5.544216871261597,0.0069468021392822266,0.001901865005493164,Coffee,Max PACF: n_random_points=10 nb_inst_per_class=30,10,30,Rsast,Max PACF
1,0.9285714285714286,5.469121217727661,0.042984724044799805,5.411244630813599,0.011834859848022461,0.002691984176635742,Coffee,Max PACF: n_random_points=10 nb_inst_per_class=50,10,50,Rsast,Max PACF
2,0.9285714285714286,5.467565059661865,0.04296255111694336,5.402934312820435,0.01865100860595703,0.0025806427001953125,Coffee,Max PACF: n_random_points=30 nb_inst_per_class=30,30,30,Rsast,Max PACF
3,0.9285714285714286,5.470989942550659,0.05467104911804199,5.396776914596558,0.01678299903869629,0.0021293163299560547,Coffee,Max PACF: n_random_points=30 nb_inst_per_class=50,30,50,Rsast,Max PACF
4,1.0,0.05665874481201172,0.04315543174743652,0.005213737487792969,0.0061016082763671875,0.0015676021575927734,Coffee,None: n_random_points=10 nb_inst_per_class=30,10,30,Rsast,None
5,1.0,0.05506491661071777,0.042695045471191406,0.005498647689819336,0.004899024963378906,0.0016853809356689453,Coffee,None: n_random_points=10 nb_inst_per_class=50,10,50,Rsast,None
6,0.9642857142857143,0.0665886402130127,0.04365992546081543,0.007383108139038086,0.013396739959716797,0.0018017292022705078,Coffee,None: n_random_points=30 nb_inst_per_class=30,30,30,Rsast,None
7,1.0,0.06980252265930176,0.04321551322937012,0.007413625717163086,0.016879796981811523,0.0018775463104248047,Coffee,None: n_random_points=30 nb_inst_per_class=50,30,50,Rsast,None
