,accuracy,time,cweights_time,fsubsequence_time,tdataset_time,tclassifier_time,dataset_name,classifier_name,rpoint,nb_per_class,method,len_method
0,0.946236559139785,1.8631365299224854,0.05098152160644531,1.8055627346038818,0.003265380859375,0.002835988998413086,Fungi,Max PACF: n_random_points=10 nb_inst_per_class=30,10,30,Rsast,Max PACF
1,0.946236559139785,1.9227218627929688,0.051161766052246094,1.8654463291168213,0.002941131591796875,0.0027434825897216797,Fungi,Max PACF: n_random_points=10 nb_inst_per_class=50,10,50,Rsast,Max PACF
2,0.9247311827956989,1.8772387504577637,0.05009746551513672,1.8187379837036133,0.005143165588378906,0.002807140350341797,Fungi,Max PACF: n_random_points=30 nb_inst_per_class=30,30,30,Rsast,Max PACF
3,0.9247311827956989,1.9847753047943115,0.049636125564575195,1.9275619983673096,0.004316568374633789,0.00279998779296875,Fungi,Max PACF: n_random_points=30 nb_inst_per_class=50,30,50,Rsast,Max PACF
4,0.8870967741935484,0.07018756866455078,0.053900718688964844,0.0037758350372314453,0.009518146514892578,0.002545595169067383,Fungi,None: n_random_points=10 nb_inst_per_class=30,10,30,Rsast,None
5,0.9139784946236559,0.05751514434814453,0.049514055252075195,0.003589153289794922,0.002199411392211914,0.0019245147705078125,Fungi,None: n_random_points=10 nb_inst_per_class=50,10,50,Rsast,None
6,0.9086021505376344,0.06082773208618164,0.04953718185424805,0.0047953128814697266,0.0036230087280273438,0.0025482177734375,Fungi,None: n_random_points=30 nb_inst_per_class=30,30,30,Rsast,None
7,0.8817204301075269,0.06234145164489746,0.05018210411071777,0.004749298095703125,0.004590749740600586,0.0024919509887695312,Fungi,None: n_random_points=30 nb_inst_per_class=50,30,50,Rsast,None
