,accuracy,time,cweights_time,fsubsequence_time,tdataset_time,tclassifier_time,dataset_name,classifier_name,rpoint,nb_per_class,method,len_method
0,0.8412060301507538,12.258898496627808,0.1829822063446045,12.064846992492676,0.00771021842956543,0.0023674964904785156,Symbols,Max PACF: n_random_points=10 nb_inst_per_class=30,10,30,Rsast,Max PACF
1,0.8663316582914573,11.578068971633911,0.09784770011901855,11.468039989471436,0.008992195129394531,0.0024864673614501953,Symbols,Max PACF: n_random_points=10 nb_inst_per_class=50,10,50,Rsast,Max PACF
2,0.8673366834170855,11.496466875076294,0.09690570831298828,11.375326871871948,0.02084970474243164,0.0025794506072998047,Symbols,Max PACF: n_random_points=30 nb_inst_per_class=30,30,30,Rsast,Max PACF
3,0.8683417085427135,11.563660860061646,0.09775876998901367,11.443446636199951,0.018909454345703125,0.0025975704193115234,Symbols,Max PACF: n_random_points=30 nb_inst_per_class=50,30,50,Rsast,Max PACF
4,0.9417085427135679,0.12022066116333008,0.09859991073608398,0.005571126937866211,0.011236906051635742,0.00400090217590332,Symbols,None: n_random_points=10 nb_inst_per_class=30,10,30,Rsast,None
5,0.9417085427135679,0.15036320686340332,0.13212990760803223,0.007564544677734375,0.0071947574615478516,0.002584695816040039,Symbols,None: n_random_points=10 nb_inst_per_class=50,10,50,Rsast,None
6,0.928643216080402,0.16320371627807617,0.13288331031799316,0.00993204116821289,0.0171358585357666,0.002643585205078125,Symbols,None: n_random_points=30 nb_inst_per_class=30,30,30,Rsast,None
7,0.9487437185929648,0.1402595043182373,0.1084897518157959,0.007287740707397461,0.021099567413330078,0.0026531219482421875,Symbols,None: n_random_points=30 nb_inst_per_class=50,30,50,Rsast,None
