,accuracy,time,cweights_time,fsubsequence_time,tdataset_time,tclassifier_time,dataset_name,classifier_name,rpoint,nb_per_class,method,len_method
0,0.7869415807560137,0.6563427448272705,0.02417612075805664,0.45026731491088867,0.05443549156188965,0.12488389015197754,MiddlePhalanxOutlineCorrect,Max PACF: n_random_points=10 nb_inst_per_class=30,10,30,Rsast,Max PACF
1,0.7869415807560137,1.0309171676635742,0.023976802825927734,0.8090770244598389,0.060950517654418945,0.13548779487609863,MiddlePhalanxOutlineCorrect,Max PACF: n_random_points=10 nb_inst_per_class=50,10,50,Rsast,Max PACF
2,0.7938144329896907,0.7408554553985596,0.021216154098510742,0.42130112648010254,0.10118818283081055,0.19597315788269043,MiddlePhalanxOutlineCorrect,Max PACF: n_random_points=30 nb_inst_per_class=30,30,30,Rsast,Max PACF
3,0.7938144329896907,1.0082716941833496,0.02326369285583496,0.6882638931274414,0.15122032165527344,0.1435239315032959,MiddlePhalanxOutlineCorrect,Max PACF: n_random_points=30 nb_inst_per_class=50,30,50,Rsast,Max PACF
4,0.8075601374570447,1.1539101600646973,0.023646831512451172,0.013000011444091797,0.04913616180419922,1.065016508102417,MiddlePhalanxOutlineCorrect,None: n_random_points=10 nb_inst_per_class=30,10,30,Rsast,None
5,0.8316151202749141,0.2758491039276123,0.01767277717590332,0.015835046768188477,0.06424069404602051,0.17742371559143066,MiddlePhalanxOutlineCorrect,None: n_random_points=10 nb_inst_per_class=50,10,50,Rsast,None
6,0.8144329896907216,0.3031597137451172,0.017787694931030273,0.013904094696044922,0.11309695243835449,0.15710854530334473,MiddlePhalanxOutlineCorrect,None: n_random_points=30 nb_inst_per_class=30,30,30,Rsast,None
7,0.8109965635738832,0.3865830898284912,0.023033618927001953,0.03131985664367676,0.1555190086364746,0.17492103576660156,MiddlePhalanxOutlineCorrect,None: n_random_points=30 nb_inst_per_class=50,30,50,Rsast,None
