,accuracy,time,cweights_time,fsubsequence_time,tdataset_time,tclassifier_time,dataset_name,classifier_name,rpoint,nb_per_class,method,len_method
0,0.8947368421052632,8.070117473602295,0.042249202728271484,8.012897968292236,0.011713743209838867,0.0026345252990722656,ToeSegmentation1,Max PACF: n_random_points=10 nb_inst_per_class=30,10,30,Rsast,Max PACF
1,0.8596491228070176,7.881373167037964,0.04252195358276367,7.823709726333618,0.011904001235961914,0.0026476383209228516,ToeSegmentation1,Max PACF: n_random_points=10 nb_inst_per_class=50,10,50,Rsast,Max PACF
2,0.8903508771929824,7.5716612339019775,0.05398297309875488,7.479365348815918,0.03361010551452637,0.0038366317749023438,ToeSegmentation1,Max PACF: n_random_points=30 nb_inst_per_class=30,30,30,Rsast,Max PACF
3,0.8771929824561403,7.347404479980469,0.04272818565368652,7.268986463546753,0.030988454818725586,0.0035791397094726562,ToeSegmentation1,Max PACF: n_random_points=30 nb_inst_per_class=50,30,50,Rsast,Max PACF
4,0.8201754385964912,0.06679797172546387,0.04773592948913574,0.007753610610961914,0.008271932601928711,0.002403736114501953,ToeSegmentation1,None: n_random_points=10 nb_inst_per_class=30,10,30,Rsast,None
5,0.8859649122807017,0.06257343292236328,0.04240775108337402,0.007865667343139648,0.00980997085571289,0.002110719680786133,ToeSegmentation1,None: n_random_points=10 nb_inst_per_class=50,10,50,Rsast,None
6,0.8289473684210527,0.0827946662902832,0.044184207916259766,0.010697364807128906,0.025272607803344727,0.002264261245727539,ToeSegmentation1,None: n_random_points=30 nb_inst_per_class=30,30,30,Rsast,None
7,0.8596491228070176,0.08514785766601562,0.04968738555908203,0.011371135711669922,0.020666837692260742,0.0028619766235351562,ToeSegmentation1,None: n_random_points=30 nb_inst_per_class=50,30,50,Rsast,None
