,accuracy,time,cweights_time,fsubsequence_time,tdataset_time,tclassifier_time,dataset_name,classifier_name,rpoint,nb_per_class,method,len_method
0,0.7387687188019967,0.11241793632507324,0.013643741607666016,0.09507083892822266,0.0011799335479736328,0.0021295547485351562,SonyAIBORobotSurface1,Max PACF: n_random_points=10 nb_inst_per_class=30,10,30,Rsast,Max PACF
1,0.7138103161397671,0.1098639965057373,0.012705087661743164,0.09385895729064941,0.0010433197021484375,0.0019125938415527344,SonyAIBORobotSurface1,Max PACF: n_random_points=10 nb_inst_per_class=50,10,50,Rsast,Max PACF
2,0.740432612312812,0.11761331558227539,0.012821197509765625,0.10065007209777832,0.0018687248229980469,0.0019147396087646484,SonyAIBORobotSurface1,Max PACF: n_random_points=30 nb_inst_per_class=30,30,30,Rsast,Max PACF
3,0.7437603993344426,0.10082530975341797,0.01266932487487793,0.08437609672546387,0.0017235279083251953,0.001672506332397461,SonyAIBORobotSurface1,Max PACF: n_random_points=30 nb_inst_per_class=50,30,50,Rsast,Max PACF
4,0.7504159733777038,0.01642012596130371,0.010383129119873047,0.003217935562133789,0.0010106563568115234,0.0015087127685546875,SonyAIBORobotSurface1,None: n_random_points=10 nb_inst_per_class=30,10,30,Rsast,None
5,0.6938435940099834,0.016389131546020508,0.010317325592041016,0.003122091293334961,0.00115203857421875,0.001527547836303711,SonyAIBORobotSurface1,None: n_random_points=10 nb_inst_per_class=50,10,50,Rsast,None
6,0.800332778702163,0.02581334114074707,0.010390996932983398,0.004405021667480469,0.009154081344604492,0.0015819072723388672,SonyAIBORobotSurface1,None: n_random_points=30 nb_inst_per_class=30,30,30,Rsast,None
7,0.7703826955074875,0.02627396583557129,0.013703107833862305,0.0066623687744140625,0.002458333969116211,0.002644062042236328,SonyAIBORobotSurface1,None: n_random_points=30 nb_inst_per_class=50,30,50,Rsast,None
