,accuracy,time,cweights_time,fsubsequence_time,tdataset_time,tclassifier_time,dataset_name,classifier_name,rpoint,nb_per_class,method,len_method
0,0.9633333333333334,0.6997528076171875,0.029437780380249023,0.5985188484191895,0.04145455360412598,0.02678680419921875,SyntheticControl,Max PACF: n_random_points=10 nb_inst_per_class=30,10,30,Rsast,Max PACF
1,0.9666666666666667,1.0864930152893066,0.028719425201416016,0.9678225517272949,0.060613155364990234,0.027450084686279297,SyntheticControl,Max PACF: n_random_points=10 nb_inst_per_class=50,10,50,Rsast,Max PACF
2,0.9633333333333334,0.6905324459075928,0.017131567001342773,0.5036983489990234,0.12020230293273926,0.04758310317993164,SyntheticControl,Max PACF: n_random_points=30 nb_inst_per_class=30,30,30,Rsast,Max PACF
3,0.9666666666666667,1.0993499755859375,0.017235755920410156,0.8422985076904297,0.18144488334655762,0.05477619171142578,SyntheticControl,Max PACF: n_random_points=30 nb_inst_per_class=50,30,50,Rsast,Max PACF
4,0.9866666666666667,0.10627913475036621,0.017256975173950195,0.026926279067993164,0.03503155708312988,0.02402949333190918,SyntheticControl,None: n_random_points=10 nb_inst_per_class=30,10,30,Rsast,None
5,0.9866666666666667,0.14937472343444824,0.017063140869140625,0.046056509017944336,0.05854392051696777,0.026924610137939453,SyntheticControl,None: n_random_points=10 nb_inst_per_class=50,10,50,Rsast,None
6,0.9833333333333333,0.18334054946899414,0.01733994483947754,0.04083442687988281,0.0893106460571289,0.03431820869445801,SyntheticControl,None: n_random_points=30 nb_inst_per_class=30,30,30,Rsast,None
7,0.9766666666666667,0.26469969749450684,0.023404836654663086,0.0665597915649414,0.12244486808776855,0.04945731163024902,SyntheticControl,None: n_random_points=30 nb_inst_per_class=50,30,50,Rsast,None
