,accuracy,time,cweights_time,fsubsequence_time,tdataset_time,tclassifier_time,dataset_name,classifier_name,rpoint,nb_per_class,method,len_method
0,0.7568,9.557204961776733,0.13822722434997559,9.056317806243896,0.2756350040435791,0.08254814147949219,SwedishLeaf,Max PACF: n_random_points=10 nb_inst_per_class=30,10,30,Rsast,Max PACF
1,0.7584,12.067682981491089,0.11124014854431152,11.554712057113647,0.33594775199890137,0.06265830993652344,SwedishLeaf,Max PACF: n_random_points=10 nb_inst_per_class=50,10,50,Rsast,Max PACF
2,0.7952,11.982429027557373,0.07771992683410645,10.928222417831421,0.8077881336212158,0.16474676132202148,SwedishLeaf,Max PACF: n_random_points=30 nb_inst_per_class=30,30,30,Rsast,Max PACF
3,0.792,12.412591457366943,0.07853960990905762,11.33421540260315,0.8047621250152588,0.19004368782043457,SwedishLeaf,Max PACF: n_random_points=30 nb_inst_per_class=50,30,50,Rsast,Max PACF
4,0.776,0.43161511421203613,0.0781855583190918,0.07086324691772461,0.2081155776977539,0.0713798999786377,SwedishLeaf,None: n_random_points=10 nb_inst_per_class=30,10,30,Rsast,None
5,0.8128,0.5065629482269287,0.09266996383666992,0.08026957511901855,0.25286412239074707,0.07864713668823242,SwedishLeaf,None: n_random_points=10 nb_inst_per_class=50,10,50,Rsast,None
6,0.8336,1.0779733657836914,0.09598565101623535,0.10403800010681152,0.7052383422851562,0.16997241973876953,SwedishLeaf,None: n_random_points=30 nb_inst_per_class=30,30,30,Rsast,None
7,0.856,1.6826300621032715,0.1832263469696045,0.20138001441955566,1.065986156463623,0.22694706916809082,SwedishLeaf,None: n_random_points=30 nb_inst_per_class=50,30,50,Rsast,None
