,accuracy,time,cweights_time,fsubsequence_time,tdataset_time,tclassifier_time,dataset_name,classifier_name,rpoint,nb_per_class,method,len_method
0,0.8692307692307693,10.865000486373901,0.05330014228820801,10.794292688369751,0.014193296432495117,0.0023810863494873047,ToeSegmentation2,Max PACF: n_random_points=10 nb_inst_per_class=30,10,30,Rsast,Max PACF
1,0.8923076923076924,10.772063970565796,0.05316495895385742,10.701392650604248,0.01458883285522461,0.0024030208587646484,ToeSegmentation2,Max PACF: n_random_points=10 nb_inst_per_class=50,10,50,Rsast,Max PACF
2,0.9076923076923077,10.880337953567505,0.05351114273071289,10.783288478851318,0.03938126564025879,0.0034613609313964844,ToeSegmentation2,Max PACF: n_random_points=30 nb_inst_per_class=30,30,30,Rsast,Max PACF
3,0.8923076923076924,10.891202688217163,0.056986331939697266,10.798156976699829,0.03168988227844238,0.003422975540161133,ToeSegmentation2,Max PACF: n_random_points=30 nb_inst_per_class=50,30,50,Rsast,Max PACF
4,0.8846153846153846,0.0774393081665039,0.05541181564331055,0.007973670959472656,0.010832071304321289,0.0025625228881835938,ToeSegmentation2,None: n_random_points=10 nb_inst_per_class=30,10,30,Rsast,None
5,0.8461538461538461,0.07615804672241211,0.05298161506652832,0.00788116455078125,0.012320995330810547,0.002518892288208008,ToeSegmentation2,None: n_random_points=10 nb_inst_per_class=50,10,50,Rsast,None
6,0.8769230769230769,0.10916852951049805,0.056204795837402344,0.011254310607910156,0.03895068168640137,0.002202749252319336,ToeSegmentation2,None: n_random_points=30 nb_inst_per_class=30,30,30,Rsast,None
7,0.8538461538461538,0.10543036460876465,0.06725382804870605,0.012022733688354492,0.02166581153869629,0.0031135082244873047,ToeSegmentation2,None: n_random_points=30 nb_inst_per_class=50,30,50,Rsast,None
