,accuracy,time,cweights_time,fsubsequence_time,tdataset_time,tclassifier_time,dataset_name,classifier_name,rpoint,nb_per_class,method,len_method
0,0.8491184911849119,1.3810408115386963,0.014691829681396484,0.22037005424499512,0.06712985038757324,1.0768537521362305,MelbournePedestrian,Max PACF: n_random_points=10 nb_inst_per_class=30,10,30,Rsast,Max PACF
1,0.8655186551865519,1.9084372520446777,0.02108454704284668,0.5687789916992188,0.14554810523986816,1.1689207553863525,MelbournePedestrian,Max PACF: n_random_points=10 nb_inst_per_class=50,10,50,Rsast,Max PACF
2,0.8523985239852399,1.3044936656951904,0.014923334121704102,0.22819995880126953,0.09635066986083984,0.9624505043029785,MelbournePedestrian,Max PACF: n_random_points=30 nb_inst_per_class=30,30,30,Rsast,Max PACF
3,0.8622386223862238,1.7414031028747559,0.026265621185302734,0.38642048835754395,0.18031764030456543,1.1452021598815918,MelbournePedestrian,Max PACF: n_random_points=30 nb_inst_per_class=50,30,50,Rsast,Max PACF
4,0.8569085690856909,0.8084115982055664,0.014821529388427734,0.042517900466918945,0.08436965942382812,0.6645767688751221,MelbournePedestrian,None: n_random_points=10 nb_inst_per_class=30,10,30,Rsast,None
5,0.8683886838868389,1.1141834259033203,0.014817237854003906,0.07010245323181152,0.12274408340454102,0.9050869941711426,MelbournePedestrian,None: n_random_points=10 nb_inst_per_class=50,10,50,Rsast,None
6,0.8679786797867979,0.9090616703033447,0.014726400375366211,0.055391788482666016,0.13260197639465332,0.7047169208526611,MelbournePedestrian,None: n_random_points=30 nb_inst_per_class=30,30,30,Rsast,None
7,0.8794587945879458,1.7264585494995117,0.02112126350402832,0.10297608375549316,0.19288039207458496,1.4074177742004395,MelbournePedestrian,None: n_random_points=30 nb_inst_per_class=50,30,50,Rsast,None
