,accuracy,time,cweights_time,fsubsequence_time,tdataset_time,tclassifier_time,dataset_name,classifier_name,rpoint,nb_per_class,method,len_method
0,0.9737609329446064,0.05034971237182617,0.004823923110961914,0.01888108253479004,0.02411961555480957,0.0020627975463867188,Chinatown,Max PACF: n_random_points=10 nb_inst_per_class=30,10,30,Rsast,Max PACF
1,0.9795918367346939,0.02623295783996582,0.004770040512084961,0.018570423126220703,0.0007507801055908203,0.00179290771484375,Chinatown,Max PACF: n_random_points=10 nb_inst_per_class=50,10,50,Rsast,Max PACF
2,0.9854227405247813,0.035393714904785156,0.0047719478607177734,0.019496679306030273,0.008669614791870117,0.002069234848022461,Chinatown,Max PACF: n_random_points=30 nb_inst_per_class=30,30,30,Rsast,Max PACF
3,0.9854227405247813,0.028729915618896484,0.0047571659088134766,0.01961684226989746,0.002146482467651367,0.0018398761749267578,Chinatown,Max PACF: n_random_points=30 nb_inst_per_class=50,30,50,Rsast,Max PACF
4,0.9795918367346939,0.012730121612548828,0.004921674728393555,0.0038640499114990234,0.0017664432525634766,0.0018248558044433594,Chinatown,None: n_random_points=10 nb_inst_per_class=30,10,30,Rsast,None
5,0.9591836734693877,0.011450529098510742,0.004782915115356445,0.0037627220153808594,0.0007686614990234375,0.0017924308776855469,Chinatown,None: n_random_points=10 nb_inst_per_class=50,10,50,Rsast,None
6,0.9795918367346939,0.01307368278503418,0.004771232604980469,0.0047588348388671875,0.0013737678527832031,0.0018222332000732422,Chinatown,None: n_random_points=30 nb_inst_per_class=30,30,30,Rsast,None
7,0.967930029154519,0.012603044509887695,0.004774808883666992,0.0048029422760009766,0.0008268356323242188,0.0018439292907714844,Chinatown,None: n_random_points=30 nb_inst_per_class=50,30,50,Rsast,None
