,accuracy,time,cweights_time,fsubsequence_time,tdataset_time,tclassifier_time,dataset_name,classifier_name,rpoint,nb_per_class,method,len_method
0,0.7898550724637681,4.205527067184448,0.04242849349975586,4.156506061553955,0.004384279251098633,0.001844644546508789,DodgerLoopGame,Max PACF: n_random_points=10 nb_inst_per_class=30,10,30,Rsast,Max PACF
1,0.782608695652174,4.175010681152344,0.04281020164489746,4.118915796279907,0.008858680725097656,0.004076957702636719,DodgerLoopGame,Max PACF: n_random_points=10 nb_inst_per_class=50,10,50,Rsast,Max PACF
2,0.8260869565217391,4.156943321228027,0.04267120361328125,4.101897954940796,0.009994268417358398,0.001931905746459961,DodgerLoopGame,Max PACF: n_random_points=30 nb_inst_per_class=30,30,30,Rsast,Max PACF
3,0.7971014492753623,4.153955698013306,0.04272341728210449,4.096480846405029,0.01193690299987793,0.0023572444915771484,DodgerLoopGame,Max PACF: n_random_points=30 nb_inst_per_class=50,30,50,Rsast,Max PACF
4,0.8768115942028986,0.052539825439453125,0.04267740249633789,0.003979682922363281,0.0038645267486572266,0.0016474723815917969,DodgerLoopGame,None: n_random_points=10 nb_inst_per_class=30,10,30,Rsast,None
5,0.7898550724637681,0.05123710632324219,0.042525529861450195,0.003842592239379883,0.0030727386474609375,0.0015132427215576172,DodgerLoopGame,None: n_random_points=10 nb_inst_per_class=50,10,50,Rsast,None
6,0.855072463768116,0.06276702880859375,0.04384875297546387,0.005339860916137695,0.011447668075561523,0.0018019676208496094,DodgerLoopGame,None: n_random_points=30 nb_inst_per_class=30,30,30,Rsast,None
7,0.855072463768116,0.07547497749328613,0.05523276329040527,0.008454561233520508,0.008692026138305664,0.0023441314697265625,DodgerLoopGame,None: n_random_points=30 nb_inst_per_class=50,30,50,Rsast,None
