,accuracy,time,cweights_time,fsubsequence_time,tdataset_time,tclassifier_time,dataset_name,classifier_name,rpoint,nb_per_class,method,len_method
0,0.9,10.960394144058228,0.06576061248779297,10.87791633605957,0.013858556747436523,0.0022940635681152344,ToeSegmentation2,Max PACF: n_random_points=10 nb_inst_per_class=30,10,30,Rsast,Max PACF
1,0.8461538461538461,10.962850332260132,0.05317974090576172,10.89336347579956,0.01351022720336914,0.0022547245025634766,ToeSegmentation2,Max PACF: n_random_points=10 nb_inst_per_class=50,10,50,Rsast,Max PACF
2,0.9307692307692308,10.990706443786621,0.0529177188873291,10.895694732666016,0.039005279541015625,0.0024802684783935547,ToeSegmentation2,Max PACF: n_random_points=30 nb_inst_per_class=30,30,30,Rsast,Max PACF
3,0.9230769230769231,10.99147629737854,0.05318450927734375,10.89197301864624,0.04316854476928711,0.0025055408477783203,ToeSegmentation2,Max PACF: n_random_points=30 nb_inst_per_class=50,30,50,Rsast,Max PACF
4,0.8538461538461538,0.07474970817565918,0.05432915687561035,0.007336139678955078,0.010252714157104492,0.002256631851196289,ToeSegmentation2,None: n_random_points=10 nb_inst_per_class=30,10,30,Rsast,None
5,0.9230769230769231,0.07841348648071289,0.05284619331359863,0.007408618927001953,0.015760421752929688,0.0020279884338378906,ToeSegmentation2,None: n_random_points=10 nb_inst_per_class=50,10,50,Rsast,None
6,0.8615384615384616,0.10181355476379395,0.061934709548950195,0.010023355484008789,0.027037858963012695,0.0023670196533203125,ToeSegmentation2,None: n_random_points=30 nb_inst_per_class=30,30,30,Rsast,None
7,0.8461538461538461,0.09527587890625,0.059448957443237305,0.011687755584716797,0.01905655860900879,0.0035812854766845703,ToeSegmentation2,None: n_random_points=30 nb_inst_per_class=50,30,50,Rsast,None
