,accuracy,time,cweights_time,fsubsequence_time,tdataset_time,tclassifier_time,dataset_name,classifier_name,rpoint,nb_per_class,method,len_method
0,0.8722044728434505,0.1494436264038086,0.015770673751831055,0.13013720512390137,0.001291513442993164,0.0017981529235839844,MoteStrain,Max PACF: n_random_points=10 nb_inst_per_class=30,10,30,Rsast,Max PACF
1,0.8562300319488818,0.1438465118408203,0.012404441833496094,0.12793564796447754,0.0017006397247314453,0.0015218257904052734,MoteStrain,Max PACF: n_random_points=10 nb_inst_per_class=50,10,50,Rsast,Max PACF
2,0.8881789137380192,0.14645075798034668,0.012563228607177734,0.1283128261566162,0.0034067630767822266,0.0018384456634521484,MoteStrain,Max PACF: n_random_points=30 nb_inst_per_class=30,30,30,Rsast,Max PACF
3,0.8913738019169329,0.15834474563598633,0.012695074081420898,0.1270594596862793,0.016556978225708008,0.0016713142395019531,MoteStrain,Max PACF: n_random_points=30 nb_inst_per_class=50,30,50,Rsast,Max PACF
4,0.8386581469648562,0.04425358772277832,0.020013093948364258,0.0053806304931640625,0.009284257888793945,0.00863337516784668,MoteStrain,None: n_random_points=10 nb_inst_per_class=30,10,30,Rsast,None
5,0.8442492012779552,0.023038148880004883,0.015302896499633789,0.004060268402099609,0.0009515285491943359,0.0022411346435546875,MoteStrain,None: n_random_points=10 nb_inst_per_class=50,10,50,Rsast,None
6,0.8666134185303515,0.021318435668945312,0.012531042098999023,0.00476837158203125,0.0017900466918945312,0.0018398761749267578,MoteStrain,None: n_random_points=30 nb_inst_per_class=30,30,30,Rsast,None
7,0.8250798722044729,0.033774614334106445,0.02019476890563965,0.008104085922241211,0.0026297569274902344,0.002196073532104492,MoteStrain,None: n_random_points=30 nb_inst_per_class=50,30,50,Rsast,None
