,accuracy,time,cweights_time,fsubsequence_time,tdataset_time,tclassifier_time,dataset_name,classifier_name,rpoint,nb_per_class,method,len_method
0,0.996268656716418,3.3272759914398193,0.0438079833984375,2.0678610801696777,0.14349055290222168,1.070648431777954,Wafer,Max PACF: n_random_points=10 nb_inst_per_class=30,10,30,Rsast,Max PACF
1,0.9975665152498377,4.168433427810669,0.06261539459228516,3.4033491611480713,0.2222585678100586,0.4792511463165283,Wafer,Max PACF: n_random_points=10 nb_inst_per_class=50,10,50,Rsast,Max PACF
2,0.995295262816353,2.8034958839416504,0.07728242874145508,1.9859251976013184,0.2950427532196045,0.4441044330596924,Wafer,Max PACF: n_random_points=30 nb_inst_per_class=30,30,30,Rsast,Max PACF
3,0.9964308890330954,3.9443674087524414,0.04294109344482422,2.989675521850586,0.4443674087524414,0.46597909927368164,Wafer,Max PACF: n_random_points=30 nb_inst_per_class=50,30,50,Rsast,Max PACF
4,0.9983776768332252,1.3344440460205078,0.05037689208984375,0.012382984161376953,0.12151598930358887,1.1487345695495605,Wafer,None: n_random_points=10 nb_inst_per_class=30,10,30,Rsast,None
5,0.9977287475665152,1.910949468612671,0.052065134048461914,0.02028822898864746,0.20917797088623047,1.6285536289215088,Wafer,None: n_random_points=10 nb_inst_per_class=50,10,50,Rsast,None
6,0.996268656716418,1.1297221183776855,0.06081819534301758,0.020186424255371094,0.3287947177886963,0.7187697887420654,Wafer,None: n_random_points=30 nb_inst_per_class=30,30,30,Rsast,None
7,0.9978909798831928,1.3525524139404297,0.061217308044433594,0.033118486404418945,0.49703168869018555,0.7596909999847412,Wafer,None: n_random_points=30 nb_inst_per_class=50,30,50,Rsast,None
