,accuracy,time,cweights_time,fsubsequence_time,tdataset_time,tclassifier_time,dataset_name,classifier_name,rpoint,nb_per_class,method,len_method
0,0.6966145833333334,3.9313395023345947,0.05431365966796875,3.7218856811523438,0.10871362686157227,0.04476571083068848,ChlorineConcentration,Max PACF: n_random_points=10 nb_inst_per_class=30,10,30,Rsast,Max PACF
1,0.72421875,9.32192087173462,0.05538821220397949,9.043422937393188,0.17460894584655762,0.04737734794616699,ChlorineConcentration,Max PACF: n_random_points=10 nb_inst_per_class=50,10,50,Rsast,Max PACF
2,0.6947916666666667,4.768545866012573,0.05129504203796387,4.4093427658081055,0.24880266189575195,0.05756235122680664,ChlorineConcentration,Max PACF: n_random_points=30 nb_inst_per_class=30,30,30,Rsast,Max PACF
3,0.7434895833333334,8.747668266296387,0.08104991912841797,8.238150596618652,0.35931897163391113,0.0665135383605957,ChlorineConcentration,Max PACF: n_random_points=30 nb_inst_per_class=50,30,50,Rsast,Max PACF
4,0.7502604166666667,0.23386406898498535,0.05869698524475098,0.021401166915893555,0.10222840309143066,0.04974365234375,ChlorineConcentration,None: n_random_points=10 nb_inst_per_class=30,10,30,Rsast,None
5,0.746875,0.29183173179626465,0.06522727012634277,0.02959299087524414,0.14795160293579102,0.048078060150146484,ChlorineConcentration,None: n_random_points=10 nb_inst_per_class=50,10,50,Rsast,None
6,0.7552083333333334,0.3945784568786621,0.058991432189941406,0.029785633087158203,0.24263644218444824,0.06194138526916504,ChlorineConcentration,None: n_random_points=30 nb_inst_per_class=30,30,30,Rsast,None
7,0.771875,0.5442533493041992,0.04291963577270508,0.034955501556396484,0.38794684410095215,0.07708597183227539,ChlorineConcentration,None: n_random_points=30 nb_inst_per_class=50,30,50,Rsast,None
