,accuracy,time,cweights_time,fsubsequence_time,tdataset_time,tclassifier_time,dataset_name,classifier_name,rpoint,nb_per_class,method,len_method
0,0.6115107913669064,78.2718780040741,0.24446344375610352,77.6837420463562,0.314068078994751,0.024762630462646484,Earthquakes,Max PACF: n_random_points=10 nb_inst_per_class=30,10,30,Rsast,Max PACF
1,0.6402877697841727,121.8129096031189,0.13146066665649414,121.25269269943237,0.4020993709564209,0.02567887306213379,Earthquakes,Max PACF: n_random_points=10 nb_inst_per_class=50,10,50,Rsast,Max PACF
2,0.7050359712230215,69.34256839752197,0.1323232650756836,68.49288654327393,0.6849148273468018,0.030989408493041992,Earthquakes,Max PACF: n_random_points=30 nb_inst_per_class=30,30,30,Rsast,Max PACF
3,0.7050359712230215,122.90093541145325,0.13402128219604492,121.69243144989014,1.0425851345062256,0.030351638793945312,Earthquakes,Max PACF: n_random_points=30 nb_inst_per_class=50,30,50,Rsast,Max PACF
4,0.6402877697841727,0.43329763412475586,0.1338951587677002,0.014445066452026367,0.2570221424102783,0.02613377571105957,Earthquakes,None: n_random_points=10 nb_inst_per_class=30,10,30,Rsast,None
5,0.7122302158273381,0.6538095474243164,0.14123868942260742,0.02401137351989746,0.4546799659729004,0.03319144248962402,Earthquakes,None: n_random_points=10 nb_inst_per_class=50,10,50,Rsast,None
6,0.7482014388489209,1.027202844619751,0.17778277397155762,0.026694536209106445,0.7886598110198975,0.033118486404418945,Earthquakes,None: n_random_points=30 nb_inst_per_class=30,30,30,Rsast,None
7,0.7194244604316546,1.5253000259399414,0.17837119102478027,0.04349803924560547,1.2620091438293457,0.04005599021911621,Earthquakes,None: n_random_points=30 nb_inst_per_class=50,30,50,Rsast,None
