,accuracy,time,cweights_time,fsubsequence_time,tdataset_time,tclassifier_time,dataset_name,classifier_name,rpoint,nb_per_class,method,len_method
0,0.6332288401253918,70.73080396652222,0.37526941299438477,70.02044796943665,0.2775380611419678,0.046898841857910156,WordSynonyms,Max PACF: n_random_points=10 nb_inst_per_class=30,10,30,Rsast,Max PACF
1,0.6316614420062696,44.57699751853943,0.23330211639404297,44.02304697036743,0.2943844795227051,0.024655818939208984,WordSynonyms,Max PACF: n_random_points=10 nb_inst_per_class=50,10,50,Rsast,Max PACF
2,0.6426332288401254,38.432032108306885,0.22100353240966797,37.45603156089783,0.7024891376495361,0.05025672912597656,WordSynonyms,Max PACF: n_random_points=30 nb_inst_per_class=30,30,30,Rsast,Max PACF
3,0.64576802507837,42.19743895530701,0.25832653045654297,41.10187268257141,0.7865283489227295,0.046628713607788086,WordSynonyms,Max PACF: n_random_points=30 nb_inst_per_class=50,30,50,Rsast,Max PACF
4,0.677115987460815,0.5225701332092285,0.22018957138061523,0.04231572151184082,0.2319934368133545,0.025874614715576172,WordSynonyms,None: n_random_points=10 nb_inst_per_class=30,10,30,Rsast,None
5,0.6630094043887147,0.6168196201324463,0.23186588287353516,0.047316789627075195,0.30142998695373535,0.03512716293334961,WordSynonyms,None: n_random_points=10 nb_inst_per_class=50,10,50,Rsast,None
6,0.6724137931034483,1.3778228759765625,0.3820626735687256,0.11018967628479004,0.8310253620147705,0.052344322204589844,WordSynonyms,None: n_random_points=30 nb_inst_per_class=30,30,30,Rsast,None
7,0.6755485893416928,1.3878834247589111,0.37450265884399414,0.09701991081237793,0.8604769706726074,0.05269598960876465,WordSynonyms,None: n_random_points=30 nb_inst_per_class=50,30,50,Rsast,None
