,accuracy,time,cweights_time,fsubsequence_time,tdataset_time,tclassifier_time,dataset_name,classifier_name,rpoint,nb_per_class,method,len_method
0,0.7142857142857143,36.06393766403198,0.13780474662780762,35.836859464645386,0.08238959312438965,0.00539708137512207,Ham,Max PACF: n_random_points=10 nb_inst_per_class=30,10,30,Rsast,Max PACF
1,0.6952380952380952,61.503865003585815,0.09435153007507324,61.26057744026184,0.13953161239624023,0.008561372756958008,Ham,Max PACF: n_random_points=10 nb_inst_per_class=50,10,50,Rsast,Max PACF
2,0.7142857142857143,36.57793116569519,0.07901334762573242,36.270955324172974,0.21695947647094727,0.009434938430786133,Ham,Max PACF: n_random_points=30 nb_inst_per_class=30,30,30,Rsast,Max PACF
3,0.7047619047619048,61.77301216125488,0.07768845558166504,61.3547146320343,0.32653379440307617,0.012579679489135742,Ham,Max PACF: n_random_points=30 nb_inst_per_class=50,30,50,Rsast,Max PACF
4,0.6952380952380952,0.1536252498626709,0.07571887969970703,0.01314687728881836,0.05491781234741211,0.00830221176147461,Ham,None: n_random_points=10 nb_inst_per_class=30,10,30,Rsast,None
5,0.7142857142857143,0.19440269470214844,0.07666468620300293,0.021170854568481445,0.08632040023803711,0.009623289108276367,Ham,None: n_random_points=10 nb_inst_per_class=50,10,50,Rsast,None
6,0.6952380952380952,0.26480603218078613,0.08736538887023926,0.01987314224243164,0.14610791206359863,0.010208606719970703,Ham,None: n_random_points=30 nb_inst_per_class=30,30,30,Rsast,None
7,0.7238095238095238,0.4028780460357666,0.0818033218383789,0.03212118148803711,0.2748758792877197,0.013007640838623047,Ham,None: n_random_points=30 nb_inst_per_class=50,30,50,Rsast,None
