,accuracy,time,cweights_time,fsubsequence_time,tdataset_time,tclassifier_time,dataset_name,classifier_name,rpoint,nb_per_class,method,len_method
0,0.8578274760383386,0.1757497787475586,0.015278100967407227,0.15624403953552246,0.0013248920440673828,0.002166748046875,MoteStrain,Max PACF: n_random_points=10 nb_inst_per_class=30,10,30,Rsast,Max PACF
1,0.8785942492012779,0.17640399932861328,0.015986919403076172,0.15531086921691895,0.0024127960205078125,0.002310037612915039,MoteStrain,Max PACF: n_random_points=10 nb_inst_per_class=50,10,50,Rsast,Max PACF
2,0.8730031948881789,0.19468045234680176,0.016012191772460938,0.16621899604797363,0.010083436965942383,0.0019600391387939453,MoteStrain,Max PACF: n_random_points=30 nb_inst_per_class=30,30,30,Rsast,Max PACF
3,0.8833865814696485,0.24120116233825684,0.020190954208374023,0.21382665634155273,0.004655122756958008,0.001996755599975586,MoteStrain,Max PACF: n_random_points=30 nb_inst_per_class=50,30,50,Rsast,Max PACF
4,0.8889776357827476,0.03199410438537598,0.015918970108032227,0.004277229309082031,0.009407758712768555,0.00196075439453125,MoteStrain,None: n_random_points=10 nb_inst_per_class=30,10,30,Rsast,None
5,0.8490415335463258,0.026703357696533203,0.017025470733642578,0.005108833312988281,0.0019741058349609375,0.0021038055419921875,MoteStrain,None: n_random_points=10 nb_inst_per_class=50,10,50,Rsast,None
6,0.8682108626198083,0.0282132625579834,0.016039371490478516,0.006469249725341797,0.0031883716583251953,0.0021347999572753906,MoteStrain,None: n_random_points=30 nb_inst_per_class=30,30,30,Rsast,None
7,0.8801916932907349,0.05211448669433594,0.015916109085083008,0.005856752395629883,0.02584385871887207,0.00401759147644043,MoteStrain,None: n_random_points=30 nb_inst_per_class=50,30,50,Rsast,None
