,accuracy,time,cweights_time,fsubsequence_time,tdataset_time,tclassifier_time,dataset_name,classifier_name,rpoint,nb_per_class,method,len_method
0,0.7804878048780488,0.959885835647583,0.024895668029785156,0.8179495334625244,0.08292579650878906,0.03197741508483887,ProximalPhalanxTW,Max PACF: n_random_points=10 nb_inst_per_class=30,10,30,Rsast,Max PACF
1,0.7902439024390244,1.3182802200317383,0.024651765823364258,1.1675639152526855,0.08001375198364258,0.045003652572631836,ProximalPhalanxTW,Max PACF: n_random_points=10 nb_inst_per_class=50,10,50,Rsast,Max PACF
2,0.7853658536585366,1.0957849025726318,0.025057554244995117,0.858299732208252,0.15465140342712402,0.056049346923828125,ProximalPhalanxTW,Max PACF: n_random_points=30 nb_inst_per_class=30,30,30,Rsast,Max PACF
3,0.7804878048780488,1.7979412078857422,0.030070066452026367,1.4655885696411133,0.20345783233642578,0.09557628631591797,ProximalPhalanxTW,Max PACF: n_random_points=30 nb_inst_per_class=50,30,50,Rsast,Max PACF
4,0.7902439024390244,0.1698009967803955,0.034253597259521484,0.02921748161315918,0.0710151195526123,0.032347679138183594,ProximalPhalanxTW,None: n_random_points=10 nb_inst_per_class=30,10,30,Rsast,None
5,0.8097560975609757,0.1754298210144043,0.02527904510498047,0.03196001052856445,0.0784602165222168,0.03900909423828125,ProximalPhalanxTW,None: n_random_points=10 nb_inst_per_class=50,10,50,Rsast,None
6,0.775609756097561,0.2664916515350342,0.02637934684753418,0.03168988227844238,0.15586471557617188,0.051235198974609375,ProximalPhalanxTW,None: n_random_points=30 nb_inst_per_class=30,30,30,Rsast,None
7,0.7853658536585366,0.3088371753692627,0.03405284881591797,0.05745744705200195,0.159684419631958,0.05468940734863281,ProximalPhalanxTW,None: n_random_points=30 nb_inst_per_class=50,30,50,Rsast,None
