,accuracy,time,cweights_time,fsubsequence_time,tdataset_time,tclassifier_time,dataset_name,classifier_name,rpoint,nb_per_class,method,len_method
0,0.8472222222222222,1.4291999340057373,0.03656911849975586,1.3847568035125732,0.0048160552978515625,0.0025887489318847656,UMD,Max PACF: n_random_points=10 nb_inst_per_class=30,10,30,Rsast,Max PACF
1,0.8402777777777778,1.4892029762268066,0.03477668762207031,1.4451041221618652,0.0063114166259765625,0.0025844573974609375,UMD,Max PACF: n_random_points=10 nb_inst_per_class=50,10,50,Rsast,Max PACF
2,0.8611111111111112,1.172940731048584,0.034281015396118164,1.1270673274993896,0.008665323257446289,0.002477407455444336,UMD,Max PACF: n_random_points=30 nb_inst_per_class=30,30,30,Rsast,Max PACF
3,0.8680555555555556,1.0643689632415771,0.026312589645385742,1.025172233581543,0.009323835372924805,0.003131866455078125,UMD,Max PACF: n_random_points=30 nb_inst_per_class=50,30,50,Rsast,Max PACF
4,0.9513888888888888,0.03824901580810547,0.026009559631347656,0.005812883377075195,0.004074573516845703,0.0019958019256591797,UMD,None: n_random_points=10 nb_inst_per_class=30,10,30,Rsast,None
5,0.9652777777777778,0.045639991760253906,0.026142597198486328,0.005949497222900391,0.010918855667114258,0.0023169517517089844,UMD,None: n_random_points=10 nb_inst_per_class=50,10,50,Rsast,None
6,0.9305555555555556,0.04417872428894043,0.02607870101928711,0.00802302360534668,0.00728154182434082,0.0024008750915527344,UMD,None: n_random_points=30 nb_inst_per_class=30,30,30,Rsast,None
7,0.9722222222222222,0.04615926742553711,0.026053428649902344,0.008551359176635742,0.008589029312133789,0.0025968551635742188,UMD,None: n_random_points=30 nb_inst_per_class=50,30,50,Rsast,None
