,accuracy,time,cweights_time,fsubsequence_time,tdataset_time,tclassifier_time,dataset_name,classifier_name,rpoint,nb_per_class,method,len_method
0,0.91175,3.3207314014434814,0.0489962100982666,2.4748153686523438,0.1943812370300293,0.5999064445495605,TwoPatterns,Max PACF: n_random_points=10 nb_inst_per_class=30,10,30,Rsast,Max PACF
1,0.98025,4.960171937942505,0.04898715019226074,4.162307977676392,0.28264403343200684,0.46517109870910645,TwoPatterns,Max PACF: n_random_points=10 nb_inst_per_class=50,10,50,Rsast,Max PACF
2,0.9835,4.007337331771851,0.049981117248535156,2.838106393814087,0.47252678871154785,0.6450486183166504,TwoPatterns,Max PACF: n_random_points=30 nb_inst_per_class=30,30,30,Rsast,Max PACF
3,0.98975,6.045231819152832,0.060494184494018555,4.676576375961304,0.6878616809844971,0.6175479888916016,TwoPatterns,Max PACF: n_random_points=30 nb_inst_per_class=50,30,50,Rsast,Max PACF
4,0.904,1.0647408962249756,0.05792641639709473,0.02410411834716797,0.20688772201538086,0.7738020420074463,TwoPatterns,None: n_random_points=10 nb_inst_per_class=30,10,30,Rsast,None
5,0.99075,0.9668471813201904,0.06654882431030273,0.04468107223510742,0.27051377296447754,0.5839154720306396,TwoPatterns,None: n_random_points=10 nb_inst_per_class=50,10,50,Rsast,None
6,0.99525,1.185065746307373,0.05043530464172363,0.027565479278564453,0.4669382572174072,0.6387999057769775,TwoPatterns,None: n_random_points=30 nb_inst_per_class=30,30,30,Rsast,None
7,0.998,1.795034646987915,0.08726167678833008,0.08339500427246094,0.7642655372619629,0.8578274250030518,TwoPatterns,None: n_random_points=30 nb_inst_per_class=50,30,50,Rsast,None
