,accuracy,time,cweights_time,fsubsequence_time,tdataset_time,tclassifier_time,dataset_name,classifier_name,rpoint,nb_per_class,method,len_method
0,0.5625,56.38006067276001,0.09498882293701172,56.211605072021484,0.06835532188415527,0.004324913024902344,Herring,Max PACF: n_random_points=10 nb_inst_per_class=30,10,30,Rsast,Max PACF
1,0.578125,62.69648551940918,0.08819341659545898,62.52998352050781,0.07381725311279297,0.0038704872131347656,Herring,Max PACF: n_random_points=10 nb_inst_per_class=50,10,50,Rsast,Max PACF
2,0.53125,54.31350088119507,0.08893370628356934,54.050238370895386,0.16856145858764648,0.0048677921295166016,Herring,Max PACF: n_random_points=30 nb_inst_per_class=30,30,30,Rsast,Max PACF
3,0.546875,76.1014404296875,0.08768701553344727,75.81977462768555,0.18680429458618164,0.005818605422973633,Herring,Max PACF: n_random_points=30 nb_inst_per_class=50,30,50,Rsast,Max PACF
4,0.515625,0.14374685287475586,0.08739328384399414,0.013509511947631836,0.0366520881652832,0.004100322723388672,Herring,None: n_random_points=10 nb_inst_per_class=30,10,30,Rsast,None
5,0.609375,0.15267634391784668,0.08837580680847168,0.015353679656982422,0.045018911361694336,0.0034155845642089844,Herring,None: n_random_points=10 nb_inst_per_class=50,10,50,Rsast,None
6,0.5625,0.2140657901763916,0.08758020401000977,0.018639326095581055,0.10283088684082031,0.004397153854370117,Herring,None: n_random_points=30 nb_inst_per_class=30,30,30,Rsast,None
7,0.625,0.2631380558013916,0.10535478591918945,0.021094799041748047,0.13074660301208496,0.0048618316650390625,Herring,None: n_random_points=30 nb_inst_per_class=50,30,50,Rsast,None
