,accuracy,time,cweights_time,fsubsequence_time,tdataset_time,tclassifier_time,dataset_name,classifier_name,rpoint,nb_per_class,method,len_method
0,0.9623655913978495,2.1366119384765625,0.05402541160583496,2.0409438610076904,0.03549909591674805,0.005439281463623047,Fungi,Max PACF: n_random_points=10 nb_inst_per_class=30,10,30,Rsast,Max PACF
1,0.9193548387096774,1.7944564819335938,0.07754302024841309,1.7099201679229736,0.0035512447357177734,0.002694845199584961,Fungi,Max PACF: n_random_points=10 nb_inst_per_class=50,10,50,Rsast,Max PACF
2,0.9408602150537635,1.6558351516723633,0.04992938041687012,1.5907597541809082,0.009697437286376953,0.004927158355712891,Fungi,Max PACF: n_random_points=30 nb_inst_per_class=30,30,30,Rsast,Max PACF
3,0.9408602150537635,1.7647604942321777,0.06354451179504395,1.6928608417510986,0.004456520080566406,0.0027871131896972656,Fungi,Max PACF: n_random_points=30 nb_inst_per_class=50,30,50,Rsast,Max PACF
4,0.9086021505376344,0.05804944038391113,0.05004715919494629,0.003634214401245117,0.002099275588989258,0.0019044876098632812,Fungi,None: n_random_points=10 nb_inst_per_class=30,10,30,Rsast,None
5,0.8870967741935484,0.059628963470458984,0.04992818832397461,0.0038003921508789062,0.0033769607543945312,0.002159595489501953,Fungi,None: n_random_points=10 nb_inst_per_class=50,10,50,Rsast,None
6,0.8655913978494624,0.0613245964050293,0.0500636100769043,0.004920482635498047,0.004003763198852539,0.0019969940185546875,Fungi,None: n_random_points=30 nb_inst_per_class=30,30,30,Rsast,None
7,0.9354838709677419,0.06230044364929199,0.05048680305480957,0.004809379577636719,0.004644632339477539,0.0019817352294921875,Fungi,None: n_random_points=30 nb_inst_per_class=50,30,50,Rsast,None
