,accuracy,time,cweights_time,fsubsequence_time,tdataset_time,tclassifier_time,dataset_name,classifier_name,rpoint,nb_per_class,method,len_method
0,0.8611111111111112,1.0796210765838623,0.026677370071411133,1.037144660949707,0.013043403625488281,0.0023827552795410156,UMD,Max PACF: n_random_points=10 nb_inst_per_class=30,10,30,Rsast,Max PACF
1,0.8402777777777778,1.0751240253448486,0.026235342025756836,1.0418524742126465,0.004341602325439453,0.002329111099243164,UMD,Max PACF: n_random_points=10 nb_inst_per_class=50,10,50,Rsast,Max PACF
2,0.8541666666666666,1.079911231994629,0.03408479690551758,1.0333404541015625,0.009266138076782227,0.0027701854705810547,UMD,Max PACF: n_random_points=30 nb_inst_per_class=30,30,30,Rsast,Max PACF
3,0.8402777777777778,1.1167514324188232,0.02660655975341797,1.0618326663970947,0.02509450912475586,0.0027408599853515625,UMD,Max PACF: n_random_points=30 nb_inst_per_class=50,30,50,Rsast,Max PACF
4,0.9513888888888888,0.05346035957336426,0.0352320671081543,0.00884103775024414,0.004845857620239258,0.003569364547729492,UMD,None: n_random_points=10 nb_inst_per_class=30,10,30,Rsast,None
5,0.9305555555555556,0.0536653995513916,0.034075260162353516,0.007835865020751953,0.005853176116943359,0.0054438114166259766,UMD,None: n_random_points=10 nb_inst_per_class=50,10,50,Rsast,None
6,0.9583333333333334,0.059941768646240234,0.03468918800354004,0.012749195098876953,0.007838249206542969,0.004023075103759766,UMD,None: n_random_points=30 nb_inst_per_class=30,30,30,Rsast,None
7,0.9791666666666666,0.056890010833740234,0.034189462661743164,0.011539459228515625,0.007987022399902344,0.0026979446411132812,UMD,None: n_random_points=30 nb_inst_per_class=50,30,50,Rsast,None
