,accuracy,time,cweights_time,fsubsequence_time,tdataset_time,tclassifier_time,dataset_name,classifier_name,rpoint,nb_per_class,method,len_method
0,0.498989898989899,33.61298894882202,0.13910841941833496,33.23403239250183,0.21473455429077148,0.022824764251708984,InsectWingbeatSound,Max PACF: n_random_points=10 nb_inst_per_class=30,10,30,Rsast,Max PACF
1,0.5055555555555555,32.62295055389404,0.15386247634887695,32.24006247520447,0.20398926734924316,0.023364782333374023,InsectWingbeatSound,Max PACF: n_random_points=10 nb_inst_per_class=50,10,50,Rsast,Max PACF
2,0.5131313131313131,36.30533194541931,0.11052823066711426,35.634687662124634,0.5105891227722168,0.04761004447937012,InsectWingbeatSound,Max PACF: n_random_points=30 nb_inst_per_class=30,30,30,Rsast,Max PACF
3,0.5136363636363637,35.712035179138184,0.19835615158081055,34.95633101463318,0.50496506690979,0.04871177673339844,InsectWingbeatSound,Max PACF: n_random_points=30 nb_inst_per_class=50,30,50,Rsast,Max PACF
4,0.5545454545454546,0.3877134323120117,0.11036801338195801,0.03994941711425781,0.21024656295776367,0.025068283081054688,InsectWingbeatSound,None: n_random_points=10 nb_inst_per_class=30,10,30,Rsast,None
5,0.55,0.4802970886230469,0.1503887176513672,0.07042670249938965,0.22152280807495117,0.03649306297302246,InsectWingbeatSound,None: n_random_points=10 nb_inst_per_class=50,10,50,Rsast,None
6,0.5712121212121212,0.8335039615631104,0.13936495780944824,0.06922602653503418,0.5674781799316406,0.05547451972961426,InsectWingbeatSound,None: n_random_points=30 nb_inst_per_class=30,30,30,Rsast,None
7,0.5535353535353535,1.0528490543365479,0.2462468147277832,0.09937357902526855,0.6277563571929932,0.07589364051818848,InsectWingbeatSound,None: n_random_points=30 nb_inst_per_class=50,30,50,Rsast,None
