,accuracy,time,cweights_time,fsubsequence_time,tdataset_time,tclassifier_time,dataset_name,classifier_name,rpoint,nb_per_class,method,len_method
0,0.7047619047619048,36.9286744594574,0.08374238014221191,36.74300193786621,0.09412360191345215,0.006669759750366211,Ham,Max PACF: n_random_points=10 nb_inst_per_class=30,10,30,Rsast,Max PACF
1,0.6761904761904762,63.02436542510986,0.07841110229492188,62.80403017997742,0.13213133811950684,0.009097099304199219,Ham,Max PACF: n_random_points=10 nb_inst_per_class=50,10,50,Rsast,Max PACF
2,0.7238095238095238,40.065245628356934,0.08107233047485352,39.759817600250244,0.2121875286102295,0.010879755020141602,Ham,Max PACF: n_random_points=30 nb_inst_per_class=30,30,30,Rsast,Max PACF
3,0.7238095238095238,61.96584486961365,0.07788991928100586,61.56623673439026,0.30675768852233887,0.013579368591308594,Ham,Max PACF: n_random_points=30 nb_inst_per_class=50,30,50,Rsast,Max PACF
4,0.6857142857142857,0.15004420280456543,0.0776212215423584,0.01275181770324707,0.05139636993408203,0.0073087215423583984,Ham,None: n_random_points=10 nb_inst_per_class=30,10,30,Rsast,None
5,0.7428571428571429,0.19104266166687012,0.08845734596252441,0.020922422409057617,0.07300448417663574,0.008090972900390625,Ham,None: n_random_points=10 nb_inst_per_class=50,10,50,Rsast,None
6,0.7142857142857143,0.2547163963317871,0.07815003395080566,0.01811695098876953,0.14952325820922852,0.008307933807373047,Ham,None: n_random_points=30 nb_inst_per_class=30,30,30,Rsast,None
7,0.6761904761904762,0.3820760250091553,0.07787013053894043,0.03162193298339844,0.2592484951019287,0.012372732162475586,Ham,None: n_random_points=30 nb_inst_per_class=50,30,50,Rsast,None
