,accuracy,time,cweights_time,fsubsequence_time,tdataset_time,tclassifier_time,dataset_name,classifier_name,rpoint,nb_per_class,method,len_method
0,0.824390243902439,0.598884105682373,0.023595333099365234,0.50455641746521,0.041217803955078125,0.027863264083862305,ProximalPhalanxOutlineAgeGroup,Max PACF: n_random_points=10 nb_inst_per_class=30,10,30,Rsast,Max PACF
1,0.8292682926829268,0.9671764373779297,0.01773381233215332,0.8518533706665039,0.05966663360595703,0.03728008270263672,ProximalPhalanxOutlineAgeGroup,Max PACF: n_random_points=10 nb_inst_per_class=50,10,50,Rsast,Max PACF
2,0.824390243902439,0.7228031158447266,0.01799750328063965,0.5477862358093262,0.09987735748291016,0.05570030212402344,ProximalPhalanxOutlineAgeGroup,Max PACF: n_random_points=30 nb_inst_per_class=30,30,30,Rsast,Max PACF
3,0.8341463414634146,1.1164848804473877,0.018129825592041016,0.8578119277954102,0.17729997634887695,0.06110095977783203,ProximalPhalanxOutlineAgeGroup,Max PACF: n_random_points=30 nb_inst_per_class=50,30,50,Rsast,Max PACF
4,0.8439024390243902,0.11071062088012695,0.02373790740966797,0.018277406692504883,0.03379559516906738,0.03254103660583496,ProximalPhalanxOutlineAgeGroup,None: n_random_points=10 nb_inst_per_class=30,10,30,Rsast,None
5,0.848780487804878,0.14058971405029297,0.02333354949951172,0.029669523239135742,0.05183839797973633,0.035123586654663086,ProximalPhalanxOutlineAgeGroup,None: n_random_points=10 nb_inst_per_class=50,10,50,Rsast,None
6,0.8536585365853658,0.17257475852966309,0.023645877838134766,0.026598215103149414,0.08085870742797852,0.04041552543640137,ProximalPhalanxOutlineAgeGroup,None: n_random_points=30 nb_inst_per_class=30,30,30,Rsast,None
7,0.8,0.2579474449157715,0.02395319938659668,0.037338972091674805,0.14559149742126465,0.04904961585998535,ProximalPhalanxOutlineAgeGroup,None: n_random_points=30 nb_inst_per_class=50,30,50,Rsast,None
