,accuracy,time,cweights_time,fsubsequence_time,tdataset_time,tclassifier_time,dataset_name,classifier_name,rpoint,nb_per_class,method,len_method
0,0.8260869565217391,5.1196911334991455,0.059217214584350586,5.049123525619507,0.008633136749267578,0.0022470951080322266,DodgerLoopGame,Max PACF: n_random_points=10 nb_inst_per_class=30,10,30,Rsast,Max PACF
1,0.8188405797101449,4.363404750823975,0.054556846618652344,4.297979354858398,0.008450984954833984,0.0019567012786865234,DodgerLoopGame,Max PACF: n_random_points=10 nb_inst_per_class=50,10,50,Rsast,Max PACF
2,0.8043478260869565,4.271483659744263,0.04299116134643555,4.216114044189453,0.009980916976928711,0.0019583702087402344,DodgerLoopGame,Max PACF: n_random_points=30 nb_inst_per_class=30,30,30,Rsast,Max PACF
3,0.7971014492753623,4.263399124145508,0.04255819320678711,4.198028802871704,0.02029585838317871,0.0020639896392822266,DodgerLoopGame,Max PACF: n_random_points=30 nb_inst_per_class=50,30,50,Rsast,Max PACF
4,0.8913043478260869,0.052161216735839844,0.04236936569213867,0.003943681716918945,0.0035147666931152344,0.0019779205322265625,DodgerLoopGame,None: n_random_points=10 nb_inst_per_class=30,10,30,Rsast,None
5,0.7463768115942029,0.05140089988708496,0.04209470748901367,0.003859996795654297,0.0036537647247314453,0.001506805419921875,DodgerLoopGame,None: n_random_points=10 nb_inst_per_class=50,10,50,Rsast,None
6,0.8913043478260869,0.06474828720092773,0.044149160385131836,0.0053691864013671875,0.01306605339050293,0.0018496513366699219,DodgerLoopGame,None: n_random_points=30 nb_inst_per_class=30,30,30,Rsast,None
7,0.8405797101449275,0.05936741828918457,0.042099952697753906,0.005570888519287109,0.007567644119262695,0.0036652088165283203,DodgerLoopGame,None: n_random_points=30 nb_inst_per_class=50,30,50,Rsast,None
