,accuracy,time,cweights_time,fsubsequence_time,tdataset_time,tclassifier_time,dataset_name,classifier_name,rpoint,nb_per_class,method,len_method
0,0.9492753623188406,4.099828720092773,0.043117523193359375,4.0483739376068115,0.004570960998535156,0.0029060840606689453,DodgerLoopWeekend,Max PACF: n_random_points=10 nb_inst_per_class=30,10,30,Rsast,Max PACF
1,0.9420289855072463,4.172980308532715,0.04292130470275879,4.119531869888306,0.008050203323364258,0.0018923282623291016,DodgerLoopWeekend,Max PACF: n_random_points=10 nb_inst_per_class=50,10,50,Rsast,Max PACF
2,0.9565217391304348,4.20215916633606,0.04263758659362793,4.147570610046387,0.009296655654907227,0.002197265625,DodgerLoopWeekend,Max PACF: n_random_points=30 nb_inst_per_class=30,30,30,Rsast,Max PACF
3,0.9492753623188406,4.142725944519043,0.04245448112487793,4.088789701461792,0.008957862854003906,0.0020122528076171875,DodgerLoopWeekend,Max PACF: n_random_points=30 nb_inst_per_class=50,30,50,Rsast,Max PACF
4,0.9710144927536232,0.06708335876464844,0.04245948791503906,0.004044294357299805,0.01862502098083496,0.00157928466796875,DodgerLoopWeekend,None: n_random_points=10 nb_inst_per_class=30,10,30,Rsast,None
5,0.9710144927536232,0.052651405334472656,0.04313230514526367,0.0040247440338134766,0.0035555362701416016,0.0016095638275146484,DodgerLoopWeekend,None: n_random_points=10 nb_inst_per_class=50,10,50,Rsast,None
6,0.9710144927536232,0.05746102333068848,0.042920589447021484,0.005157947540283203,0.007306098937988281,0.001718759536743164,DodgerLoopWeekend,None: n_random_points=30 nb_inst_per_class=30,30,30,Rsast,None
7,0.9710144927536232,0.061688899993896484,0.0423128604888916,0.005579233169555664,0.011718273162841797,0.00168609619140625,DodgerLoopWeekend,None: n_random_points=30 nb_inst_per_class=50,30,50,Rsast,None
