,accuracy,time,cweights_time,fsubsequence_time,tdataset_time,tclassifier_time,dataset_name,classifier_name,rpoint,nb_per_class,method,len_method
0,0.946031746031746,1.7749834060668945,0.02482914924621582,1.7234604358673096,0.01985001564025879,0.0062448978424072266,GunPointOldVersusYoung,Max PACF: n_random_points=10 nb_inst_per_class=30,10,30,Rsast,Max PACF
1,0.8888888888888888,2.9430201053619385,0.02457880973815918,2.875910997390747,0.032820701599121094,0.009189844131469727,GunPointOldVersusYoung,Max PACF: n_random_points=10 nb_inst_per_class=50,10,50,Rsast,Max PACF
2,0.9587301587301588,1.8167846202850342,0.024757862091064453,1.7211036682128906,0.058133602142333984,0.01209115982055664,GunPointOldVersusYoung,Max PACF: n_random_points=30 nb_inst_per_class=30,30,30,Rsast,Max PACF
3,0.9523809523809523,2.9963252544403076,0.025611162185668945,2.8726754188537598,0.08371543884277344,0.012858390808105469,GunPointOldVersusYoung,Max PACF: n_random_points=30 nb_inst_per_class=50,30,50,Rsast,Max PACF
4,0.9174603174603174,0.05858421325683594,0.024816274642944336,0.009792566299438477,0.01679539680480957,0.0063190460205078125,GunPointOldVersusYoung,None: n_random_points=10 nb_inst_per_class=30,10,30,Rsast,None
5,0.9301587301587302,0.08157634735107422,0.025110483169555664,0.01631307601928711,0.0323185920715332,0.00735926628112793,GunPointOldVersusYoung,None: n_random_points=10 nb_inst_per_class=50,10,50,Rsast,None
6,0.9142857142857143,0.10221195220947266,0.024986982345581055,0.01604437828063965,0.05130267143249512,0.008526325225830078,GunPointOldVersusYoung,None: n_random_points=30 nb_inst_per_class=30,30,30,Rsast,None
7,0.9301587301587302,0.11442208290100098,0.027479887008666992,0.02408123016357422,0.05050301551818848,0.011579036712646484,GunPointOldVersusYoung,None: n_random_points=30 nb_inst_per_class=50,30,50,Rsast,None
