,accuracy,time,cweights_time,fsubsequence_time,tdataset_time,tclassifier_time,dataset_name,classifier_name,rpoint,nb_per_class,method,len_method
0,0.7385964912280701,6.5816919803619385,0.04188990592956543,6.527219772338867,0.00806117057800293,0.0032961368560791016,FreezerSmallTrain,Max PACF: n_random_points=10 nb_inst_per_class=30,10,30,Rsast,Max PACF
1,0.6898245614035088,6.532293796539307,0.04635143280029297,6.474111080169678,0.007896184921264648,0.003107786178588867,FreezerSmallTrain,Max PACF: n_random_points=10 nb_inst_per_class=50,10,50,Rsast,Max PACF
2,0.7210526315789474,6.476051092147827,0.04615974426269531,6.41022253036499,0.015309333801269531,0.0034787654876708984,FreezerSmallTrain,Max PACF: n_random_points=30 nb_inst_per_class=30,30,30,Rsast,Max PACF
3,0.7340350877192983,6.31591534614563,0.04657340049743652,6.249587535858154,0.015554428100585938,0.0031280517578125,FreezerSmallTrain,Max PACF: n_random_points=30 nb_inst_per_class=50,30,50,Rsast,Max PACF
4,0.7389473684210527,0.06151890754699707,0.04548478126525879,0.0056934356689453125,0.006767988204956055,0.0028357505798339844,FreezerSmallTrain,None: n_random_points=10 nb_inst_per_class=30,10,30,Rsast,None
5,0.7652631578947369,0.06585574150085449,0.04767560958862305,0.005888462066650391,0.00802159309387207,0.003793954849243164,FreezerSmallTrain,None: n_random_points=10 nb_inst_per_class=50,10,50,Rsast,None
6,0.7129824561403508,0.11057710647583008,0.07577681541442871,0.013555288314819336,0.016522884368896484,0.003936290740966797,FreezerSmallTrain,None: n_random_points=30 nb_inst_per_class=30,30,30,Rsast,None
7,0.7031578947368421,0.11575865745544434,0.08117485046386719,0.01411581039428711,0.015785932540893555,0.0036139488220214844,FreezerSmallTrain,None: n_random_points=30 nb_inst_per_class=50,30,50,Rsast,None
