,accuracy,time,cweights_time,fsubsequence_time,tdataset_time,tclassifier_time,dataset_name,classifier_name,rpoint,nb_per_class,method,len_method
0,0.9836601307189542,5.18034815788269,0.06774759292602539,5.106085777282715,0.004111766815185547,0.0020203590393066406,DiatomSizeReduction,Max PACF: n_random_points=10 nb_inst_per_class=30,10,30,Rsast,Max PACF
1,0.9803921568627451,5.285858392715454,0.06766772270202637,5.211473226547241,0.004190206527709961,0.0021271705627441406,DiatomSizeReduction,Max PACF: n_random_points=10 nb_inst_per_class=50,10,50,Rsast,Max PACF
2,0.9705882352941176,5.3188722133636475,0.06752157211303711,5.239866495132446,0.008896589279174805,0.0021123886108398438,DiatomSizeReduction,Max PACF: n_random_points=30 nb_inst_per_class=30,30,30,Rsast,Max PACF
3,0.9673202614379085,5.2480597496032715,0.06956672668457031,5.164336681365967,0.011471271514892578,0.0021636486053466797,DiatomSizeReduction,Max PACF: n_random_points=30 nb_inst_per_class=50,30,50,Rsast,Max PACF
4,0.9738562091503268,0.07799339294433594,0.0678560733795166,0.0042476654052734375,0.003634214401245117,0.0018153190612792969,DiatomSizeReduction,None: n_random_points=10 nb_inst_per_class=30,10,30,Rsast,None
5,0.9705882352941176,0.07604098320007324,0.06737875938415527,0.0034432411193847656,0.003319263458251953,0.001617431640625,DiatomSizeReduction,None: n_random_points=10 nb_inst_per_class=50,10,50,Rsast,None
6,0.9575163398692811,0.08365082740783691,0.0695962905883789,0.0050432682037353516,0.006806612014770508,0.0018911361694335938,DiatomSizeReduction,None: n_random_points=30 nb_inst_per_class=30,30,30,Rsast,None
7,0.954248366013072,0.10541725158691406,0.06801390647888184,0.004914283752441406,0.022896528244018555,0.009213685989379883,DiatomSizeReduction,None: n_random_points=30 nb_inst_per_class=50,30,50,Rsast,None
