,accuracy,time,cweights_time,fsubsequence_time,tdataset_time,tclassifier_time,dataset_name,classifier_name,rpoint,nb_per_class,method,len_method
0,0.7142857142857143,77.96331191062927,0.8063023090362549,76.38734674453735,0.7038564682006836,0.061009883880615234,FiftyWords,Max PACF: n_random_points=10 nb_inst_per_class=30,10,30,Rsast,Max PACF
1,0.7120879120879121,69.91436719894409,0.4798848628997803,68.52178168296814,0.8399708271026611,0.06973552703857422,FiftyWords,Max PACF: n_random_points=10 nb_inst_per_class=50,10,50,Rsast,Max PACF
2,0.7274725274725274,67.60863161087036,0.43653035163879395,65.18823885917664,1.8398387432098389,0.14069390296936035,FiftyWords,Max PACF: n_random_points=30 nb_inst_per_class=30,30,30,Rsast,Max PACF
3,0.7230769230769231,80.91065621376038,0.4796411991119385,78.23088431358337,2.050222635269165,0.1450488567352295,FiftyWords,Max PACF: n_random_points=30 nb_inst_per_class=50,30,50,Rsast,Max PACF
4,0.7450549450549451,1.3831110000610352,0.4387245178222656,0.07084369659423828,0.795602560043335,0.07448577880859375,FiftyWords,None: n_random_points=10 nb_inst_per_class=30,10,30,Rsast,None
5,0.7582417582417582,1.961031198501587,0.835442066192627,0.13463187217712402,0.9044790267944336,0.08332252502441406,FiftyWords,None: n_random_points=10 nb_inst_per_class=50,10,50,Rsast,None
6,0.756043956043956,3.22944712638855,0.7803316116333008,0.14053726196289062,2.126929521560669,0.17815637588500977,FiftyWords,None: n_random_points=30 nb_inst_per_class=30,30,30,Rsast,None
7,0.7318681318681318,2.879625082015991,0.4405641555786133,0.11329531669616699,2.1326146125793457,0.18991351127624512,FiftyWords,None: n_random_points=30 nb_inst_per_class=50,30,50,Rsast,None
