,accuracy,time,cweights_time,fsubsequence_time,tdataset_time,tclassifier_time,dataset_name,classifier_name,rpoint,nb_per_class,method,len_method
0,0.7337770382695508,0.11459708213806152,0.013529539108276367,0.09652471542358398,0.0015659332275390625,0.002103090286254883,SonyAIBORobotSurface1,Max PACF: n_random_points=10 nb_inst_per_class=30,10,30,Rsast,Max PACF
1,0.7454242928452579,0.10995960235595703,0.012663841247558594,0.09380054473876953,0.0012259483337402344,0.0019199848175048828,SonyAIBORobotSurface1,Max PACF: n_random_points=10 nb_inst_per_class=50,10,50,Rsast,Max PACF
2,0.7470881863560732,0.11228346824645996,0.012834787368774414,0.094635009765625,0.002329587936401367,0.0021102428436279297,SonyAIBORobotSurface1,Max PACF: n_random_points=30 nb_inst_per_class=30,30,30,Rsast,Max PACF
3,0.7504159733777038,0.11168026924133301,0.012682676315307617,0.09486126899719238,0.0017523765563964844,0.001984834671020508,SonyAIBORobotSurface1,Max PACF: n_random_points=30 nb_inst_per_class=50,30,50,Rsast,Max PACF
4,0.7420965058236273,0.020626306533813477,0.012702465057373047,0.003979921340942383,0.0017533302307128906,0.001817941665649414,SonyAIBORobotSurface1,None: n_random_points=10 nb_inst_per_class=30,10,30,Rsast,None
5,0.778702163061564,0.02012348175048828,0.012634515762329102,0.003906726837158203,0.0013549327850341797,0.0018978118896484375,SonyAIBORobotSurface1,None: n_random_points=10 nb_inst_per_class=50,10,50,Rsast,None
6,0.7304492512479202,0.01815342903137207,0.010406494140625,0.003964900970458984,0.0017223358154296875,0.001753091812133789,SonyAIBORobotSurface1,None: n_random_points=30 nb_inst_per_class=30,30,30,Rsast,None
7,0.7138103161397671,0.017975330352783203,0.010343074798583984,0.004270076751708984,0.0014538764953613281,0.0016109943389892578,SonyAIBORobotSurface1,None: n_random_points=30 nb_inst_per_class=50,30,50,Rsast,None
