,accuracy,time,cweights_time,fsubsequence_time,tdataset_time,tclassifier_time,dataset_name,classifier_name,rpoint,nb_per_class,method,len_method
0,0.7002604166666667,3.920987129211426,0.05126953125,3.7053871154785156,0.11522316932678223,0.04691362380981445,ChlorineConcentration,Max PACF: n_random_points=10 nb_inst_per_class=30,10,30,Rsast,Max PACF
1,0.71015625,8.787336349487305,0.054949045181274414,8.505670070648193,0.17564868927001953,0.04985809326171875,ChlorineConcentration,Max PACF: n_random_points=10 nb_inst_per_class=50,10,50,Rsast,Max PACF
2,0.7442708333333333,6.834839344024658,0.055242061614990234,6.477910757064819,0.23268485069274902,0.06745314598083496,ChlorineConcentration,Max PACF: n_random_points=30 nb_inst_per_class=30,30,30,Rsast,Max PACF
3,0.7315104166666667,6.475857973098755,0.04339718818664551,6.020237684249878,0.3420398235321045,0.06831836700439453,ChlorineConcentration,Max PACF: n_random_points=30 nb_inst_per_class=50,30,50,Rsast,Max PACF
4,0.71015625,0.22947978973388672,0.057077884674072266,0.018680810928344727,0.10467815399169922,0.04720950126647949,ChlorineConcentration,None: n_random_points=10 nb_inst_per_class=30,10,30,Rsast,None
5,0.7580729166666667,0.29441380500793457,0.053771257400512695,0.03224921226501465,0.15686655044555664,0.05050992965698242,ChlorineConcentration,None: n_random_points=10 nb_inst_per_class=50,10,50,Rsast,None
6,0.7169270833333333,0.4655578136444092,0.0776219367980957,0.04341769218444824,0.27233242988586426,0.07068276405334473,ChlorineConcentration,None: n_random_points=30 nb_inst_per_class=30,30,30,Rsast,None
7,0.7778645833333333,0.5802233219146729,0.05108809471130371,0.04390215873718262,0.4074373245239258,0.07622742652893066,ChlorineConcentration,None: n_random_points=30 nb_inst_per_class=50,30,50,Rsast,None
