,accuracy,time,cweights_time,fsubsequence_time,tdataset_time,tclassifier_time,dataset_name,classifier_name,rpoint,nb_per_class,method,len_method
0,0.8782791185729276,0.12202858924865723,0.009991168975830078,0.1074986457824707,0.0018379688262939453,0.002173185348510742,SonyAIBORobotSurface2,Max PACF: n_random_points=10 nb_inst_per_class=30,10,30,Rsast,Max PACF
1,0.8793284365162645,0.10339689254760742,0.0124359130859375,0.08661961555480957,0.002266407012939453,0.0017066001892089844,SonyAIBORobotSurface2,Max PACF: n_random_points=10 nb_inst_per_class=50,10,50,Rsast,Max PACF
2,0.887722980062959,0.09926342964172363,0.009766578674316406,0.08323955535888672,0.003622770309448242,0.002275705337524414,SonyAIBORobotSurface2,Max PACF: n_random_points=30 nb_inst_per_class=30,30,30,Rsast,Max PACF
3,0.8845750262329486,0.09934210777282715,0.009736299514770508,0.08451080322265625,0.0029251575469970703,0.0018115043640136719,SonyAIBORobotSurface2,Max PACF: n_random_points=30 nb_inst_per_class=50,30,50,Rsast,Max PACF
4,0.8426023084994754,0.01821112632751465,0.010577917098999023,0.004342317581176758,0.0012934207916259766,0.0016450881958007812,SonyAIBORobotSurface2,None: n_random_points=10 nb_inst_per_class=30,10,30,Rsast,None
5,0.8835257082896117,0.01712179183959961,0.009767293930053711,0.004197359085083008,0.0011434555053710938,0.0016856193542480469,SonyAIBORobotSurface2,None: n_random_points=10 nb_inst_per_class=50,10,50,Rsast,None
6,0.8478488982161595,0.019937753677368164,0.009795904159545898,0.005548954010009766,0.0023651123046875,0.0018961429595947266,SonyAIBORobotSurface2,None: n_random_points=30 nb_inst_per_class=30,30,30,Rsast,None
7,0.8824763903462749,0.019756555557250977,0.00976705551147461,0.00576472282409668,0.0022220611572265625,0.0016891956329345703,SonyAIBORobotSurface2,None: n_random_points=30 nb_inst_per_class=50,30,50,Rsast,None
