,accuracy,time,cweights_time,fsubsequence_time,tdataset_time,tclassifier_time,dataset_name,classifier_name,rpoint,nb_per_class,method,len_method
0,0.75,32.26567316055298,0.10071897506713867,32.14584827423096,0.015127897262573242,0.0032014846801757812,BeetleFly,Max PACF: n_random_points=10 nb_inst_per_class=30,10,30,Rsast,Max PACF
1,0.8,33.80447220802307,0.07901287078857422,33.712270975112915,0.009410858154296875,0.0031614303588867188,BeetleFly,Max PACF: n_random_points=10 nb_inst_per_class=50,10,50,Rsast,Max PACF
2,0.8,28.840851068496704,0.0783848762512207,28.733782052993774,0.02446436882019043,0.0035200119018554688,BeetleFly,Max PACF: n_random_points=30 nb_inst_per_class=30,30,30,Rsast,Max PACF
3,0.8,23.83553695678711,0.09990715980529785,23.70607876777649,0.025833606719970703,0.002485513687133789,BeetleFly,Max PACF: n_random_points=30 nb_inst_per_class=50,30,50,Rsast,Max PACF
4,0.85,0.09224390983581543,0.07724785804748535,0.00503087043762207,0.007645606994628906,0.0017201900482177734,BeetleFly,None: n_random_points=10 nb_inst_per_class=30,10,30,Rsast,None
5,0.95,0.09356307983398438,0.07968735694885254,0.004984140396118164,0.007033586502075195,0.0015592575073242188,BeetleFly,None: n_random_points=10 nb_inst_per_class=50,10,50,Rsast,None
6,0.8,0.10576128959655762,0.07708024978637695,0.006300210952758789,0.020005464553833008,0.0019991397857666016,BeetleFly,None: n_random_points=30 nb_inst_per_class=30,30,30,Rsast,None
7,0.9,0.11062240600585938,0.07855629920959473,0.007431507110595703,0.022247314453125,0.0019903182983398438,BeetleFly,None: n_random_points=30 nb_inst_per_class=50,30,50,Rsast,None
