,accuracy,time,cweights_time,fsubsequence_time,tdataset_time,tclassifier_time,dataset_name,classifier_name,rpoint,nb_per_class,method,len_method
0,0.8195121951219512,0.5967950820922852,0.017879009246826172,0.5069406032562256,0.04212450981140137,0.0282895565032959,ProximalPhalanxOutlineAgeGroup,Max PACF: n_random_points=10 nb_inst_per_class=30,10,30,Rsast,Max PACF
1,0.8195121951219512,0.9648919105529785,0.017685413360595703,0.8474094867706299,0.058469295501708984,0.04074573516845703,ProximalPhalanxOutlineAgeGroup,Max PACF: n_random_points=10 nb_inst_per_class=50,10,50,Rsast,Max PACF
2,0.8292682926829268,0.6977818012237549,0.017775535583496094,0.5253627300262451,0.09715604782104492,0.05652165412902832,ProximalPhalanxOutlineAgeGroup,Max PACF: n_random_points=30 nb_inst_per_class=30,30,30,Rsast,Max PACF
3,0.8341463414634146,1.1086950302124023,0.019761085510253906,0.8753259181976318,0.1502542495727539,0.06074810028076172,ProximalPhalanxOutlineAgeGroup,Max PACF: n_random_points=30 nb_inst_per_class=50,30,50,Rsast,Max PACF
4,0.848780487804878,0.11501789093017578,0.01810288429260254,0.014152288436889648,0.04805278778076172,0.03194761276245117,ProximalPhalanxOutlineAgeGroup,None: n_random_points=10 nb_inst_per_class=30,10,30,Rsast,None
5,0.8439024390243902,0.14119839668273926,0.017703533172607422,0.022737979888916016,0.06715202331542969,0.03294873237609863,ProximalPhalanxOutlineAgeGroup,None: n_random_points=10 nb_inst_per_class=50,10,50,Rsast,None
6,0.8390243902439024,0.16917014122009277,0.01802539825439453,0.022080421447753906,0.09067559242248535,0.03702831268310547,ProximalPhalanxOutlineAgeGroup,None: n_random_points=30 nb_inst_per_class=30,30,30,Rsast,None
7,0.8048780487804879,0.23434829711914062,0.01816701889038086,0.034471750259399414,0.13431692123413086,0.04536557197570801,ProximalPhalanxOutlineAgeGroup,None: n_random_points=30 nb_inst_per_class=50,30,50,Rsast,None
