,accuracy,time,cweights_time,fsubsequence_time,tdataset_time,tclassifier_time,dataset_name,classifier_name,rpoint,nb_per_class,method,len_method
0,0.7800687285223368,0.6490247249603271,0.02297520637512207,0.42485713958740234,0.06185579299926758,0.13692116737365723,MiddlePhalanxOutlineCorrect,Max PACF: n_random_points=10 nb_inst_per_class=30,10,30,Rsast,Max PACF
1,0.7697594501718213,0.959503173828125,0.02131199836730957,0.7257256507873535,0.06131768226623535,0.15015935897827148,MiddlePhalanxOutlineCorrect,Max PACF: n_random_points=10 nb_inst_per_class=50,10,50,Rsast,Max PACF
2,0.7938144329896907,0.6889381408691406,0.021491050720214844,0.42623162269592285,0.10817909240722656,0.13198184967041016,MiddlePhalanxOutlineCorrect,Max PACF: n_random_points=30 nb_inst_per_class=30,30,30,Rsast,Max PACF
3,0.7869415807560137,0.9184560775756836,0.01757526397705078,0.6131584644317627,0.1653764247894287,0.12090086936950684,MiddlePhalanxOutlineCorrect,Max PACF: n_random_points=30 nb_inst_per_class=50,30,50,Rsast,Max PACF
4,0.7903780068728522,1.547780990600586,0.01806783676147461,0.009857177734375,0.03301692008972168,1.4847586154937744,MiddlePhalanxOutlineCorrect,None: n_random_points=10 nb_inst_per_class=30,10,30,Rsast,None
5,0.8075601374570447,0.2591378688812256,0.026582717895507812,0.023218154907226562,0.06273889541625977,0.14556598663330078,MiddlePhalanxOutlineCorrect,None: n_random_points=10 nb_inst_per_class=50,10,50,Rsast,None
6,0.7869415807560137,0.30448102951049805,0.024970531463623047,0.018289804458618164,0.1214139461517334,0.13853740692138672,MiddlePhalanxOutlineCorrect,None: n_random_points=30 nb_inst_per_class=30,30,30,Rsast,None
7,0.8006872852233677,0.4266390800476074,0.04113292694091797,0.04564476013183594,0.15090465545654297,0.1869065761566162,MiddlePhalanxOutlineCorrect,None: n_random_points=30 nb_inst_per_class=50,30,50,Rsast,None
