,accuracy,time,cweights_time,fsubsequence_time,tdataset_time,tclassifier_time,dataset_name,classifier_name,rpoint,nb_per_class,method,len_method
0,0.8333333333333334,0.6586146354675293,0.028865814208984375,0.622460126876831,0.003542184829711914,0.0031948089599609375,BME,Max PACF: n_random_points=10 nb_inst_per_class=30,10,30,Rsast,Max PACF
1,0.78,0.7270922660827637,0.029137611389160156,0.69130539894104,0.003954887390136719,0.0021126270294189453,BME,Max PACF: n_random_points=10 nb_inst_per_class=50,10,50,Rsast,Max PACF
2,0.82,0.631901741027832,0.02340102195739746,0.5987274646759033,0.00714421272277832,0.0022094249725341797,BME,Max PACF: n_random_points=30 nb_inst_per_class=30,30,30,Rsast,Max PACF
3,0.8133333333333334,0.6637063026428223,0.021912097930908203,0.6220483779907227,0.014228343963623047,0.0049991607666015625,BME,Max PACF: n_random_points=30 nb_inst_per_class=50,30,50,Rsast,Max PACF
4,0.8933333333333333,0.04475903511047363,0.029114484786987305,0.006726503372192383,0.003340482711791992,0.004876136779785156,BME,None: n_random_points=10 nb_inst_per_class=30,10,30,Rsast,None
5,0.8733333333333333,0.031590938568115234,0.02217721939086914,0.005068540573120117,0.0020732879638671875,0.0019211769104003906,BME,None: n_random_points=10 nb_inst_per_class=50,10,50,Rsast,None
6,0.88,0.0362849235534668,0.02206897735595703,0.006992816925048828,0.00479578971862793,0.0020623207092285156,BME,None: n_random_points=30 nb_inst_per_class=30,30,30,Rsast,None
7,0.9066666666666666,0.036966562271118164,0.022464275360107422,0.007285118103027344,0.00474238395690918,0.0021164417266845703,BME,None: n_random_points=30 nb_inst_per_class=50,30,50,Rsast,None
