,accuracy,time,cweights_time,fsubsequence_time,tdataset_time,tclassifier_time,dataset_name,classifier_name,rpoint,nb_per_class,method,len_method
0,0.7751479289940828,9.282660245895386,0.13682031631469727,8.739278316497803,0.3038601875305176,0.09605598449707031,FaceAll,Max PACF: n_random_points=10 nb_inst_per_class=30,10,30,Rsast,Max PACF
1,0.7804733727810651,11.567794799804688,0.0921013355255127,11.005741834640503,0.3531534671783447,0.11257719993591309,FaceAll,Max PACF: n_random_points=10 nb_inst_per_class=50,10,50,Rsast,Max PACF
2,0.7792899408284024,9.520204544067383,0.10829830169677734,8.493740558624268,0.7348039150238037,0.17660212516784668,FaceAll,Max PACF: n_random_points=30 nb_inst_per_class=30,30,30,Rsast,Max PACF
3,0.7781065088757396,13.012159585952759,0.13619661331176758,11.733187675476074,0.898188591003418,0.231550931930542,FaceAll,Max PACF: n_random_points=30 nb_inst_per_class=50,30,50,Rsast,Max PACF
4,0.7775147928994083,0.7682533264160156,0.14371490478515625,0.12375330924987793,0.35402584075927734,0.1393721103668213,FaceAll,None: n_random_points=10 nb_inst_per_class=30,10,30,Rsast,None
5,0.7727810650887574,0.9451601505279541,0.13562226295471191,0.1645197868347168,0.49183225631713867,0.14987587928771973,FaceAll,None: n_random_points=10 nb_inst_per_class=50,10,50,Rsast,None
6,0.7769230769230769,1.4763991832733154,0.1144096851348877,0.17006421089172363,0.9459731578826904,0.24199533462524414,FaceAll,None: n_random_points=30 nb_inst_per_class=30,30,30,Rsast,None
7,0.7822485207100591,1.8599460124969482,0.14209508895874023,0.23259782791137695,1.2137579917907715,0.2653965950012207,FaceAll,None: n_random_points=30 nb_inst_per_class=50,30,50,Rsast,None
