,accuracy,time,cweights_time,fsubsequence_time,tdataset_time,tclassifier_time,dataset_name,classifier_name,rpoint,nb_per_class,method,len_method
0,0.99,16.08139133453369,0.06047248840332031,15.95104169845581,0.06149864196777344,0.007799863815307617,Trace,Max PACF: n_random_points=10 nb_inst_per_class=30,10,30,Rsast,Max PACF
1,0.99,15.894178867340088,0.06036710739135742,15.770391464233398,0.05766725540161133,0.005123138427734375,Trace,Max PACF: n_random_points=10 nb_inst_per_class=50,10,50,Rsast,Max PACF
2,1.0,15.94770336151123,0.05995893478393555,15.709920167922974,0.16466522216796875,0.011826753616333008,Trace,Max PACF: n_random_points=30 nb_inst_per_class=30,30,30,Rsast,Max PACF
3,1.0,16.81949543952942,0.08012747764587402,16.559433460235596,0.16539502143859863,0.012362957000732422,Trace,Max PACF: n_random_points=30 nb_inst_per_class=50,30,50,Rsast,Max PACF
4,1.0,0.13804888725280762,0.059617042541503906,0.01793503761291504,0.05297994613647461,0.006356477737426758,Trace,None: n_random_points=10 nb_inst_per_class=30,10,30,Rsast,None
5,1.0,0.13937044143676758,0.06250238418579102,0.01883673667907715,0.05124711990356445,0.00634002685546875,Trace,None: n_random_points=10 nb_inst_per_class=50,10,50,Rsast,None
6,1.0,0.23982620239257812,0.07892394065856934,0.03699755668640137,0.11200785636901855,0.011170148849487305,Trace,None: n_random_points=30 nb_inst_per_class=30,30,30,Rsast,None
7,1.0,0.22403240203857422,0.060198307037353516,0.028531789779663086,0.12006759643554688,0.012590169906616211,Trace,None: n_random_points=30 nb_inst_per_class=50,30,50,Rsast,None
