,accuracy,time,cweights_time,fsubsequence_time,tdataset_time,tclassifier_time,dataset_name,classifier_name,rpoint,nb_per_class,method,len_method
0,0.60431654676259,1.0664901733398438,0.024689912796020508,0.9400839805603027,0.06659269332885742,0.03338932991027832,DistalPhalanxTW,Max PACF: n_random_points=10 nb_inst_per_class=30,10,30,Rsast,Max PACF
1,0.5971223021582733,1.57464599609375,0.03059983253479004,1.418961763381958,0.07539749145507812,0.048140525817871094,DistalPhalanxTW,Max PACF: n_random_points=10 nb_inst_per_class=50,10,50,Rsast,Max PACF
2,0.5971223021582733,1.3067021369934082,0.0306398868560791,1.0529754161834717,0.16640853881835938,0.05490922927856445,DistalPhalanxTW,Max PACF: n_random_points=30 nb_inst_per_class=30,30,30,Rsast,Max PACF
3,0.5755395683453237,1.5461640357971191,0.024871110916137695,1.2516741752624512,0.1979517936706543,0.06819963455200195,DistalPhalanxTW,Max PACF: n_random_points=30 nb_inst_per_class=50,30,50,Rsast,Max PACF
4,0.6546762589928058,0.14040541648864746,0.02494955062866211,0.025208234786987305,0.053420305252075195,0.03398942947387695,DistalPhalanxTW,None: n_random_points=10 nb_inst_per_class=30,10,30,Rsast,None
5,0.6474820143884892,0.15720844268798828,0.02463054656982422,0.03159666061401367,0.06740951538085938,0.032679080963134766,DistalPhalanxTW,None: n_random_points=10 nb_inst_per_class=50,10,50,Rsast,None
6,0.6115107913669064,0.28209424018859863,0.03432154655456543,0.0495305061340332,0.13977575302124023,0.05666494369506836,DistalPhalanxTW,None: n_random_points=30 nb_inst_per_class=30,30,30,Rsast,None
7,0.6402877697841727,0.3085188865661621,0.034211158752441406,0.0609278678894043,0.15502119064331055,0.055538177490234375,DistalPhalanxTW,None: n_random_points=30 nb_inst_per_class=50,30,50,Rsast,None
