,accuracy,time,cweights_time,fsubsequence_time,tdataset_time,tclassifier_time,dataset_name,classifier_name,rpoint,nb_per_class,method,len_method
0,0.5,1.1860573291778564,0.030368328094482422,1.045072317123413,0.07027435302734375,0.03768730163574219,MiddlePhalanxTW,Max PACF: n_random_points=10 nb_inst_per_class=30,10,30,Rsast,Max PACF
1,0.538961038961039,1.6025941371917725,0.025362730026245117,1.4218945503234863,0.09610605239868164,0.057233572006225586,MiddlePhalanxTW,Max PACF: n_random_points=10 nb_inst_per_class=50,10,50,Rsast,Max PACF
2,0.525974025974026,1.6336448192596436,0.0350496768951416,1.3423845767974854,0.17142319679260254,0.08127093315124512,MiddlePhalanxTW,Max PACF: n_random_points=30 nb_inst_per_class=30,30,30,Rsast,Max PACF
3,0.525974025974026,2.0561788082122803,0.030439376831054688,1.7209587097167969,0.23717236518859863,0.06436038017272949,MiddlePhalanxTW,Max PACF: n_random_points=30 nb_inst_per_class=50,30,50,Rsast,Max PACF
4,0.525974025974026,0.15308213233947754,0.03338909149169922,0.027126312255859375,0.0567622184753418,0.03281974792480469,MiddlePhalanxTW,None: n_random_points=10 nb_inst_per_class=30,10,30,Rsast,None
5,0.551948051948052,0.18565893173217773,0.024873018264770508,0.03851938247680664,0.08673620223999023,0.034525394439697266,MiddlePhalanxTW,None: n_random_points=10 nb_inst_per_class=50,10,50,Rsast,None
6,0.4935064935064935,0.26880788803100586,0.025270700454711914,0.038419485092163086,0.15532302856445312,0.048145294189453125,MiddlePhalanxTW,None: n_random_points=30 nb_inst_per_class=30,30,30,Rsast,None
7,0.4805194805194805,0.31917524337768555,0.025252103805541992,0.05276679992675781,0.17588281631469727,0.06255722045898438,MiddlePhalanxTW,None: n_random_points=30 nb_inst_per_class=50,30,50,Rsast,None
