,accuracy,time,cweights_time,fsubsequence_time,tdataset_time,tclassifier_time,dataset_name,classifier_name,rpoint,nb_per_class,method,len_method
0,0.9339164237123421,0.05152606964111328,0.003935337066650391,0.04238557815551758,0.0023603439331054688,0.002475738525390625,ItalyPowerDemand,Max PACF: n_random_points=10 nb_inst_per_class=30,10,30,Rsast,Max PACF
1,0.9475218658892128,0.058022260665893555,0.004210472106933594,0.04772210121154785,0.003199338912963867,0.0025374889373779297,ItalyPowerDemand,Max PACF: n_random_points=10 nb_inst_per_class=50,10,50,Rsast,Max PACF
2,0.9378036929057337,0.05539727210998535,0.00413966178894043,0.04490804672241211,0.003231525421142578,0.002763509750366211,ItalyPowerDemand,Max PACF: n_random_points=30 nb_inst_per_class=30,30,30,Rsast,Max PACF
3,0.9436345966958212,0.07252097129821777,0.004983663558959961,0.05954480171203613,0.003178834915161133,0.004358530044555664,ItalyPowerDemand,Max PACF: n_random_points=30 nb_inst_per_class=50,30,50,Rsast,Max PACF
4,0.93488824101069,0.037416934967041016,0.003954410552978516,0.009190559387207031,0.021503210067749023,0.00240325927734375,ItalyPowerDemand,None: n_random_points=10 nb_inst_per_class=30,10,30,Rsast,None
5,0.9436345966958212,0.019156455993652344,0.003894329071044922,0.00974893569946289,0.002130746841430664,0.0030586719512939453,ItalyPowerDemand,None: n_random_points=10 nb_inst_per_class=50,10,50,Rsast,None
6,0.9533527696793003,0.03863120079040527,0.005320072174072266,0.013209342956542969,0.015934228897094727,0.003503084182739258,ItalyPowerDemand,None: n_random_points=30 nb_inst_per_class=30,30,30,Rsast,None
7,0.9552964042759962,0.027764320373535156,0.0049822330474853516,0.015270471572875977,0.0028562545776367188,0.004210472106933594,ItalyPowerDemand,None: n_random_points=30 nb_inst_per_class=50,30,50,Rsast,None
