,accuracy,time,cweights_time,fsubsequence_time,tdataset_time,tclassifier_time,dataset_name,classifier_name,rpoint,nb_per_class,method,len_method
0,0.7080729166666667,4.217714786529541,0.05289793014526367,4.013280868530273,0.10657668113708496,0.04299640655517578,ChlorineConcentration,Max PACF: n_random_points=10 nb_inst_per_class=30,10,30,Rsast,Max PACF
1,0.70703125,7.953387022018433,0.04311180114746094,7.712282419204712,0.15353059768676758,0.04354119300842285,ChlorineConcentration,Max PACF: n_random_points=10 nb_inst_per_class=50,10,50,Rsast,Max PACF
2,0.7190104166666667,4.4278717041015625,0.04312705993652344,4.090664386749268,0.23529624938964844,0.057539939880371094,ChlorineConcentration,Max PACF: n_random_points=30 nb_inst_per_class=30,30,30,Rsast,Max PACF
3,0.7453125,6.589511394500732,0.05859255790710449,6.12684965133667,0.3428065776824951,0.059229135513305664,ChlorineConcentration,Max PACF: n_random_points=30 nb_inst_per_class=50,30,50,Rsast,Max PACF
4,0.7270833333333333,0.20380806922912598,0.05079174041748047,0.015340805053710938,0.09447765350341797,0.041385650634765625,ChlorineConcentration,None: n_random_points=10 nb_inst_per_class=30,10,30,Rsast,None
5,0.7333333333333333,0.30852627754211426,0.06807541847229004,0.04111981391906738,0.14169859886169434,0.056493282318115234,ChlorineConcentration,None: n_random_points=10 nb_inst_per_class=50,10,50,Rsast,None
6,0.74765625,0.4116673469543457,0.07408380508422852,0.040384769439697266,0.228041410446167,0.06768679618835449,ChlorineConcentration,None: n_random_points=30 nb_inst_per_class=30,30,30,Rsast,None
7,0.7729166666666667,0.5239810943603516,0.0693063735961914,0.061742305755615234,0.3248460292816162,0.06617903709411621,ChlorineConcentration,None: n_random_points=30 nb_inst_per_class=50,30,50,Rsast,None
