,accuracy,time,cweights_time,fsubsequence_time,tdataset_time,tclassifier_time,dataset_name,classifier_name,rpoint,nb_per_class,method,len_method
0,0.9822222222222222,0.6267087459564209,0.02884960174560547,0.592033863067627,0.0032815933227539062,0.0020961761474609375,CBF,Max PACF: n_random_points=10 nb_inst_per_class=30,10,30,Rsast,Max PACF
1,0.9888888888888889,0.6445193290710449,0.02895069122314453,0.6093928813934326,0.003658771514892578,0.002099752426147461,CBF,Max PACF: n_random_points=10 nb_inst_per_class=50,10,50,Rsast,Max PACF
2,0.9911111111111112,0.7618038654327393,0.022186756134033203,0.7254338264465332,0.010954856872558594,0.0028073787689208984,CBF,Max PACF: n_random_points=30 nb_inst_per_class=30,30,30,Rsast,Max PACF
3,0.99,0.6355793476104736,0.022133588790893555,0.6038870811462402,0.0067517757415771484,0.0023789405822753906,CBF,Max PACF: n_random_points=30 nb_inst_per_class=50,30,50,Rsast,Max PACF
4,0.9688888888888889,0.03336501121520996,0.02213001251220703,0.004831790924072266,0.003600597381591797,0.0023932456970214844,CBF,None: n_random_points=10 nb_inst_per_class=30,10,30,Rsast,None
5,0.93,0.03206038475036621,0.02292799949645996,0.0048863887786865234,0.002047300338745117,0.0018897056579589844,CBF,None: n_random_points=10 nb_inst_per_class=50,10,50,Rsast,None
6,0.9777777777777777,0.03703451156616211,0.022066116333007812,0.0067255496978759766,0.005321502685546875,0.0026121139526367188,CBF,None: n_random_points=30 nb_inst_per_class=30,30,30,Rsast,None
7,0.9377777777777778,0.03636908531188965,0.0225217342376709,0.006731510162353516,0.004688739776611328,0.0020656585693359375,CBF,None: n_random_points=30 nb_inst_per_class=50,30,50,Rsast,None
