,accuracy,time,cweights_time,fsubsequence_time,tdataset_time,tclassifier_time,dataset_name,classifier_name,rpoint,nb_per_class,method,len_method
0,0.8803777544596013,0.12282657623291016,0.012834310531616211,0.10057997703552246,0.006026029586791992,0.0029065608978271484,SonyAIBORobotSurface2,Max PACF: n_random_points=10 nb_inst_per_class=30,10,30,Rsast,Max PACF
1,0.8856243441762854,0.11747980117797852,0.013168811798095703,0.09940719604492188,0.0023131370544433594,0.0021126270294189453,SonyAIBORobotSurface2,Max PACF: n_random_points=10 nb_inst_per_class=50,10,50,Rsast,Max PACF
2,0.881427072402938,0.11453652381896973,0.01174473762512207,0.09738397598266602,0.003138303756713867,0.0018558502197265625,SonyAIBORobotSurface2,Max PACF: n_random_points=30 nb_inst_per_class=30,30,30,Rsast,Max PACF
3,0.8898216159496327,0.10634851455688477,0.00971674919128418,0.08490443229675293,0.008794784545898438,0.002562284469604492,SonyAIBORobotSurface2,Max PACF: n_random_points=30 nb_inst_per_class=50,30,50,Rsast,Max PACF
4,0.8656873032528857,0.018783092498779297,0.010607004165649414,0.0041522979736328125,0.002056121826171875,0.0016181468963623047,SonyAIBORobotSurface2,None: n_random_points=10 nb_inst_per_class=30,10,30,Rsast,None
5,0.8824763903462749,0.023729324340820312,0.012958526611328125,0.005898714065551758,0.0018334388732910156,0.0024378299713134766,SonyAIBORobotSurface2,None: n_random_points=10 nb_inst_per_class=50,10,50,Rsast,None
6,0.8604407135362014,0.025982141494750977,0.01242971420288086,0.008106231689453125,0.002868175506591797,0.0021691322326660156,SonyAIBORobotSurface2,None: n_random_points=30 nb_inst_per_class=30,30,30,Rsast,None
7,0.8625393494228751,0.025342702865600586,0.012485504150390625,0.00777745246887207,0.0023453235626220703,0.002287626266479492,SonyAIBORobotSurface2,None: n_random_points=30 nb_inst_per_class=50,30,50,Rsast,None
