,accuracy,time,cweights_time,fsubsequence_time,tdataset_time,tclassifier_time,dataset_name,classifier_name,rpoint,nb_per_class,method,len_method
0,0.5333333333333333,26.11630868911743,0.13166522979736328,25.96185302734375,0.01901412010192871,0.0032112598419189453,Beef,Max PACF: n_random_points=10 nb_inst_per_class=30,10,30,Rsast,Max PACF
1,0.7666666666666667,22.027601957321167,0.11013460159301758,21.895159006118774,0.018726587295532227,0.003052949905395508,Beef,Max PACF: n_random_points=10 nb_inst_per_class=50,10,50,Rsast,Max PACF
2,0.6666666666666666,22.1447274684906,0.10954141616821289,21.983123302459717,0.04748868942260742,0.003983259201049805,Beef,Max PACF: n_random_points=30 nb_inst_per_class=30,30,30,Rsast,Max PACF
3,0.6666666666666666,22.106661558151245,0.1087031364440918,21.947783946990967,0.04495120048522949,0.004433870315551758,Beef,Max PACF: n_random_points=30 nb_inst_per_class=50,30,50,Rsast,Max PACF
4,0.7,0.1566636562347412,0.11163520812988281,0.0077419281005859375,0.02295851707458496,0.013597249984741211,Beef,None: n_random_points=10 nb_inst_per_class=30,10,30,Rsast,None
5,0.7,0.1350541114807129,0.11009931564331055,0.007332801818847656,0.014794349670410156,0.0024340152740478516,Beef,None: n_random_points=10 nb_inst_per_class=50,10,50,Rsast,None
6,0.6333333333333333,0.1592855453491211,0.1112060546875,0.010151863098144531,0.033943891525268555,0.003469705581665039,Beef,None: n_random_points=30 nb_inst_per_class=30,30,30,Rsast,None
7,0.7333333333333333,0.1623995304107666,0.11354517936706543,0.010391712188720703,0.03467559814453125,0.0030062198638916016,Beef,None: n_random_points=30 nb_inst_per_class=50,30,50,Rsast,None
