,accuracy,time,cweights_time,fsubsequence_time,tdataset_time,tclassifier_time,dataset_name,classifier_name,rpoint,nb_per_class,method,len_method
0,0.564935064935065,0.5975420475006104,0.018004655838012695,0.5057146549224854,0.042555809020996094,0.029667377471923828,MiddlePhalanxOutlineAgeGroup,Max PACF: n_random_points=10 nb_inst_per_class=30,10,30,Rsast,Max PACF
1,0.5844155844155844,0.9529333114624023,0.017581701278686523,0.8213748931884766,0.07662367820739746,0.03676581382751465,MiddlePhalanxOutlineAgeGroup,Max PACF: n_random_points=10 nb_inst_per_class=50,10,50,Rsast,Max PACF
2,0.5584415584415584,0.689366340637207,0.017582416534423828,0.5142498016357422,0.10990166664123535,0.046816110610961914,MiddlePhalanxOutlineAgeGroup,Max PACF: n_random_points=30 nb_inst_per_class=30,30,30,Rsast,Max PACF
3,0.5584415584415584,1.1451776027679443,0.017834186553955078,0.8810391426086426,0.1727006435394287,0.07181668281555176,MiddlePhalanxOutlineAgeGroup,Max PACF: n_random_points=30 nb_inst_per_class=50,30,50,Rsast,Max PACF
4,0.5454545454545454,0.09726572036743164,0.017888307571411133,0.013610124588012695,0.034538984298706055,0.02918553352355957,MiddlePhalanxOutlineAgeGroup,None: n_random_points=10 nb_inst_per_class=30,10,30,Rsast,None
5,0.564935064935065,0.12673282623291016,0.017571687698364258,0.022635698318481445,0.05466198921203613,0.03131580352783203,MiddlePhalanxOutlineAgeGroup,None: n_random_points=10 nb_inst_per_class=50,10,50,Rsast,None
6,0.5,0.16964435577392578,0.01757526397705078,0.019429683685302734,0.09115123748779297,0.04079771041870117,MiddlePhalanxOutlineAgeGroup,None: n_random_points=30 nb_inst_per_class=30,30,30,Rsast,None
7,0.525974025974026,0.24785709381103516,0.022064924240112305,0.039708852767944336,0.12937211990356445,0.054975271224975586,MiddlePhalanxOutlineAgeGroup,None: n_random_points=30 nb_inst_per_class=50,30,50,Rsast,None
