,accuracy,time,cweights_time,fsubsequence_time,tdataset_time,tclassifier_time,dataset_name,classifier_name,rpoint,nb_per_class,method,len_method
0,0.6238244514106583,44.60858488082886,0.24332618713378906,44.07032513618469,0.2688634395599365,0.023629426956176758,WordSynonyms,Max PACF: n_random_points=10 nb_inst_per_class=30,10,30,Rsast,Max PACF
1,0.6191222570532915,51.51241087913513,0.22106075286865234,50.966933250427246,0.3001265525817871,0.022686004638671875,WordSynonyms,Max PACF: n_random_points=10 nb_inst_per_class=50,10,50,Rsast,Max PACF
2,0.6426332288401254,41.957233905792236,0.222520112991333,40.97431254386902,0.7101635932922363,0.04826807975769043,WordSynonyms,Max PACF: n_random_points=30 nb_inst_per_class=30,30,30,Rsast,Max PACF
3,0.6426332288401254,40.417344093322754,0.24503159523010254,39.31257629394531,0.8082878589630127,0.04825615882873535,WordSynonyms,Max PACF: n_random_points=30 nb_inst_per_class=50,30,50,Rsast,Max PACF
4,0.670846394984326,0.6392440795898438,0.26876378059387207,0.05011916160583496,0.2911062240600586,0.026937246322631836,WordSynonyms,None: n_random_points=10 nb_inst_per_class=30,10,30,Rsast,None
5,0.6692789968652038,0.849292516708374,0.3929452896118164,0.07763051986694336,0.3399696350097656,0.03702545166015625,WordSynonyms,None: n_random_points=10 nb_inst_per_class=50,10,50,Rsast,None
6,0.6865203761755486,1.3995018005371094,0.3863508701324463,0.10369467735290527,0.860600471496582,0.046288251876831055,WordSynonyms,None: n_random_points=30 nb_inst_per_class=30,30,30,Rsast,None
7,0.6818181818181818,1.5104751586914062,0.40323662757873535,0.12152218818664551,0.9323556423187256,0.05016326904296875,WordSynonyms,None: n_random_points=30 nb_inst_per_class=50,30,50,Rsast,None
