,accuracy,time,cweights_time,fsubsequence_time,tdataset_time,tclassifier_time,dataset_name,classifier_name,rpoint,nb_per_class,method,len_method
0,0.7822485207100591,9.310037612915039,0.09525465965270996,8.807976007461548,0.2968924045562744,0.10434341430664062,FaceAll,Max PACF: n_random_points=10 nb_inst_per_class=30,10,30,Rsast,Max PACF
1,0.7775147928994083,12.052725076675415,0.09832882881164551,11.468368768692017,0.37795257568359375,0.10462474822998047,FaceAll,Max PACF: n_random_points=10 nb_inst_per_class=50,10,50,Rsast,Max PACF
2,0.7798816568047338,9.942402362823486,0.07707571983337402,8.975873470306396,0.7038469314575195,0.17923879623413086,FaceAll,Max PACF: n_random_points=30 nb_inst_per_class=30,30,30,Rsast,Max PACF
3,0.7757396449704143,13.363648891448975,0.17774629592895508,12.044470310211182,0.8968029022216797,0.2323589324951172,FaceAll,Max PACF: n_random_points=30 nb_inst_per_class=50,30,50,Rsast,Max PACF
4,0.7633136094674556,0.5674681663513184,0.13420915603637695,0.07687783241271973,0.25058794021606445,0.09970617294311523,FaceAll,None: n_random_points=10 nb_inst_per_class=30,10,30,Rsast,None
5,0.7751479289940828,0.8657803535461426,0.1539161205291748,0.12059497833251953,0.43056583404541016,0.15713882446289062,FaceAll,None: n_random_points=10 nb_inst_per_class=50,10,50,Rsast,None
6,0.7781065088757396,1.5170633792877197,0.1362454891204834,0.17792034149169922,0.9649410247802734,0.2337050437927246,FaceAll,None: n_random_points=30 nb_inst_per_class=30,30,30,Rsast,None
7,0.7792899408284024,1.8845536708831787,0.12406611442565918,0.23508787155151367,1.2363955974578857,0.2797839641571045,FaceAll,None: n_random_points=30 nb_inst_per_class=50,30,50,Rsast,None
