,accuracy,time,cweights_time,fsubsequence_time,tdataset_time,tclassifier_time,dataset_name,classifier_name,rpoint,nb_per_class,method,len_method
0,0.512987012987013,1.3010575771331787,0.031073570251464844,1.1649503707885742,0.06833291053771973,0.03373861312866211,MiddlePhalanxTW,Max PACF: n_random_points=10 nb_inst_per_class=30,10,30,Rsast,Max PACF
1,0.5324675324675324,1.6412127017974854,0.024937868118286133,1.4683711528778076,0.08812952041625977,0.058347225189208984,MiddlePhalanxTW,Max PACF: n_random_points=10 nb_inst_per_class=50,10,50,Rsast,Max PACF
2,0.5194805194805194,1.3343946933746338,0.026483774185180664,1.0673236846923828,0.17531418800354004,0.061820268630981445,MiddlePhalanxTW,Max PACF: n_random_points=30 nb_inst_per_class=30,30,30,Rsast,Max PACF
3,0.512987012987013,2.063786268234253,0.03406381607055664,1.665010690689087,0.24994134902954102,0.11083602905273438,MiddlePhalanxTW,Max PACF: n_random_points=30 nb_inst_per_class=50,30,50,Rsast,Max PACF
4,0.512987012987013,0.17337536811828613,0.03468489646911621,0.03538012504577637,0.062474966049194336,0.03758597373962402,MiddlePhalanxTW,None: n_random_points=10 nb_inst_per_class=30,10,30,Rsast,None
5,0.487012987012987,0.21549534797668457,0.034748077392578125,0.051471710205078125,0.08981966972351074,0.03839421272277832,MiddlePhalanxTW,None: n_random_points=10 nb_inst_per_class=50,10,50,Rsast,None
6,0.5064935064935064,0.28635668754577637,0.03553938865661621,0.053922176361083984,0.1387195587158203,0.05601048469543457,MiddlePhalanxTW,None: n_random_points=30 nb_inst_per_class=30,30,30,Rsast,None
7,0.4935064935064935,0.346649169921875,0.03461909294128418,0.07325196266174316,0.17626738548278809,0.05894613265991211,MiddlePhalanxTW,None: n_random_points=30 nb_inst_per_class=50,30,50,Rsast,None
