,accuracy,time,cweights_time,fsubsequence_time,tdataset_time,tclassifier_time,dataset_name,classifier_name,rpoint,nb_per_class,method,len_method
0,0.5038363171355499,17.897249460220337,0.34386682510375977,17.21079730987549,0.2963266372680664,0.042502403259277344,Adiac,Max PACF: n_random_points=10 nb_inst_per_class=30,10,30,Rsast,Max PACF
1,0.5012787723785166,17.593705654144287,0.21054816246032715,17.04872441291809,0.29035472869873047,0.04209494590759277,Adiac,Max PACF: n_random_points=10 nb_inst_per_class=50,10,50,Rsast,Max PACF
2,0.5115089514066496,17.905266523361206,0.21216511726379395,16.877816200256348,0.7187352180480957,0.09324288368225098,Adiac,Max PACF: n_random_points=30 nb_inst_per_class=30,30,30,Rsast,Max PACF
3,0.4936061381074169,18.29780912399292,0.2106947898864746,17.225954055786133,0.7659728527069092,0.09121227264404297,Adiac,Max PACF: n_random_points=30 nb_inst_per_class=50,30,50,Rsast,Max PACF
4,0.6214833759590793,0.7059900760650635,0.25544285774230957,0.07426571846008301,0.3197939395904541,0.05163931846618652,Adiac,None: n_random_points=10 nb_inst_per_class=30,10,30,Rsast,None
5,0.6419437340153452,0.8475399017333984,0.3502657413482666,0.11174273490905762,0.32385730743408203,0.0587007999420166,Adiac,None: n_random_points=10 nb_inst_per_class=50,10,50,Rsast,None
6,0.6445012787723785,1.569577693939209,0.35270071029663086,0.15627360343933105,0.9300181865692139,0.126326322555542,Adiac,None: n_random_points=30 nb_inst_per_class=30,30,30,Rsast,None
7,0.649616368286445,1.5322909355163574,0.39719438552856445,0.17127513885498047,0.8646256923675537,0.09338116645812988,Adiac,None: n_random_points=30 nb_inst_per_class=50,30,50,Rsast,None
