,accuracy,time,cweights_time,fsubsequence_time,tdataset_time,tclassifier_time,dataset_name,classifier_name,rpoint,nb_per_class,method,len_method
0,0.6453118921021916,42.696861267089844,0.2844562530517578,2.4840755462646484,1.3528387546539307,38.56296253204346,ElectricDevices,Max PACF: n_random_points=10 nb_inst_per_class=30,10,30,Rsast,Max PACF
1,0.6431072493839969,76.71409249305725,0.15958499908447266,3.2274835109710693,2.0449297428131104,71.27021718025208,ElectricDevices,Max PACF: n_random_points=10 nb_inst_per_class=50,10,50,Rsast,Max PACF
2,0.6374011152898457,312.28238129615784,0.1978759765625,2.131397008895874,3.4708590507507324,306.461462020874,ElectricDevices,Max PACF: n_random_points=30 nb_inst_per_class=30,30,30,Rsast,Max PACF
3,0.41680715860459083,61.60429120063782,0.2169482707977295,3.556274175643921,6.0204761028289795,51.77669930458069,ElectricDevices,Max PACF: n_random_points=30 nb_inst_per_class=50,30,50,Rsast,Max PACF
4,0.6379198547529503,38.324678897857666,0.19142365455627441,0.038695335388183594,1.5242390632629395,36.561569929122925,ElectricDevices,None: n_random_points=10 nb_inst_per_class=30,10,30,Rsast,None
5,0.6545195175722993,63.39216732978821,0.16129088401794434,0.057649850845336914,1.8147528171539307,61.34682655334473,ElectricDevices,None: n_random_points=10 nb_inst_per_class=50,10,50,Rsast,None
6,0.6482946440150434,218.26169872283936,0.18209290504455566,0.049256086349487305,2.7910473346710205,215.22155904769897,ElectricDevices,None: n_random_points=30 nb_inst_per_class=30,30,30,Rsast,None
7,0.6492024380754766,573.6279528141022,0.17386507987976074,0.07886862754821777,4.731010913848877,568.6161026954651,ElectricDevices,None: n_random_points=30 nb_inst_per_class=50,30,50,Rsast,None
