,accuracy,time,cweights_time,fsubsequence_time,tdataset_time,tclassifier_time,dataset_name,classifier_name,rpoint,nb_per_class,method,len_method
0,0.99,17.74002432823181,0.05982375144958496,17.61187195777893,0.05950331687927246,0.00781393051147461,Trace,Max PACF: n_random_points=10 nb_inst_per_class=30,10,30,Rsast,Max PACF
1,1.0,17.147247552871704,0.05991387367248535,17.004515171051025,0.07354283332824707,0.008522510528564453,Trace,Max PACF: n_random_points=10 nb_inst_per_class=50,10,50,Rsast,Max PACF
2,0.99,16.294256687164307,0.07323670387268066,16.044655561447144,0.16237878799438477,0.012145280838012695,Trace,Max PACF: n_random_points=30 nb_inst_per_class=30,30,30,Rsast,Max PACF
3,1.0,17.091615915298462,0.08116030693054199,16.83327341079712,0.16204118728637695,0.011584043502807617,Trace,Max PACF: n_random_points=30 nb_inst_per_class=50,30,50,Rsast,Max PACF
4,1.0,0.13790249824523926,0.06029033660888672,0.0183868408203125,0.04921579360961914,0.007860183715820312,Trace,None: n_random_points=10 nb_inst_per_class=30,10,30,Rsast,None
5,1.0,0.14868593215942383,0.07155179977416992,0.018941640853881836,0.05128002166748047,0.006358623504638672,Trace,None: n_random_points=10 nb_inst_per_class=50,10,50,Rsast,None
6,1.0,0.22003412246704102,0.05996298789978027,0.02637648582458496,0.1228337287902832,0.010250329971313477,Trace,None: n_random_points=30 nb_inst_per_class=30,30,30,Rsast,None
7,1.0,0.25457119941711426,0.08269691467285156,0.037393808364868164,0.12134408950805664,0.012185811996459961,Trace,None: n_random_points=30 nb_inst_per_class=50,30,50,Rsast,None
