,accuracy,time,cweights_time,fsubsequence_time,tdataset_time,tclassifier_time,dataset_name,classifier_name,rpoint,nb_per_class,method,len_method
0,0.9354838709677419,2.051129102706909,0.050211191177368164,1.9948947429656982,0.0031363964080810547,0.002499103546142578,Fungi,Max PACF: n_random_points=10 nb_inst_per_class=30,10,30,Rsast,Max PACF
1,0.9354838709677419,2.115518808364868,0.05011940002441406,2.0157265663146973,0.03482627868652344,0.014242172241210938,Fungi,Max PACF: n_random_points=10 nb_inst_per_class=50,10,50,Rsast,Max PACF
2,0.9516129032258065,2.023135185241699,0.08712410926818848,1.9283018112182617,0.004366636276245117,0.002689361572265625,Fungi,Max PACF: n_random_points=30 nb_inst_per_class=30,30,30,Rsast,Max PACF
3,0.9408602150537635,1.9474148750305176,0.05232357978820801,1.879847764968872,0.010381937026977539,0.00432896614074707,Fungi,Max PACF: n_random_points=30 nb_inst_per_class=50,30,50,Rsast,Max PACF
4,0.8440860215053764,0.06484651565551758,0.050398826599121094,0.0036056041717529297,0.007842779159545898,0.002596139907836914,Fungi,None: n_random_points=10 nb_inst_per_class=30,10,30,Rsast,None
5,0.8602150537634409,0.058309078216552734,0.050093889236450195,0.00351715087890625,0.002424955368041992,0.001905679702758789,Fungi,None: n_random_points=10 nb_inst_per_class=50,10,50,Rsast,None
6,0.8817204301075269,0.0621485710144043,0.050041913986206055,0.0057299137115478516,0.0038661956787109375,0.0020647048950195312,Fungi,None: n_random_points=30 nb_inst_per_class=30,30,30,Rsast,None
7,0.8978494623655914,0.06266903877258301,0.04973936080932617,0.005275726318359375,0.004763603210449219,0.00244903564453125,Fungi,None: n_random_points=30 nb_inst_per_class=50,30,50,Rsast,None
