,accuracy,time,cweights_time,fsubsequence_time,tdataset_time,tclassifier_time,dataset_name,classifier_name,rpoint,nb_per_class,method,len_method
0,1.0,14.76125168800354,0.06942987442016602,14.676809787750244,0.010468006134033203,0.0039691925048828125,FaceFour,Max PACF: n_random_points=10 nb_inst_per_class=30,10,30,Rsast,Max PACF
1,1.0,15.189089298248291,0.06998467445373535,15.107037544250488,0.008251667022705078,0.003273487091064453,FaceFour,Max PACF: n_random_points=10 nb_inst_per_class=50,10,50,Rsast,Max PACF
2,1.0,15.617120742797852,0.06964397430419922,15.525015115737915,0.017563819885253906,0.0038781166076660156,FaceFour,Max PACF: n_random_points=30 nb_inst_per_class=30,30,30,Rsast,Max PACF
3,1.0,14.988712549209595,0.07051539421081543,14.892799615859985,0.019066572189331055,0.005352497100830078,FaceFour,Max PACF: n_random_points=30 nb_inst_per_class=50,30,50,Rsast,Max PACF
4,0.9772727272727273,0.10212922096252441,0.07024931907653809,0.005284786224365234,0.02387547492980957,0.0022132396697998047,FaceFour,None: n_random_points=10 nb_inst_per_class=30,10,30,Rsast,None
5,1.0,0.09513282775878906,0.08166074752807617,0.005003213882446289,0.005513906478881836,0.002210378646850586,FaceFour,None: n_random_points=10 nb_inst_per_class=50,10,50,Rsast,None
6,1.0,0.09320974349975586,0.06916236877441406,0.006850242614746094,0.014029502868652344,0.0027632713317871094,FaceFour,None: n_random_points=30 nb_inst_per_class=30,30,30,Rsast,None
7,1.0,0.10443997383117676,0.06882095336914062,0.007349729537963867,0.025441408157348633,0.0024411678314208984,FaceFour,None: n_random_points=30 nb_inst_per_class=50,30,50,Rsast,None
