,accuracy,time,cweights_time,fsubsequence_time,tdataset_time,tclassifier_time,dataset_name,classifier_name,rpoint,nb_per_class,method,len_method
0,0.7536231884057971,4.146103143692017,0.043092966079711914,4.096796274185181,0.003922224044799805,0.0019309520721435547,DodgerLoopGame,Max PACF: n_random_points=10 nb_inst_per_class=30,10,30,Rsast,Max PACF
1,0.7971014492753623,4.2377307415008545,0.04246187210083008,4.188650131225586,0.004384517669677734,0.001874685287475586,DodgerLoopGame,Max PACF: n_random_points=10 nb_inst_per_class=50,10,50,Rsast,Max PACF
2,0.8043478260869565,4.232877016067505,0.042407989501953125,4.1773481369018555,0.010625600814819336,0.0020475387573242188,DodgerLoopGame,Max PACF: n_random_points=30 nb_inst_per_class=30,30,30,Rsast,Max PACF
3,0.8043478260869565,4.21539044380188,0.04268646240234375,4.1585142612457275,0.011459112167358398,0.002228260040283203,DodgerLoopGame,Max PACF: n_random_points=30 nb_inst_per_class=50,30,50,Rsast,Max PACF
4,0.8043478260869565,0.05275583267211914,0.042841196060180664,0.003843545913696289,0.003857851028442383,0.0018434524536132812,DodgerLoopGame,None: n_random_points=10 nb_inst_per_class=30,10,30,Rsast,None
5,0.7318840579710145,0.06673312187194824,0.05477404594421387,0.005694150924682617,0.0039386749267578125,0.0019648075103759766,DodgerLoopGame,None: n_random_points=10 nb_inst_per_class=50,10,50,Rsast,None
6,0.8260869565217391,0.0722808837890625,0.054509878158569336,0.00711369514465332,0.007914066314697266,0.002324342727661133,DodgerLoopGame,None: n_random_points=30 nb_inst_per_class=30,30,30,Rsast,None
7,0.8623188405797102,0.07265186309814453,0.05501866340637207,0.007884025573730469,0.007328510284423828,0.0020055770874023438,DodgerLoopGame,None: n_random_points=30 nb_inst_per_class=50,30,50,Rsast,None
