,accuracy,time,cweights_time,fsubsequence_time,tdataset_time,tclassifier_time,dataset_name,classifier_name,rpoint,nb_per_class,method,len_method
0,0.5454545454545454,0.582500696182251,0.01787710189819336,0.49838972091674805,0.034398555755615234,0.029605388641357422,MiddlePhalanxOutlineAgeGroup,Max PACF: n_random_points=10 nb_inst_per_class=30,10,30,Rsast,Max PACF
1,0.551948051948052,0.9687089920043945,0.017799854278564453,0.8513278961181641,0.059737443923950195,0.039276123046875,MiddlePhalanxOutlineAgeGroup,Max PACF: n_random_points=10 nb_inst_per_class=50,10,50,Rsast,Max PACF
2,0.5454545454545454,0.710857629776001,0.01766657829284668,0.5356390476226807,0.10314583778381348,0.05356168746948242,MiddlePhalanxOutlineAgeGroup,Max PACF: n_random_points=30 nb_inst_per_class=30,30,30,Rsast,Max PACF
3,0.5584415584415584,1.1212468147277832,0.01823258399963379,0.8812315464019775,0.15889859199523926,0.06100106239318848,MiddlePhalanxOutlineAgeGroup,Max PACF: n_random_points=30 nb_inst_per_class=50,30,50,Rsast,Max PACF
4,0.5,0.1121666431427002,0.0235288143157959,0.01842951774597168,0.03459668159484863,0.03326773643493652,MiddlePhalanxOutlineAgeGroup,None: n_random_points=10 nb_inst_per_class=30,10,30,Rsast,None
5,0.538961038961039,0.14062714576721191,0.023404836654663086,0.029755592346191406,0.053673505783081055,0.03318595886230469,MiddlePhalanxOutlineAgeGroup,None: n_random_points=10 nb_inst_per_class=50,10,50,Rsast,None
6,0.551948051948052,0.17752814292907715,0.02342391014099121,0.027045726776123047,0.08506393432617188,0.04107832908630371,MiddlePhalanxOutlineAgeGroup,None: n_random_points=30 nb_inst_per_class=30,30,30,Rsast,None
7,0.5584415584415584,0.2524428367614746,0.023572683334350586,0.0450897216796875,0.13296771049499512,0.049181461334228516,MiddlePhalanxOutlineAgeGroup,None: n_random_points=30 nb_inst_per_class=50,30,50,Rsast,None
