,accuracy,time,cweights_time,fsubsequence_time,tdataset_time,tclassifier_time,dataset_name,classifier_name,rpoint,nb_per_class,method,len_method
0,0.7354385964912281,6.4131810665130615,0.07948637008666992,6.323546409606934,0.006747007369995117,0.002122163772583008,FreezerSmallTrain,Max PACF: n_random_points=10 nb_inst_per_class=30,10,30,Rsast,Max PACF
1,0.7673684210526316,6.0242555141448975,0.04584312438964844,5.968995571136475,0.006781339645385742,0.002085447311401367,FreezerSmallTrain,Max PACF: n_random_points=10 nb_inst_per_class=50,10,50,Rsast,Max PACF
2,0.7298245614035088,6.2137370109558105,0.04613828659057617,6.148122787475586,0.015321731567382812,0.0035140514373779297,FreezerSmallTrain,Max PACF: n_random_points=30 nb_inst_per_class=30,30,30,Rsast,Max PACF
3,0.712280701754386,6.202979564666748,0.04864192008972168,6.1341917514801025,0.015442132949829102,0.0036895275115966797,FreezerSmallTrain,Max PACF: n_random_points=30 nb_inst_per_class=50,30,50,Rsast,Max PACF
4,0.736140350877193,0.06370162963867188,0.04873323440551758,0.005671501159667969,0.005642890930175781,0.002975940704345703,FreezerSmallTrain,None: n_random_points=10 nb_inst_per_class=30,10,30,Rsast,None
5,0.7242105263157895,0.06014728546142578,0.0456538200378418,0.0055999755859375,0.0062580108642578125,0.001980304718017578,FreezerSmallTrain,None: n_random_points=10 nb_inst_per_class=50,10,50,Rsast,None
6,0.7157894736842105,0.09439253807067871,0.06270456314086914,0.010899543762207031,0.016828298568725586,0.0033648014068603516,FreezerSmallTrain,None: n_random_points=30 nb_inst_per_class=30,30,30,Rsast,None
7,0.7368421052631579,0.1163022518157959,0.08014845848083496,0.013918638229370117,0.017193078994750977,0.0035533905029296875,FreezerSmallTrain,None: n_random_points=30 nb_inst_per_class=50,30,50,Rsast,None
