,accuracy,time,cweights_time,fsubsequence_time,tdataset_time,tclassifier_time,dataset_name,classifier_name,rpoint,nb_per_class,method,len_method
0,0.9285714285714286,5.476259231567383,0.0426485538482666,5.421374082565308,0.00975489616394043,0.0020928382873535156,Coffee,Max PACF: n_random_points=10 nb_inst_per_class=30,10,30,Rsast,Max PACF
1,0.9285714285714286,5.567364931106567,0.04269051551818848,5.514240264892578,0.008025169372558594,0.0020294189453125,Coffee,Max PACF: n_random_points=10 nb_inst_per_class=50,10,50,Rsast,Max PACF
2,0.9285714285714286,5.448851823806763,0.04294729232788086,5.383829355239868,0.01896381378173828,0.0026645660400390625,Coffee,Max PACF: n_random_points=30 nb_inst_per_class=30,30,30,Rsast,Max PACF
3,0.9285714285714286,5.495720386505127,0.04306459426879883,5.41393256187439,0.03565478324890137,0.0025703907012939453,Coffee,Max PACF: n_random_points=30 nb_inst_per_class=50,30,50,Rsast,Max PACF
4,1.0,0.057848215103149414,0.04308795928955078,0.0051462650299072266,0.007342815399169922,0.0018184185028076172,Coffee,None: n_random_points=10 nb_inst_per_class=30,10,30,Rsast,None
5,1.0,0.057355403900146484,0.04375123977661133,0.005263090133666992,0.006291866302490234,0.0016736984252929688,Coffee,None: n_random_points=10 nb_inst_per_class=50,10,50,Rsast,None
6,0.9642857142857143,0.06654906272888184,0.0448305606842041,0.007177114486694336,0.012534618377685547,0.0016927719116210938,Coffee,None: n_random_points=30 nb_inst_per_class=30,30,30,Rsast,None
7,1.0,0.07190895080566406,0.0425570011138916,0.007265806198120117,0.019761323928833008,0.0019817352294921875,Coffee,None: n_random_points=30 nb_inst_per_class=50,30,50,Rsast,None
