,accuracy,time,cweights_time,fsubsequence_time,tdataset_time,tclassifier_time,dataset_name,classifier_name,rpoint,nb_per_class,method,len_method
0,0.9778481012658228,1.7463536262512207,0.02513289451599121,1.6904346942901611,0.021242380142211914,0.008360624313354492,GunPointMaleVersusFemale,Max PACF: n_random_points=10 nb_inst_per_class=30,10,30,Rsast,Max PACF
1,0.9715189873417721,2.9039206504821777,0.025156497955322266,2.8375134468078613,0.03358578681945801,0.00716090202331543,GunPointMaleVersusFemale,Max PACF: n_random_points=10 nb_inst_per_class=50,10,50,Rsast,Max PACF
2,0.9715189873417721,1.8433618545532227,0.02530074119567871,1.7485966682434082,0.06036734580993652,0.00845956802368164,GunPointMaleVersusFemale,Max PACF: n_random_points=30 nb_inst_per_class=30,30,30,Rsast,Max PACF
3,0.9810126582278481,3.1958320140838623,0.030533552169799805,3.06860089302063,0.0820460319519043,0.013507604598999023,GunPointMaleVersusFemale,Max PACF: n_random_points=30 nb_inst_per_class=50,30,50,Rsast,Max PACF
4,0.9841772151898734,0.059689998626708984,0.025254011154174805,0.009947061538696289,0.014703750610351562,0.00818324089050293,GunPointMaleVersusFemale,None: n_random_points=10 nb_inst_per_class=30,10,30,Rsast,None
5,0.9683544303797469,0.0791158676147461,0.024950027465820312,0.01606464385986328,0.028399229049682617,0.009287834167480469,GunPointMaleVersusFemale,None: n_random_points=10 nb_inst_per_class=50,10,50,Rsast,None
6,0.9746835443037974,0.12749910354614258,0.024936914443969727,0.013574838638305664,0.07721567153930664,0.011144399642944336,GunPointMaleVersusFemale,None: n_random_points=30 nb_inst_per_class=30,30,30,Rsast,None
7,0.9873417721518988,0.11673974990844727,0.025217056274414062,0.023479700088500977,0.05240988731384277,0.014374732971191406,GunPointMaleVersusFemale,None: n_random_points=30 nb_inst_per_class=50,30,50,Rsast,None
