,accuracy,time,cweights_time,fsubsequence_time,tdataset_time,tclassifier_time,dataset_name,classifier_name,rpoint,nb_per_class,method,len_method
0,0.525974025974026,1.39402437210083,0.03033590316772461,1.2439055442810059,0.08039665222167969,0.03727245330810547,MiddlePhalanxTW,Max PACF: n_random_points=10 nb_inst_per_class=30,10,30,Rsast,Max PACF
1,0.5194805194805194,1.6467478275299072,0.025310754776000977,1.4783201217651367,0.09331250190734863,0.04851865768432617,MiddlePhalanxTW,Max PACF: n_random_points=10 nb_inst_per_class=50,10,50,Rsast,Max PACF
2,0.512987012987013,1.354862928390503,0.025930166244506836,1.0708670616149902,0.1934814453125,0.062438011169433594,MiddlePhalanxTW,Max PACF: n_random_points=30 nb_inst_per_class=30,30,30,Rsast,Max PACF
3,0.5324675324675324,1.8873906135559082,0.0344393253326416,1.5166702270507812,0.22360897064208984,0.10853266716003418,MiddlePhalanxTW,Max PACF: n_random_points=30 nb_inst_per_class=50,30,50,Rsast,Max PACF
4,0.5064935064935064,0.1718156337738037,0.03445696830749512,0.03188657760620117,0.06770944595336914,0.034744977951049805,MiddlePhalanxTW,None: n_random_points=10 nb_inst_per_class=30,10,30,Rsast,None
5,0.512987012987013,0.19576811790466309,0.025411128997802734,0.037947654724121094,0.0866389274597168,0.044887542724609375,MiddlePhalanxTW,None: n_random_points=10 nb_inst_per_class=50,10,50,Rsast,None
6,0.5,0.28606462478637695,0.035273075103759766,0.05143880844116211,0.14153289794921875,0.05582857131958008,MiddlePhalanxTW,None: n_random_points=30 nb_inst_per_class=30,30,30,Rsast,None
7,0.5064935064935064,0.3487677574157715,0.03386998176574707,0.05653047561645508,0.19656848907470703,0.05862021446228027,MiddlePhalanxTW,None: n_random_points=30 nb_inst_per_class=50,30,50,Rsast,None
