,accuracy,time,cweights_time,fsubsequence_time,tdataset_time,tclassifier_time,dataset_name,classifier_name,rpoint,nb_per_class,method,len_method
0,0.6666666666666666,24.21154808998108,0.10549283027648926,24.083921670913696,0.018770456314086914,0.002918720245361328,Beef,Max PACF: n_random_points=10 nb_inst_per_class=30,10,30,Rsast,Max PACF
1,0.5666666666666667,23.06794810295105,0.10573267936706543,22.939922094345093,0.018909931182861328,0.002927064895629883,Beef,Max PACF: n_random_points=10 nb_inst_per_class=50,10,50,Rsast,Max PACF
2,0.6666666666666666,22.369956731796265,0.10531139373779297,22.211302280426025,0.04814887046813965,0.004586219787597656,Beef,Max PACF: n_random_points=30 nb_inst_per_class=30,30,30,Rsast,Max PACF
3,0.6666666666666666,23.719049215316772,0.1246950626373291,23.535035610198975,0.054543256759643555,0.0038650035858154297,Beef,Max PACF: n_random_points=30 nb_inst_per_class=50,30,50,Rsast,Max PACF
4,0.7333333333333333,0.13146305084228516,0.10707402229309082,0.007004261016845703,0.01472616195678711,0.002155303955078125,Beef,None: n_random_points=10 nb_inst_per_class=30,10,30,Rsast,None
5,0.6333333333333333,0.12983131408691406,0.10586166381835938,0.006907463073730469,0.014488935470581055,0.0022509098052978516,Beef,None: n_random_points=10 nb_inst_per_class=50,10,50,Rsast,None
6,0.6666666666666666,0.15532755851745605,0.10655546188354492,0.009228944778442383,0.03638195991516113,0.002768278121948242,Beef,None: n_random_points=30 nb_inst_per_class=30,30,30,Rsast,None
7,0.6333333333333333,0.16286540031433105,0.10559225082397461,0.009610414505004883,0.044483184814453125,0.0026679039001464844,Beef,None: n_random_points=30 nb_inst_per_class=50,30,50,Rsast,None
