,accuracy,time,cweights_time,fsubsequence_time,tdataset_time,tclassifier_time,dataset_name,classifier_name,rpoint,nb_per_class,method,len_method
0,0.824390243902439,0.6065609455108643,0.0235140323638916,0.5102334022521973,0.038626670837402344,0.0323033332824707,ProximalPhalanxOutlineAgeGroup,Max PACF: n_random_points=10 nb_inst_per_class=30,10,30,Rsast,Max PACF
1,0.8292682926829268,0.980353593826294,0.01764535903930664,0.8606197834014893,0.06411075592041016,0.03738141059875488,ProximalPhalanxOutlineAgeGroup,Max PACF: n_random_points=10 nb_inst_per_class=50,10,50,Rsast,Max PACF
2,0.8292682926829268,0.7065505981445312,0.01772475242614746,0.5155394077301025,0.12176012992858887,0.050676584243774414,ProximalPhalanxOutlineAgeGroup,Max PACF: n_random_points=30 nb_inst_per_class=30,30,30,Rsast,Max PACF
3,0.8390243902439024,1.1205646991729736,0.017952919006347656,0.86570143699646,0.173964262008667,0.06116890907287598,ProximalPhalanxOutlineAgeGroup,Max PACF: n_random_points=30 nb_inst_per_class=50,30,50,Rsast,Max PACF
4,0.8390243902439024,0.10406732559204102,0.023643970489501953,0.013947248458862305,0.03197288513183594,0.03232884407043457,ProximalPhalanxOutlineAgeGroup,None: n_random_points=10 nb_inst_per_class=30,10,30,Rsast,None
5,0.8341463414634146,0.1397089958190918,0.02332282066345215,0.02986931800842285,0.05178475379943848,0.03412151336669922,ProximalPhalanxOutlineAgeGroup,None: n_random_points=10 nb_inst_per_class=50,10,50,Rsast,None
6,0.8195121951219512,0.16884684562683105,0.023337125778198242,0.02164173126220703,0.08731317520141602,0.035788536071777344,ProximalPhalanxOutlineAgeGroup,None: n_random_points=30 nb_inst_per_class=30,30,30,Rsast,None
7,0.824390243902439,0.2519407272338867,0.01795053482055664,0.03245043754577637,0.1542353630065918,0.04562783241271973,ProximalPhalanxOutlineAgeGroup,None: n_random_points=30 nb_inst_per_class=50,30,50,Rsast,None
