,accuracy,time,cweights_time,fsubsequence_time,tdataset_time,tclassifier_time,dataset_name,classifier_name,rpoint,nb_per_class,method,len_method
0,0.6958333333333333,4.1803038120269775,0.05588793754577637,3.943782091140747,0.137221097946167,0.0410921573638916,ChlorineConcentration,Max PACF: n_random_points=10 nb_inst_per_class=30,10,30,Rsast,Max PACF
1,0.728125,6.647193431854248,0.0446012020111084,6.375267267227173,0.17433452606201172,0.0497899055480957,ChlorineConcentration,Max PACF: n_random_points=10 nb_inst_per_class=50,10,50,Rsast,Max PACF
2,0.7380208333333333,3.7757081985473633,0.052732229232788086,3.430229425430298,0.24401426315307617,0.047019004821777344,ChlorineConcentration,Max PACF: n_random_points=30 nb_inst_per_class=30,30,30,Rsast,Max PACF
3,0.7427083333333333,6.602609634399414,0.04912590980529785,6.134932279586792,0.3404819965362549,0.07532382011413574,ChlorineConcentration,Max PACF: n_random_points=30 nb_inst_per_class=50,30,50,Rsast,Max PACF
4,0.7109375,0.26516246795654297,0.05085468292236328,0.019146442413330078,0.1406862735748291,0.05216693878173828,ChlorineConcentration,None: n_random_points=10 nb_inst_per_class=30,10,30,Rsast,None
5,0.73984375,0.3581974506378174,0.0755164623260498,0.04563283920288086,0.1749582290649414,0.06069159507751465,ChlorineConcentration,None: n_random_points=10 nb_inst_per_class=50,10,50,Rsast,None
6,0.7510416666666667,0.42675232887268066,0.06558012962341309,0.034523725509643555,0.24791741371154785,0.07712483406066895,ChlorineConcentration,None: n_random_points=30 nb_inst_per_class=30,30,30,Rsast,None
7,0.7723958333333333,0.6245379447937012,0.06628680229187012,0.060949087142944336,0.41435861587524414,0.08092355728149414,ChlorineConcentration,None: n_random_points=30 nb_inst_per_class=50,30,50,Rsast,None
