,accuracy,time,cweights_time,fsubsequence_time,tdataset_time,tclassifier_time,dataset_name,classifier_name,rpoint,nb_per_class,method,len_method
0,0.6039473684210527,2.314697504043579,0.07537293434143066,2.090000867843628,0.10211372375488281,0.04428434371948242,MedicalImages,Max PACF: n_random_points=10 nb_inst_per_class=30,10,30,Rsast,Max PACF
1,0.6328947368421053,2.5764238834381104,0.059023141860961914,2.3415417671203613,0.1113746166229248,0.06287217140197754,MedicalImages,Max PACF: n_random_points=10 nb_inst_per_class=50,10,50,Rsast,Max PACF
2,0.6578947368421053,2.278724431991577,0.04225564002990723,1.9087486267089844,0.23474407196044922,0.09083747863769531,MedicalImages,Max PACF: n_random_points=30 nb_inst_per_class=30,30,30,Rsast,Max PACF
3,0.6618421052631579,2.789485216140747,0.048957109451293945,2.366197109222412,0.2871241569519043,0.08208441734313965,MedicalImages,Max PACF: n_random_points=30 nb_inst_per_class=50,30,50,Rsast,Max PACF
4,0.6460526315789473,0.20029473304748535,0.04288983345031738,0.02977919578552246,0.0863962173461914,0.03810691833496094,MedicalImages,None: n_random_points=10 nb_inst_per_class=30,10,30,Rsast,None
5,0.6513157894736842,0.22522711753845215,0.05173802375793457,0.04280877113342285,0.0887155532836914,0.04064774513244629,MedicalImages,None: n_random_points=10 nb_inst_per_class=50,10,50,Rsast,None
6,0.6473684210526316,0.34081602096557617,0.047975778579711914,0.042540550231933594,0.18306851387023926,0.06541585922241211,MedicalImages,None: n_random_points=30 nb_inst_per_class=30,30,30,Rsast,None
7,0.675,0.3669726848602295,0.04256582260131836,0.04966306686401367,0.20960330963134766,0.06226778030395508,MedicalImages,None: n_random_points=30 nb_inst_per_class=50,30,50,Rsast,None
