,accuracy,time,cweights_time,fsubsequence_time,tdataset_time,tclassifier_time,dataset_name,classifier_name,rpoint,nb_per_class,method,len_method
0,0.6331215147192323,38.1428759098053,0.2485208511352539,2.4953129291534424,1.370173692703247,34.01945900917053,ElectricDevices,Max PACF: n_random_points=10 nb_inst_per_class=30,10,30,Rsast,Max PACF
1,0.6333808844507846,89.8804292678833,0.16378235816955566,3.5556886196136475,2.03985333442688,84.10841727256775,ElectricDevices,Max PACF: n_random_points=10 nb_inst_per_class=50,10,50,Rsast,Max PACF
2,0.6477759045519388,308.9957640171051,0.164581298828125,1.9838931560516357,3.505857229232788,303.3206012248993,ElectricDevices,Max PACF: n_random_points=30 nb_inst_per_class=30,30,30,Rsast,Max PACF
3,0.4376864219945532,59.55011320114136,0.23907876014709473,3.714419364929199,6.037725210189819,49.52357769012451,ElectricDevices,Max PACF: n_random_points=30 nb_inst_per_class=50,30,50,Rsast,Max PACF
4,0.6357152120347556,38.80142617225647,0.16416192054748535,0.033609628677368164,1.6214580535888672,36.97199249267578,ElectricDevices,None: n_random_points=10 nb_inst_per_class=30,10,30,Rsast,None
5,0.6464790558941772,64.12558913230896,0.1916334629058838,0.06272530555725098,1.8072562217712402,62.05221676826477,ElectricDevices,None: n_random_points=10 nb_inst_per_class=50,10,50,Rsast,None
6,0.646349371028401,217.39322924613953,0.17660164833068848,0.048833370208740234,2.95224928855896,214.1975712776184,ElectricDevices,None: n_random_points=30 nb_inst_per_class=30,30,30,Rsast,None
7,0.6558163662300609,574.0079004764557,0.19997549057006836,0.07790780067443848,4.844778299331665,568.8560917377472,ElectricDevices,None: n_random_points=30 nb_inst_per_class=50,30,50,Rsast,None
