,accuracy,time,cweights_time,fsubsequence_time,tdataset_time,tclassifier_time,dataset_name,classifier_name,rpoint,nb_per_class,method,len_method
0,0.7552,10.215302228927612,0.09638214111328125,9.724117040634155,0.31367993354797363,0.07553339004516602,SwedishLeaf,Max PACF: n_random_points=10 nb_inst_per_class=30,10,30,Rsast,Max PACF
1,0.7536,13.000030040740967,0.08246874809265137,12.540116786956787,0.3025362491607666,0.0724329948425293,SwedishLeaf,Max PACF: n_random_points=10 nb_inst_per_class=50,10,50,Rsast,Max PACF
2,0.7776,10.028213024139404,0.07813167572021484,9.044907569885254,0.7372899055480957,0.16497063636779785,SwedishLeaf,Max PACF: n_random_points=30 nb_inst_per_class=30,30,30,Rsast,Max PACF
3,0.7968,12.844546794891357,0.10419058799743652,11.671206712722778,0.8676378726959229,0.1968555450439453,SwedishLeaf,Max PACF: n_random_points=30 nb_inst_per_class=50,30,50,Rsast,Max PACF
4,0.8,0.5132899284362793,0.11864066123962402,0.09426426887512207,0.228196382522583,0.06815767288208008,SwedishLeaf,None: n_random_points=10 nb_inst_per_class=30,10,30,Rsast,None
5,0.8352,0.6832630634307861,0.12363719940185547,0.11667943000793457,0.3497180938720703,0.09085512161254883,SwedishLeaf,None: n_random_points=10 nb_inst_per_class=50,10,50,Rsast,None
6,0.8384,1.285212516784668,0.11206197738647461,0.14314818382263184,0.8315305709838867,0.19550228118896484,SwedishLeaf,None: n_random_points=30 nb_inst_per_class=30,30,30,Rsast,None
7,0.8528,1.5951321125030518,0.19284772872924805,0.21236419677734375,0.9460914134979248,0.23392176628112793,SwedishLeaf,None: n_random_points=30 nb_inst_per_class=50,30,50,Rsast,None
