,accuracy,time,cweights_time,fsubsequence_time,tdataset_time,tclassifier_time,dataset_name,classifier_name,rpoint,nb_per_class,method,len_method
0,0.9466666666666667,0.09147906303405762,0.003931522369384766,0.06073784828186035,0.013642549514770508,0.012685060501098633,SmoothSubspace,Max PACF: n_random_points=10 nb_inst_per_class=30,10,30,Rsast,Max PACF
1,0.9266666666666666,0.1332414150238037,0.003939628601074219,0.10183000564575195,0.012490510940551758,0.014517545700073242,SmoothSubspace,Max PACF: n_random_points=10 nb_inst_per_class=50,10,50,Rsast,Max PACF
2,0.92,0.08207392692565918,0.003946781158447266,0.06090044975280762,0.004320859909057617,0.012420415878295898,SmoothSubspace,Max PACF: n_random_points=30 nb_inst_per_class=30,30,30,Rsast,Max PACF
3,0.9266666666666666,0.1280968189239502,0.003954648971557617,0.10294604301452637,0.007322549819946289,0.013390064239501953,SmoothSubspace,Max PACF: n_random_points=30 nb_inst_per_class=50,30,50,Rsast,Max PACF
4,0.8733333333333333,0.03695988655090332,0.003942251205444336,0.01687932014465332,0.0039517879486083984,0.011709451675415039,SmoothSubspace,None: n_random_points=10 nb_inst_per_class=30,10,30,Rsast,None
5,0.92,0.05560469627380371,0.0039463043212890625,0.027996540069580078,0.010617733001708984,0.012611865997314453,SmoothSubspace,None: n_random_points=10 nb_inst_per_class=50,10,50,Rsast,None
6,0.92,0.03584027290344238,0.003946542739868164,0.01737666130065918,0.0030701160430908203,0.010986804962158203,SmoothSubspace,None: n_random_points=30 nb_inst_per_class=30,30,30,Rsast,None
7,0.9266666666666666,0.053701162338256836,0.003936052322387695,0.03075122833251953,0.006136178970336914,0.012438535690307617,SmoothSubspace,None: n_random_points=30 nb_inst_per_class=50,30,50,Rsast,None
