,accuracy,time,cweights_time,fsubsequence_time,tdataset_time,tclassifier_time,dataset_name,classifier_name,rpoint,nb_per_class,method,len_method
0,0.538961038961039,0.6358232498168945,0.01757049560546875,0.5477311611175537,0.035111188888549805,0.03345847129821777,MiddlePhalanxOutlineAgeGroup,Max PACF: n_random_points=10 nb_inst_per_class=30,10,30,Rsast,Max PACF
1,0.5454545454545454,1.1667687892913818,0.02171635627746582,1.0339035987854004,0.0689854621887207,0.0413508415222168,MiddlePhalanxOutlineAgeGroup,Max PACF: n_random_points=10 nb_inst_per_class=50,10,50,Rsast,Max PACF
2,0.577922077922078,0.8642427921295166,0.023798704147338867,0.6893408298492432,0.09598588943481445,0.053415775299072266,MiddlePhalanxOutlineAgeGroup,Max PACF: n_random_points=30 nb_inst_per_class=30,30,30,Rsast,Max PACF
3,0.538961038961039,1.1709411144256592,0.01809096336364746,0.9047210216522217,0.16831040382385254,0.0776212215423584,MiddlePhalanxOutlineAgeGroup,Max PACF: n_random_points=30 nb_inst_per_class=50,30,50,Rsast,Max PACF
4,0.538961038961039,0.11800122261047363,0.023917198181152344,0.01492166519165039,0.04692697525024414,0.02983689308166504,MiddlePhalanxOutlineAgeGroup,None: n_random_points=10 nb_inst_per_class=30,10,30,Rsast,None
5,0.564935064935065,0.13471055030822754,0.02334308624267578,0.026380300521850586,0.053600311279296875,0.03074502944946289,MiddlePhalanxOutlineAgeGroup,None: n_random_points=10 nb_inst_per_class=50,10,50,Rsast,None
6,0.5454545454545454,0.1565558910369873,0.017944812774658203,0.019669771194458008,0.08283281326293945,0.03505682945251465,MiddlePhalanxOutlineAgeGroup,None: n_random_points=30 nb_inst_per_class=30,30,30,Rsast,None
7,0.525974025974026,0.25507569313049316,0.01788926124572754,0.03412461280822754,0.15647268295288086,0.044747352600097656,MiddlePhalanxOutlineAgeGroup,None: n_random_points=30 nb_inst_per_class=50,30,50,Rsast,None
