,accuracy,time,cweights_time,fsubsequence_time,tdataset_time,tclassifier_time,dataset_name,classifier_name,rpoint,nb_per_class,method,len_method
0,0.9877777777777778,0.8477928638458252,0.03187990188598633,0.8091151714324951,0.003381967544555664,0.0026044845581054688,CBF,Max PACF: n_random_points=10 nb_inst_per_class=30,10,30,Rsast,Max PACF
1,0.9855555555555555,0.760148286819458,0.027081727981567383,0.7276294231414795,0.002646207809448242,0.002382516860961914,CBF,Max PACF: n_random_points=10 nb_inst_per_class=50,10,50,Rsast,Max PACF
2,0.99,0.8151249885559082,0.02732110023498535,0.768502950668335,0.016115427017211914,0.002742290496826172,CBF,Max PACF: n_random_points=30 nb_inst_per_class=30,30,30,Rsast,Max PACF
3,0.99,0.7329301834106445,0.02903461456298828,0.6608929634094238,0.040131568908691406,0.0022957324981689453,CBF,Max PACF: n_random_points=30 nb_inst_per_class=50,30,50,Rsast,Max PACF
4,0.9555555555555556,0.034369707107543945,0.023463726043701172,0.005368947982788086,0.0030939579010009766,0.001990079879760742,CBF,None: n_random_points=10 nb_inst_per_class=30,10,30,Rsast,None
5,0.9722222222222222,0.032289743423461914,0.022192001342773438,0.004817008972167969,0.002792835235595703,0.002192974090576172,CBF,None: n_random_points=10 nb_inst_per_class=50,10,50,Rsast,None
6,0.9866666666666667,0.03580594062805176,0.0220489501953125,0.0067288875579833984,0.00457000732421875,0.002119779586791992,CBF,None: n_random_points=30 nb_inst_per_class=30,30,30,Rsast,None
7,0.9911111111111112,0.05191755294799805,0.028901338577270508,0.00918126106262207,0.010785102844238281,0.0025892257690429688,CBF,None: n_random_points=30 nb_inst_per_class=50,30,50,Rsast,None
