,accuracy,time,cweights_time,fsubsequence_time,tdataset_time,tclassifier_time,dataset_name,classifier_name,rpoint,nb_per_class,method,len_method
0,0.6081504702194357,42.148987770080566,0.3385915756225586,41.49052977561951,0.2907142639160156,0.0260775089263916,WordSynonyms,Max PACF: n_random_points=10 nb_inst_per_class=30,10,30,Rsast,Max PACF
1,0.6269592476489029,46.834800481796265,0.2208235263824463,46.27024960517883,0.31678032875061035,0.02552509307861328,WordSynonyms,Max PACF: n_random_points=10 nb_inst_per_class=50,10,50,Rsast,Max PACF
2,0.6394984326018809,43.434624671936035,0.2216191291809082,42.41435217857361,0.7459828853607178,0.04992508888244629,WordSynonyms,Max PACF: n_random_points=30 nb_inst_per_class=30,30,30,Rsast,Max PACF
3,0.6394984326018809,47.63509154319763,0.26791930198669434,46.52042007446289,0.7903695106506348,0.05326366424560547,WordSynonyms,Max PACF: n_random_points=30 nb_inst_per_class=50,30,50,Rsast,Max PACF
4,0.6724137931034483,0.4829721450805664,0.22107696533203125,0.0429234504699707,0.1905817985534668,0.026352643966674805,WordSynonyms,None: n_random_points=10 nb_inst_per_class=30,10,30,Rsast,None
5,0.6677115987460815,0.6910200119018555,0.27538466453552246,0.05383944511413574,0.32601237297058105,0.03451871871948242,WordSynonyms,None: n_random_points=10 nb_inst_per_class=50,10,50,Rsast,None
6,0.6880877742946708,1.3661367893218994,0.4021265506744385,0.10839223861694336,0.8007450103759766,0.052158355712890625,WordSynonyms,None: n_random_points=30 nb_inst_per_class=30,30,30,Rsast,None
7,0.670846394984326,1.2699964046478271,0.2314317226409912,0.0665583610534668,0.9191939830780029,0.05045270919799805,WordSynonyms,None: n_random_points=30 nb_inst_per_class=50,30,50,Rsast,None
