,accuracy,time,cweights_time,fsubsequence_time,tdataset_time,tclassifier_time,dataset_name,classifier_name,rpoint,nb_per_class,method,len_method
0,0.8242811501597445,0.1831965446472168,0.01534128189086914,0.1638648509979248,0.0010561943054199219,0.0020198822021484375,MoteStrain,Max PACF: n_random_points=10 nb_inst_per_class=30,10,30,Rsast,Max PACF
1,0.8865814696485623,0.1780400276184082,0.015201091766357422,0.1572582721710205,0.002521991729736328,0.0025527477264404297,MoteStrain,Max PACF: n_random_points=10 nb_inst_per_class=50,10,50,Rsast,Max PACF
2,0.8761980830670927,0.20305299758911133,0.01604628562927246,0.18106889724731445,0.003453969955444336,0.001966238021850586,MoteStrain,Max PACF: n_random_points=30 nb_inst_per_class=30,30,30,Rsast,Max PACF
3,0.8761980830670927,0.20708966255187988,0.01580643653869629,0.17923808097839355,0.009268522262573242,0.0022957324981689453,MoteStrain,Max PACF: n_random_points=30 nb_inst_per_class=50,30,50,Rsast,Max PACF
4,0.8242811501597445,0.02388739585876465,0.015939950942993164,0.004263162612915039,0.0013427734375,0.0019464492797851562,MoteStrain,None: n_random_points=10 nb_inst_per_class=30,10,30,Rsast,None
5,0.8666134185303515,0.023856639862060547,0.01578807830810547,0.004143953323364258,0.0017924308776855469,0.001786947250366211,MoteStrain,None: n_random_points=10 nb_inst_per_class=50,10,50,Rsast,None
6,0.8370607028753994,0.029158353805541992,0.01756453514099121,0.0061604976654052734,0.0025033950805664062,0.002301454544067383,MoteStrain,None: n_random_points=30 nb_inst_per_class=30,30,30,Rsast,None
7,0.8905750798722045,0.0386507511138916,0.015973567962646484,0.0063931941986083984,0.01184701919555664,0.003833770751953125,MoteStrain,None: n_random_points=30 nb_inst_per_class=50,30,50,Rsast,None
