,accuracy,time,cweights_time,fsubsequence_time,tdataset_time,tclassifier_time,dataset_name,classifier_name,rpoint,nb_per_class,method,len_method
0,0.9922222222222222,0.6250438690185547,0.023345947265625,0.5965602397918701,0.002743959426879883,0.002012491226196289,CBF,Max PACF: n_random_points=10 nb_inst_per_class=30,10,30,Rsast,Max PACF
1,0.99,0.6611893177032471,0.022009849548339844,0.6100468635559082,0.026637792587280273,0.0021626949310302734,CBF,Max PACF: n_random_points=10 nb_inst_per_class=50,10,50,Rsast,Max PACF
2,0.9888888888888889,0.6801517009735107,0.02220439910888672,0.6485264301300049,0.006765127182006836,0.002282857894897461,CBF,Max PACF: n_random_points=30 nb_inst_per_class=30,30,30,Rsast,Max PACF
3,0.9922222222222222,0.7866079807281494,0.02893543243408203,0.7431695461273193,0.011280536651611328,0.0024712085723876953,CBF,Max PACF: n_random_points=30 nb_inst_per_class=50,30,50,Rsast,Max PACF
4,0.99,0.03568005561828613,0.025188922882080078,0.005355358123779297,0.0027189254760742188,0.0019626617431640625,CBF,None: n_random_points=10 nb_inst_per_class=30,10,30,Rsast,None
5,0.9111111111111111,0.03233838081359863,0.02203845977783203,0.004933357238769531,0.0028760433197021484,0.0021975040435791016,CBF,None: n_random_points=10 nb_inst_per_class=50,10,50,Rsast,None
6,0.9777777777777777,0.03647184371948242,0.022032976150512695,0.006708383560180664,0.005311012268066406,0.0020971298217773438,CBF,None: n_random_points=30 nb_inst_per_class=30,30,30,Rsast,None
7,0.9922222222222222,0.050428152084350586,0.022529125213623047,0.00745844841003418,0.016568660736083984,0.0029306411743164062,CBF,None: n_random_points=30 nb_inst_per_class=50,30,50,Rsast,None
