,accuracy,time,cweights_time,fsubsequence_time,tdataset_time,tclassifier_time,dataset_name,classifier_name,rpoint,nb_per_class,method,len_method
0,1.0,2.8419554233551025,0.0566411018371582,2.7535741329193115,0.02517867088317871,0.005782127380371094,Plane,Max PACF: n_random_points=10 nb_inst_per_class=30,10,30,Rsast,Max PACF
1,1.0,2.747980833053589,0.04158353805541992,2.675975799560547,0.022806644439697266,0.007034778594970703,Plane,Max PACF: n_random_points=10 nb_inst_per_class=50,10,50,Rsast,Max PACF
2,1.0,2.8016860485076904,0.0412139892578125,2.67988920211792,0.07027912139892578,0.009368419647216797,Plane,Max PACF: n_random_points=30 nb_inst_per_class=30,30,30,Rsast,Max PACF
3,1.0,2.79703950881958,0.04171395301818848,2.6789677143096924,0.06373882293701172,0.011186361312866211,Plane,Max PACF: n_random_points=30 nb_inst_per_class=50,30,50,Rsast,Max PACF
4,1.0,0.12085342407226562,0.05869698524475098,0.02490711212158203,0.027922868728637695,0.007030963897705078,Plane,None: n_random_points=10 nb_inst_per_class=30,10,30,Rsast,None
5,0.9904761904761905,0.1085808277130127,0.055954933166503906,0.023049592971801758,0.021279573440551758,0.007760286331176758,Plane,None: n_random_points=10 nb_inst_per_class=50,10,50,Rsast,None
6,1.0,0.17532682418823242,0.06109881401062012,0.03462719917297363,0.06940436363220215,0.009513139724731445,Plane,None: n_random_points=30 nb_inst_per_class=30,30,30,Rsast,None
7,1.0,0.13001441955566406,0.04091596603393555,0.025568246841430664,0.053382158279418945,0.009380102157592773,Plane,None: n_random_points=30 nb_inst_per_class=50,30,50,Rsast,None
