,accuracy,time,cweights_time,fsubsequence_time,tdataset_time,tclassifier_time,dataset_name,classifier_name,rpoint,nb_per_class,method,len_method
0,0.8148148148148148,6.2483909130096436,0.0468447208404541,6.175360202789307,0.020235300064086914,0.0036051273345947266,Wine,Max PACF: n_random_points=10 nb_inst_per_class=30,10,30,Rsast,Max PACF
1,0.7777777777777778,6.17512583732605,0.03663897514343262,6.116355657577515,0.017932891845703125,0.003576517105102539,Wine,Max PACF: n_random_points=10 nb_inst_per_class=50,10,50,Rsast,Max PACF
2,0.8148148148148148,6.16213059425354,0.036441802978515625,6.075398683547974,0.04465341567993164,0.004756450653076172,Wine,Max PACF: n_random_points=30 nb_inst_per_class=30,30,30,Rsast,Max PACF
3,0.8148148148148148,6.172872066497803,0.03667569160461426,6.0782692432403564,0.052197933197021484,0.004705667495727539,Wine,Max PACF: n_random_points=30 nb_inst_per_class=50,30,50,Rsast,Max PACF
4,0.8148148148148148,0.07421422004699707,0.03716158866882324,0.010568857192993164,0.022984027862548828,0.0027196407318115234,Wine,None: n_random_points=10 nb_inst_per_class=30,10,30,Rsast,None
5,0.8333333333333334,0.06753921508789062,0.03934335708618164,0.011047124862670898,0.01428079605102539,0.0024766921997070312,Wine,None: n_random_points=10 nb_inst_per_class=50,10,50,Rsast,None
6,0.8703703703703703,0.09600567817687988,0.03630566596984863,0.014517784118652344,0.040302276611328125,0.0042476654052734375,Wine,None: n_random_points=30 nb_inst_per_class=30,30,30,Rsast,None
7,0.8888888888888888,0.09852457046508789,0.03699207305908203,0.015201091766357422,0.04108548164367676,0.004583120346069336,Wine,None: n_random_points=30 nb_inst_per_class=50,30,50,Rsast,None
