,accuracy,time,cweights_time,fsubsequence_time,tdataset_time,tclassifier_time,dataset_name,classifier_name,rpoint,nb_per_class,method,len_method
0,0.86,0.7164204120635986,0.019859790802001953,0.6816439628601074,0.009252786636352539,0.005096435546875,ECG200,Max PACF: n_random_points=10 nb_inst_per_class=30,10,30,Rsast,Max PACF
1,0.88,0.8314468860626221,0.015449047088623047,0.7988214492797852,0.011413335800170898,0.005398750305175781,ECG200,Max PACF: n_random_points=10 nb_inst_per_class=50,10,50,Rsast,Max PACF
2,0.86,0.7324209213256836,0.015594482421875,0.5900313854217529,0.11451888084411621,0.011632204055786133,ECG200,Max PACF: n_random_points=30 nb_inst_per_class=30,30,30,Rsast,Max PACF
3,0.88,0.8845834732055664,0.02011251449584961,0.8021559715270996,0.05222034454345703,0.008899450302124023,ECG200,Max PACF: n_random_points=30 nb_inst_per_class=50,30,50,Rsast,Max PACF
4,0.89,0.03857684135437012,0.015321016311645508,0.009129762649536133,0.008577585220336914,0.005057573318481445,ECG200,None: n_random_points=10 nb_inst_per_class=30,10,30,Rsast,None
5,0.8,0.05994272232055664,0.015281438827514648,0.012333869934082031,0.02680516242980957,0.005164146423339844,ECG200,None: n_random_points=10 nb_inst_per_class=50,10,50,Rsast,None
6,0.89,0.05848526954650879,0.015286922454833984,0.01292109489440918,0.018991947174072266,0.010813236236572266,ECG200,None: n_random_points=30 nb_inst_per_class=30,30,30,Rsast,None
7,0.9,0.10345983505249023,0.02068805694580078,0.026813268661499023,0.04449963569641113,0.009057998657226562,ECG200,None: n_random_points=30 nb_inst_per_class=50,30,50,Rsast,None
