,accuracy,time,cweights_time,fsubsequence_time,tdataset_time,tclassifier_time,dataset_name,classifier_name,rpoint,nb_per_class,method,len_method
0,0.88775,3.5051472187042236,0.0650174617767334,2.588411331176758,0.18872642517089844,0.660820484161377,TwoPatterns,Max PACF: n_random_points=10 nb_inst_per_class=30,10,30,Rsast,Max PACF
1,0.9785,5.751792669296265,0.06278634071350098,4.811767339706421,0.27402400970458984,0.6017396450042725,TwoPatterns,Max PACF: n_random_points=10 nb_inst_per_class=50,10,50,Rsast,Max PACF
2,0.98775,3.85003399848938,0.049341678619384766,2.6261839866638184,0.43851637840270996,0.734562873840332,TwoPatterns,Max PACF: n_random_points=30 nb_inst_per_class=30,30,30,Rsast,Max PACF
3,0.992,5.879335165023804,0.048831939697265625,4.504549026489258,0.7156617641448975,0.607917308807373,TwoPatterns,Max PACF: n_random_points=30 nb_inst_per_class=50,30,50,Rsast,Max PACF
4,0.8995,0.8321354389190674,0.058983564376831055,0.02409052848815918,0.20714211463928223,0.5399956703186035,TwoPatterns,None: n_random_points=10 nb_inst_per_class=30,10,30,Rsast,None
5,0.992,0.9826021194458008,0.0677645206451416,0.04526090621948242,0.2911806106567383,0.577174186706543,TwoPatterns,None: n_random_points=10 nb_inst_per_class=50,10,50,Rsast,None
6,0.991,1.2903733253479004,0.06987214088439941,0.0421297550201416,0.4727811813354492,0.7039480209350586,TwoPatterns,None: n_random_points=30 nb_inst_per_class=30,30,30,Rsast,None
7,0.997,1.5738797187805176,0.08836817741394043,0.08484268188476562,0.6931226253509521,0.7048368453979492,TwoPatterns,None: n_random_points=30 nb_inst_per_class=50,30,50,Rsast,None
