,accuracy,time,cweights_time,fsubsequence_time,tdataset_time,tclassifier_time,dataset_name,classifier_name,rpoint,nb_per_class,method,len_method
0,0.8148148148148148,7.83545184135437,0.036399126052856445,7.7728869915008545,0.01919388771057129,0.0056574344635009766,Wine,Max PACF: n_random_points=10 nb_inst_per_class=30,10,30,Rsast,Max PACF
1,0.8148148148148148,6.841615915298462,0.03630638122558594,6.718585014343262,0.0819244384765625,0.004241466522216797,Wine,Max PACF: n_random_points=10 nb_inst_per_class=50,10,50,Rsast,Max PACF
2,0.8148148148148148,7.532301425933838,0.048880815505981445,7.430726051330566,0.04510641098022461,0.005835294723510742,Wine,Max PACF: n_random_points=30 nb_inst_per_class=30,30,30,Rsast,Max PACF
3,0.8333333333333334,7.74209189414978,0.036466121673583984,7.651197671890259,0.04766559600830078,0.005749225616455078,Wine,Max PACF: n_random_points=30 nb_inst_per_class=50,30,50,Rsast,Max PACF
4,0.8148148148148148,0.07112669944763184,0.04036378860473633,0.010278463363647461,0.016941308975219727,0.002821683883666992,Wine,None: n_random_points=10 nb_inst_per_class=30,10,30,Rsast,None
5,0.8148148148148148,0.06821894645690918,0.03907465934753418,0.011028528213500977,0.015403270721435547,0.0023050308227539062,Wine,None: n_random_points=10 nb_inst_per_class=50,10,50,Rsast,None
6,0.9074074074074074,0.09038972854614258,0.036676645278930664,0.014531612396240234,0.034664154052734375,0.004068851470947266,Wine,None: n_random_points=30 nb_inst_per_class=30,30,30,Rsast,None
7,0.8148148148148148,0.09410405158996582,0.03697776794433594,0.015117406845092773,0.0378727912902832,0.0036089420318603516,Wine,None: n_random_points=30 nb_inst_per_class=50,30,50,Rsast,None
