,accuracy,time,cweights_time,fsubsequence_time,tdataset_time,tclassifier_time,dataset_name,classifier_name,rpoint,nb_per_class,method,len_method
0,0.9206349206349206,1.7381010055541992,0.02543330192565918,1.682464838027954,0.022274255752563477,0.006289958953857422,GunPointOldVersusYoung,Max PACF: n_random_points=10 nb_inst_per_class=30,10,30,Rsast,Max PACF
1,0.9492063492063492,2.8829259872436523,0.024968385696411133,2.8148093223571777,0.03255820274353027,0.0100860595703125,GunPointOldVersusYoung,Max PACF: n_random_points=10 nb_inst_per_class=50,10,50,Rsast,Max PACF
2,0.9047619047619048,1.7949974536895752,0.024800539016723633,1.6999948024749756,0.059708595275878906,0.009855031967163086,GunPointOldVersusYoung,Max PACF: n_random_points=30 nb_inst_per_class=30,30,30,Rsast,Max PACF
3,0.9428571428571428,2.939134120941162,0.027133464813232422,2.8118929862976074,0.08834457397460938,0.010757207870483398,GunPointOldVersusYoung,Max PACF: n_random_points=30 nb_inst_per_class=50,30,50,Rsast,Max PACF
4,0.9206349206349206,0.0559229850769043,0.0248873233795166,0.009624481201171875,0.014245986938476562,0.006201982498168945,GunPointOldVersusYoung,None: n_random_points=10 nb_inst_per_class=30,10,30,Rsast,None
5,0.9428571428571428,0.07658576965332031,0.02484869956970215,0.016062498092651367,0.02576756477355957,0.009504318237304688,GunPointOldVersusYoung,None: n_random_points=10 nb_inst_per_class=50,10,50,Rsast,None
6,0.9523809523809523,0.09110879898071289,0.0247344970703125,0.012917280197143555,0.04223346710205078,0.010518550872802734,GunPointOldVersusYoung,None: n_random_points=30 nb_inst_per_class=30,30,30,Rsast,None
7,0.9523809523809523,0.13254308700561523,0.03243207931518555,0.030663013458251953,0.05348062515258789,0.015281438827514648,GunPointOldVersusYoung,None: n_random_points=30 nb_inst_per_class=50,30,50,Rsast,None
