,accuracy,time,cweights_time,fsubsequence_time,tdataset_time,tclassifier_time,dataset_name,classifier_name,rpoint,nb_per_class,method,len_method
0,0.857292759706191,0.13024687767028809,0.012647628784179688,0.10009050369262695,0.014818668365478516,0.0022704601287841797,SonyAIBORobotSurface2,Max PACF: n_random_points=10 nb_inst_per_class=30,10,30,Rsast,Max PACF
1,0.8824763903462749,0.11410713195800781,0.011886119842529297,0.09823274612426758,0.0016224384307861328,0.0020194053649902344,SonyAIBORobotSurface2,Max PACF: n_random_points=10 nb_inst_per_class=50,10,50,Rsast,Max PACF
2,0.8824763903462749,0.13448214530944824,0.011791706085205078,0.102569580078125,0.016875028610229492,0.0028617382049560547,SonyAIBORobotSurface2,Max PACF: n_random_points=30 nb_inst_per_class=30,30,30,Rsast,Max PACF
3,0.8824763903462749,0.12221288681030273,0.012712955474853516,0.10299324989318848,0.0035316944122314453,0.002534151077270508,SonyAIBORobotSurface2,Max PACF: n_random_points=30 nb_inst_per_class=50,30,50,Rsast,Max PACF
4,0.8205666316894019,0.02809429168701172,0.011925220489501953,0.005084991455078125,0.0027790069580078125,0.00789952278137207,SonyAIBORobotSurface2,None: n_random_points=10 nb_inst_per_class=30,10,30,Rsast,None
5,0.8100734522560336,0.0243532657623291,0.013242244720458984,0.005728721618652344,0.0017881393432617188,0.002947568893432617,SonyAIBORobotSurface2,None: n_random_points=10 nb_inst_per_class=50,10,50,Rsast,None
6,0.8467995802728226,0.025494813919067383,0.012133359909057617,0.007794380187988281,0.0029447078704833984,0.0020694732666015625,SonyAIBORobotSurface2,None: n_random_points=30 nb_inst_per_class=30,30,30,Rsast,None
7,0.8730325288562435,0.023735761642456055,0.011787176132202148,0.006716251373291016,0.0027685165405273438,0.0020418167114257812,SonyAIBORobotSurface2,None: n_random_points=30 nb_inst_per_class=50,30,50,Rsast,None
