,accuracy,time,cweights_time,fsubsequence_time,tdataset_time,tclassifier_time,dataset_name,classifier_name,rpoint,nb_per_class,method,len_method
0,0.5,31.735825061798096,0.21937823295593262,31.28118658065796,0.20929408073425293,0.02333354949951172,InsectWingbeatSound,Max PACF: n_random_points=10 nb_inst_per_class=30,10,30,Rsast,Max PACF
1,0.5191919191919192,31.289533376693726,0.11052656173706055,30.93532681465149,0.22142624855041504,0.020895004272460938,InsectWingbeatSound,Max PACF: n_random_points=10 nb_inst_per_class=50,10,50,Rsast,Max PACF
2,0.5353535353535354,35.58508014678955,0.13509750366210938,34.881675243377686,0.5185790061950684,0.04729104042053223,InsectWingbeatSound,Max PACF: n_random_points=30 nb_inst_per_class=30,30,30,Rsast,Max PACF
3,0.5303030303030303,33.56560230255127,0.1116034984588623,32.8430061340332,0.5598673820495605,0.04803276062011719,InsectWingbeatSound,Max PACF: n_random_points=30 nb_inst_per_class=50,30,50,Rsast,Max PACF
4,0.5434343434343434,0.4310145378112793,0.14669489860534668,0.05202031135559082,0.19950485229492188,0.03059840202331543,InsectWingbeatSound,None: n_random_points=10 nb_inst_per_class=30,10,30,Rsast,None
5,0.5641414141414142,0.5318191051483154,0.21166706085205078,0.07047438621520996,0.21616482734680176,0.03148078918457031,InsectWingbeatSound,None: n_random_points=10 nb_inst_per_class=50,10,50,Rsast,None
6,0.5777777777777777,0.9673545360565186,0.19966650009155273,0.09965968132019043,0.5992941856384277,0.06653261184692383,InsectWingbeatSound,None: n_random_points=30 nb_inst_per_class=30,30,30,Rsast,None
7,0.5636363636363636,0.964155912399292,0.1567091941833496,0.0995631217956543,0.6371684074401855,0.06782984733581543,InsectWingbeatSound,None: n_random_points=30 nb_inst_per_class=50,30,50,Rsast,None
