,accuracy,time,cweights_time,fsubsequence_time,tdataset_time,tclassifier_time,dataset_name,classifier_name,rpoint,nb_per_class,method,len_method
0,0.6685714285714286,5.614847183227539,0.04423785209655762,5.558463096618652,0.009032964706420898,0.0026683807373046875,ArrowHead,Max PACF: n_random_points=10 nb_inst_per_class=30,10,30,Rsast,Max PACF
1,0.6914285714285714,5.305826425552368,0.044188737869262695,5.24950909614563,0.009019136428833008,0.002682209014892578,ArrowHead,Max PACF: n_random_points=10 nb_inst_per_class=50,10,50,Rsast,Max PACF
2,0.7142857142857143,5.378862380981445,0.04427909851074219,5.304635763168335,0.026489973068237305,0.0028312206268310547,ArrowHead,Max PACF: n_random_points=30 nb_inst_per_class=30,30,30,Rsast,Max PACF
3,0.7371428571428571,5.607623338699341,0.0443575382232666,5.525967836380005,0.03245234489440918,0.004166126251220703,ArrowHead,Max PACF: n_random_points=30 nb_inst_per_class=50,30,50,Rsast,Max PACF
4,0.6914285714285714,0.06447172164916992,0.04453253746032715,0.006643533706665039,0.00955343246459961,0.003268718719482422,ArrowHead,None: n_random_points=10 nb_inst_per_class=30,10,30,Rsast,None
5,0.6457142857142857,0.0605013370513916,0.04392361640930176,0.006560802459716797,0.007585048675537109,0.002024412155151367,ArrowHead,None: n_random_points=10 nb_inst_per_class=50,10,50,Rsast,None
6,0.7485714285714286,0.07312369346618652,0.044069766998291016,0.009865522384643555,0.015826940536499023,0.002992391586303711,ArrowHead,None: n_random_points=30 nb_inst_per_class=30,30,30,Rsast,None
7,0.68,0.08834052085876465,0.05733942985534668,0.00901031494140625,0.01856541633605957,0.002866029739379883,ArrowHead,None: n_random_points=30 nb_inst_per_class=50,30,50,Rsast,None
