,accuracy,time,cweights_time,fsubsequence_time,tdataset_time,tclassifier_time,dataset_name,classifier_name,rpoint,nb_per_class,method,len_method
0,0.7142857142857143,63.19158864021301,0.43328189849853516,61.98704981803894,0.7062020301818848,0.061075687408447266,FiftyWords,Max PACF: n_random_points=10 nb_inst_per_class=30,10,30,Rsast,Max PACF
1,0.7142857142857143,81.57063007354736,0.4689137935638428,80.27364611625671,0.7652595043182373,0.05970144271850586,FiftyWords,Max PACF: n_random_points=10 nb_inst_per_class=50,10,50,Rsast,Max PACF
2,0.7208791208791209,65.82356667518616,0.47573041915893555,63.34155821800232,1.861762285232544,0.14130020141601562,FiftyWords,Max PACF: n_random_points=30 nb_inst_per_class=30,30,30,Rsast,Max PACF
3,0.7296703296703296,78.20310664176941,0.5358552932739258,75.41125679016113,2.1053466796875,0.14722990989685059,FiftyWords,Max PACF: n_random_points=30 nb_inst_per_class=50,30,50,Rsast,Max PACF
4,0.7406593406593407,1.5152225494384766,0.5734610557556152,0.08160114288330078,0.7830159664154053,0.07317924499511719,FiftyWords,None: n_random_points=10 nb_inst_per_class=30,10,30,Rsast,None
5,0.7472527472527473,1.793252944946289,0.7572329044342041,0.1157829761505127,0.8437924385070801,0.07398581504821777,FiftyWords,None: n_random_points=10 nb_inst_per_class=50,10,50,Rsast,None
6,0.7604395604395604,3.246000289916992,0.7812292575836182,0.19678807258605957,2.0792863368988037,0.18449115753173828,FiftyWords,None: n_random_points=30 nb_inst_per_class=30,30,30,Rsast,None
7,0.7538461538461538,3.447984457015991,0.7767267227172852,0.1956923007965088,2.257824420928955,0.21407151222229004,FiftyWords,None: n_random_points=30 nb_inst_per_class=50,30,50,Rsast,None
