,accuracy,time,cweights_time,fsubsequence_time,tdataset_time,tclassifier_time,dataset_name,classifier_name,rpoint,nb_per_class,method,len_method
0,0.7777777777777778,19.005061388015747,0.07634615898132324,18.904491901397705,0.02153778076171875,0.002146482467651367,ShapeletSim,Max PACF: n_random_points=10 nb_inst_per_class=30,10,30,Rsast,Max PACF
1,0.8111111111111111,19.05566430091858,0.07660984992980957,18.964492321014404,0.011984586715698242,0.0021371841430664062,ShapeletSim,Max PACF: n_random_points=10 nb_inst_per_class=50,10,50,Rsast,Max PACF
2,0.8,19.022098302841187,0.07514119148254395,18.920506954193115,0.02309870719909668,0.0028002262115478516,ShapeletSim,Max PACF: n_random_points=30 nb_inst_per_class=30,30,30,Rsast,Max PACF
3,0.7944444444444444,19.672160625457764,0.07600975036621094,19.564451694488525,0.028800010681152344,0.002210855484008789,ShapeletSim,Max PACF: n_random_points=30 nb_inst_per_class=50,30,50,Rsast,Max PACF
4,0.5,0.09923601150512695,0.08570098876953125,0.004945278167724609,0.006145954132080078,0.0019006729125976562,ShapeletSim,None: n_random_points=10 nb_inst_per_class=30,10,30,Rsast,None
5,0.5,0.09242653846740723,0.07640600204467773,0.005331516265869141,0.008565664291381836,0.0017786026000976562,ShapeletSim,None: n_random_points=10 nb_inst_per_class=50,10,50,Rsast,None
6,0.5,0.10096573829650879,0.07568192481994629,0.006166219711303711,0.01682877540588379,0.0019073486328125,ShapeletSim,None: n_random_points=30 nb_inst_per_class=30,30,30,Rsast,None
7,0.8388888888888889,0.10731124877929688,0.075592041015625,0.006811857223510742,0.021898269653320312,0.0024695396423339844,ShapeletSim,None: n_random_points=30 nb_inst_per_class=50,30,50,Rsast,None
