,accuracy,time,cweights_time,fsubsequence_time,tdataset_time,tclassifier_time,dataset_name,classifier_name,rpoint,nb_per_class,method,len_method
0,0.89,0.7608489990234375,0.020351171493530273,0.7231526374816895,0.008675813674926758,0.006513118743896484,ECG200,Max PACF: n_random_points=10 nb_inst_per_class=30,10,30,Rsast,Max PACF
1,0.85,1.0084772109985352,0.019782304763793945,0.9695253372192383,0.012639284133911133,0.006028413772583008,ECG200,Max PACF: n_random_points=10 nb_inst_per_class=50,10,50,Rsast,Max PACF
2,0.89,0.7706327438354492,0.019719362258911133,0.7180047035217285,0.024152278900146484,0.008224248886108398,ECG200,Max PACF: n_random_points=30 nb_inst_per_class=30,30,30,Rsast,Max PACF
3,0.89,1.0509967803955078,0.019685983657836914,0.987724781036377,0.03295564651489258,0.009893417358398438,ECG200,Max PACF: n_random_points=30 nb_inst_per_class=50,30,50,Rsast,Max PACF
4,0.87,0.04530668258666992,0.01960277557373047,0.012119531631469727,0.007775545120239258,0.0051805973052978516,ECG200,None: n_random_points=10 nb_inst_per_class=30,10,30,Rsast,None
5,0.82,0.05187249183654785,0.01964855194091797,0.016600370407104492,0.009064435958862305,0.0061419010162353516,ECG200,None: n_random_points=10 nb_inst_per_class=50,10,50,Rsast,None
6,0.85,0.0640249252319336,0.020133018493652344,0.017066240310668945,0.019119977951049805,0.007250070571899414,ECG200,None: n_random_points=30 nb_inst_per_class=30,30,30,Rsast,None
7,0.89,0.07633686065673828,0.01954960823059082,0.023545265197753906,0.02422022819519043,0.00843667984008789,ECG200,None: n_random_points=30 nb_inst_per_class=50,30,50,Rsast,None
