,accuracy,time,cweights_time,fsubsequence_time,tdataset_time,tclassifier_time,dataset_name,classifier_name,rpoint,nb_per_class,method,len_method
0,0.60431654676259,80.89175605773926,0.2383098602294922,80.3370463848114,0.2905874252319336,0.023583173751831055,Earthquakes,Max PACF: n_random_points=10 nb_inst_per_class=30,10,30,Rsast,Max PACF
1,0.7122302158273381,115.29393410682678,0.12984204292297363,114.72588562965393,0.4110219478607178,0.026259899139404297,Earthquakes,Max PACF: n_random_points=10 nb_inst_per_class=50,10,50,Rsast,Max PACF
2,0.6618705035971223,68.40867805480957,0.1266632080078125,67.5765323638916,0.6740152835845947,0.030191898345947266,Earthquakes,Max PACF: n_random_points=30 nb_inst_per_class=30,30,30,Rsast,Max PACF
3,0.7194244604316546,121.38127636909485,0.12589740753173828,120.17054653167725,1.0502073764801025,0.03302288055419922,Earthquakes,Max PACF: n_random_points=30 nb_inst_per_class=50,30,50,Rsast,Max PACF
4,0.6762589928057554,0.4280586242675781,0.12624382972717285,0.014214754104614258,0.2526590824127197,0.0333101749420166,Earthquakes,None: n_random_points=10 nb_inst_per_class=30,10,30,Rsast,None
5,0.7122302158273381,0.6529197692871094,0.12912678718566895,0.023651123046875,0.4693295955657959,0.030033349990844727,Earthquakes,None: n_random_points=10 nb_inst_per_class=50,10,50,Rsast,None
6,0.6618705035971223,1.0092649459838867,0.15841913223266602,0.023493289947509766,0.7874491214752197,0.0388178825378418,Earthquakes,None: n_random_points=30 nb_inst_per_class=30,30,30,Rsast,None
7,0.7050359712230215,1.6752259731292725,0.22502851486206055,0.057233572006225586,1.3466660976409912,0.044458627700805664,Earthquakes,None: n_random_points=30 nb_inst_per_class=50,30,50,Rsast,None
