,accuracy,time,cweights_time,fsubsequence_time,tdataset_time,tclassifier_time,dataset_name,classifier_name,rpoint,nb_per_class,method,len_method
0,0.7137681159420289,0.5200271606445312,0.017361164093017578,0.3550987243652344,0.04251718521118164,0.10459160804748535,DistalPhalanxOutlineCorrect,Max PACF: n_random_points=10 nb_inst_per_class=30,10,30,Rsast,Max PACF
1,0.7246376811594203,0.8392050266265869,0.022775650024414062,0.6161882877349854,0.06614995002746582,0.1328904628753662,DistalPhalanxOutlineCorrect,Max PACF: n_random_points=10 nb_inst_per_class=50,10,50,Rsast,Max PACF
2,0.7210144927536232,0.7482028007507324,0.027684926986694336,0.43428778648376465,0.13857436180114746,0.14619851112365723,DistalPhalanxOutlineCorrect,Max PACF: n_random_points=30 nb_inst_per_class=30,30,30,Rsast,Max PACF
3,0.7246376811594203,0.9418106079101562,0.01744389533996582,0.6146295070648193,0.15625238418579102,0.15205955505371094,DistalPhalanxOutlineCorrect,Max PACF: n_random_points=30 nb_inst_per_class=50,30,50,Rsast,Max PACF
4,0.7246376811594203,1.639056921005249,0.0174562931060791,0.009438037872314453,0.03101825714111328,1.579643964767456,DistalPhalanxOutlineCorrect,None: n_random_points=10 nb_inst_per_class=30,10,30,Rsast,None
5,0.7572463768115942,0.2400951385498047,0.024698495864868164,0.0215761661529541,0.06717658042907715,0.12545990943908691,DistalPhalanxOutlineCorrect,None: n_random_points=10 nb_inst_per_class=50,10,50,Rsast,None
6,0.7101449275362319,0.3074476718902588,0.027815580368041992,0.02053046226501465,0.10870599746704102,0.1492776870727539,DistalPhalanxOutlineCorrect,None: n_random_points=30 nb_inst_per_class=30,30,30,Rsast,None
7,0.7572463768115942,0.38451480865478516,0.023337125778198242,0.029789447784423828,0.15960240364074707,0.1704847812652588,DistalPhalanxOutlineCorrect,None: n_random_points=30 nb_inst_per_class=50,30,50,Rsast,None
