,accuracy,time,cweights_time,fsubsequence_time,tdataset_time,tclassifier_time,dataset_name,classifier_name,rpoint,nb_per_class,method,len_method
0,0.9115555555555556,2.46067214012146,0.06203794479370117,2.2584309577941895,0.09641814231872559,0.04190778732299805,ECG5000,Max PACF: n_random_points=10 nb_inst_per_class=30,10,30,Rsast,Max PACF
1,0.92,3.5909600257873535,0.05686545372009277,3.3507752418518066,0.13900542259216309,0.043236494064331055,ECG5000,Max PACF: n_random_points=10 nb_inst_per_class=50,10,50,Rsast,Max PACF
2,0.9302222222222222,2.4981839656829834,0.04287242889404297,2.1589581966400146,0.22900962829589844,0.06620287895202637,ECG5000,Max PACF: n_random_points=30 nb_inst_per_class=30,30,30,Rsast,Max PACF
3,0.9293333333333333,3.5695247650146484,0.05131220817565918,3.1583564281463623,0.29070258140563965,0.06743860244750977,ECG5000,Max PACF: n_random_points=30 nb_inst_per_class=50,30,50,Rsast,Max PACF
4,0.9284444444444444,0.2532801628112793,0.06337928771972656,0.0228421688079834,0.10391116142272949,0.061322689056396484,ECG5000,None: n_random_points=10 nb_inst_per_class=30,10,30,Rsast,None
5,0.9235555555555556,0.328535795211792,0.0818331241607666,0.03853034973144531,0.13269281387329102,0.07414674758911133,ECG5000,None: n_random_points=10 nb_inst_per_class=50,10,50,Rsast,None
6,0.9244444444444444,0.46834874153137207,0.09006476402282715,0.04230022430419922,0.2473595142364502,0.08658218383789062,ECG5000,None: n_random_points=30 nb_inst_per_class=30,30,30,Rsast,None
7,0.9331111111111111,0.5291991233825684,0.07736325263977051,0.05660653114318848,0.29186034202575684,0.10139679908752441,ECG5000,None: n_random_points=30 nb_inst_per_class=50,30,50,Rsast,None
