,accuracy,time,cweights_time,fsubsequence_time,tdataset_time,tclassifier_time,dataset_name,classifier_name,rpoint,nb_per_class,method,len_method
0,0.99725,22.131020307540894,0.08722329139709473,2.4334981441497803,12.265771865844727,7.257723093032837,TwoPatterns,all: n_random_points=10 nb_inst_per_class=30,10,30,Rsast,all
1,0.99825,38.594645738601685,0.08496832847595215,3.943302869796753,19.894179344177246,14.543734788894653,TwoPatterns,all: n_random_points=10 nb_inst_per_class=50,10,50,Rsast,all
2,0.99725,55.41334390640259,0.0897362232208252,3.1115126609802246,32.82202339172363,19.234971046447754,TwoPatterns,all: n_random_points=30 nb_inst_per_class=30,30,30,Rsast,all
3,0.99725,85.39122200012207,0.08838629722595215,5.6300880908966064,52.474173069000244,26.905390977859497,TwoPatterns,all: n_random_points=30 nb_inst_per_class=50,30,50,Rsast,all
4,0.99825,6.94555926322937,0.0886390209197998,3.140533208847046,2.37284517288208,1.2408950328826904,TwoPatterns,ACF&PACF: n_random_points=10 nb_inst_per_class=30,10,30,Rsast,ACF&PACF
5,0.99775,10.809805393218994,0.08272361755371094,4.95810866355896,3.7846341133117676,1.9640955924987793,TwoPatterns,ACF&PACF: n_random_points=10 nb_inst_per_class=50,10,50,Rsast,ACF&PACF
6,0.99825,15.76375126838684,0.08777379989624023,3.2966701984405518,7.611361503601074,4.731612920761108,TwoPatterns,ACF&PACF: n_random_points=30 nb_inst_per_class=30,30,30,Rsast,ACF&PACF
7,0.99875,22.84990882873535,0.08737349510192871,5.685657739639282,10.027414083480835,6.978188991546631,TwoPatterns,ACF&PACF: n_random_points=30 nb_inst_per_class=50,30,50,Rsast,ACF&PACF
