,accuracy,time,cweights_time,fsubsequence_time,tdataset_time,tclassifier_time,dataset_name,classifier_name,rpoint,nb_per_class,method,len_method
0,0.9594594594594594,22.904258966445923,0.09752368927001953,2.979698419570923,16.681864976882935,3.088142156600952,Strawberry,all: n_random_points=10 nb_inst_per_class=30,10,30,Rsast,all
1,0.972972972972973,36.514182567596436,0.11169910430908203,4.026059627532959,27.453476667404175,4.819660425186157,Strawberry,all: n_random_points=10 nb_inst_per_class=50,10,50,Rsast,all
2,0.972972972972973,58.4819016456604,0.10866045951843262,3.6154885292053223,47.36171793937683,7.191106796264648,Strawberry,all: n_random_points=30 nb_inst_per_class=30,30,30,Rsast,all
3,0.9756756756756757,94.25628781318665,0.10804343223571777,5.554197788238525,77.51238250732422,10.816996335983276,Strawberry,all: n_random_points=30 nb_inst_per_class=50,30,50,Rsast,all
4,0.9648648648648649,11.456669807434082,0.11249804496765137,8.605040311813354,2.3368799686431885,0.2784268856048584,Strawberry,ACF&PACF: n_random_points=10 nb_inst_per_class=30,10,30,Rsast,ACF&PACF
5,0.9594594594594594,16.25440001487732,0.09768152236938477,12.207006692886353,3.4533591270446777,0.48006534576416016,Strawberry,ACF&PACF: n_random_points=10 nb_inst_per_class=50,10,50,Rsast,ACF&PACF
6,0.972972972972973,14.2703537940979,0.0803682804107666,7.109620809555054,6.107042551040649,0.9435956478118896,Strawberry,ACF&PACF: n_random_points=30 nb_inst_per_class=30,30,30,Rsast,ACF&PACF
7,0.9783783783783784,23.240769863128662,0.1090693473815918,11.470040321350098,9.81061601638794,1.8109369277954102,Strawberry,ACF&PACF: n_random_points=30 nb_inst_per_class=50,30,50,Rsast,ACF&PACF
