,accuracy,time,cweights_time,fsubsequence_time,tdataset_time,tclassifier_time,dataset_name,classifier_name,rpoint,nb_per_class,method,len_method
0,0.9587939698492463,4.636080980300903,0.18048429489135742,2.296743154525757,2.0896670818328857,0.04160165786743164,Symbols,all: n_random_points=10 nb_inst_per_class=30,10,30,Rsast,all
1,0.9587939698492463,5.164541006088257,0.18026947975158691,2.8257269859313965,2.0781421661376953,0.03779339790344238,Symbols,all: n_random_points=10 nb_inst_per_class=50,10,50,Rsast,all
2,0.9577889447236181,7.927865743637085,0.18036293983459473,3.125967025756836,4.423335313796997,0.14698410034179688,Symbols,all: n_random_points=30 nb_inst_per_class=30,30,30,Rsast,all
3,0.9577889447236181,8.099350214004517,0.1790609359741211,3.1630947589874268,4.537388801574707,0.13421964645385742,Symbols,all: n_random_points=30 nb_inst_per_class=50,30,50,Rsast,all
4,0.935678391959799,13.62939190864563,0.18115496635437012,13.114204168319702,0.27476978302001953,0.007730960845947266,Symbols,ACF&PACF: n_random_points=10 nb_inst_per_class=30,10,30,Rsast,ACF&PACF
5,0.9366834170854271,13.288195848464966,0.17936444282531738,12.826328754425049,0.2703280448913574,0.006945610046386719,Symbols,ACF&PACF: n_random_points=10 nb_inst_per_class=50,10,50,Rsast,ACF&PACF
6,0.9366834170854271,13.80446743965149,0.22832012176513672,12.92350435256958,0.6258645057678223,0.0187835693359375,Symbols,ACF&PACF: n_random_points=30 nb_inst_per_class=30,30,30,Rsast,ACF&PACF
7,0.935678391959799,13.969071865081787,0.22336792945861816,13.070918321609497,0.6430366039276123,0.018524885177612305,Symbols,ACF&PACF: n_random_points=30 nb_inst_per_class=50,30,50,Rsast,ACF&PACF
