,accuracy,time,cweights_time,fsubsequence_time,tdataset_time,tclassifier_time,dataset_name,classifier_name,rpoint,nb_per_class,method,len_method
0,0.9733333333333334,2.0762457847595215,0.04264664649963379,1.3476619720458984,0.6125757694244385,0.05839276313781738,GunPoint,all: n_random_points=10 nb_inst_per_class=30,10,30,Rsast,all
1,0.98,1.9851646423339844,0.03385329246520996,1.2596125602722168,0.6223859786987305,0.052893638610839844,GunPoint,all: n_random_points=10 nb_inst_per_class=50,10,50,Rsast,all
2,0.98,3.5581846237182617,0.031205415725708008,1.584054946899414,1.689070463180542,0.21748638153076172,GunPoint,all: n_random_points=30 nb_inst_per_class=30,30,30,Rsast,all
3,0.98,3.5472967624664307,0.026894092559814453,1.4609615802764893,1.7917187213897705,0.2216496467590332,GunPoint,all: n_random_points=30 nb_inst_per_class=50,30,50,Rsast,all
4,0.9866666666666667,1.7773749828338623,0.023435115814208984,1.6221468448638916,0.09892463684082031,0.011777639389038086,GunPoint,ACF&PACF: n_random_points=10 nb_inst_per_class=30,10,30,Rsast,ACF&PACF
5,0.9933333333333333,1.7477033138275146,0.02374553680419922,1.5978879928588867,0.10837173461914062,0.014645814895629883,GunPoint,ACF&PACF: n_random_points=10 nb_inst_per_class=50,10,50,Rsast,ACF&PACF
6,0.98,2.0153021812438965,0.023874521255493164,1.6941852569580078,0.265988826751709,0.022188663482666016,GunPoint,ACF&PACF: n_random_points=30 nb_inst_per_class=30,30,30,Rsast,ACF&PACF
7,0.9866666666666667,2.0286800861358643,0.023639678955078125,1.677903652191162,0.286940336227417,0.029671669006347656,GunPoint,ACF&PACF: n_random_points=30 nb_inst_per_class=50,30,50,Rsast,ACF&PACF
