,accuracy,time,cweights_time,fsubsequence_time,tdataset_time,tclassifier_time,dataset_name,classifier_name,rpoint,nb_per_class,method,len_method
0,0.8771929824561403,4.414278030395508,0.07471609115600586,2.181698799133301,2.037230968475342,0.09519481658935547,ToeSegmentation1,all: n_random_points=10 nb_inst_per_class=30,10,30,Rsast,all
1,0.881578947368421,4.451379060745239,0.07786440849304199,2.182518720626831,2.06659197807312,0.0930943489074707,ToeSegmentation1,all: n_random_points=10 nb_inst_per_class=50,10,50,Rsast,all
2,0.881578947368421,7.3059985637664795,0.07771539688110352,2.8217506408691406,4.120471715927124,0.2342383861541748,ToeSegmentation1,all: n_random_points=30 nb_inst_per_class=30,30,30,Rsast,all
3,0.881578947368421,7.8502724170684814,0.07827115058898926,3.24224853515625,4.1932759284973145,0.24389290809631348,ToeSegmentation1,all: n_random_points=30 nb_inst_per_class=50,30,50,Rsast,all
4,0.8947368421052632,8.684066772460938,0.07744932174682617,8.28425669670105,0.2730889320373535,0.011837959289550781,ToeSegmentation1,ACF&PACF: n_random_points=10 nb_inst_per_class=30,10,30,Rsast,ACF&PACF
5,0.8947368421052632,7.27053427696228,0.04432487487792969,6.934938192367554,0.2753424644470215,0.011673927307128906,ToeSegmentation1,ACF&PACF: n_random_points=10 nb_inst_per_class=50,10,50,Rsast,ACF&PACF
6,0.8859649122807017,8.004549980163574,0.050024986267089844,7.227473974227905,0.695765495300293,0.02387261390686035,ToeSegmentation1,ACF&PACF: n_random_points=30 nb_inst_per_class=30,30,30,Rsast,ACF&PACF
7,0.8859649122807017,8.365164756774902,0.07775044441223145,7.569363832473755,0.6698660850524902,0.029691457748413086,ToeSegmentation1,ACF&PACF: n_random_points=30 nb_inst_per_class=50,30,50,Rsast,ACF&PACF
