,accuracy,time,cweights_time,fsubsequence_time,tdataset_time,tclassifier_time,dataset_name,classifier_name,rpoint,nb_per_class,method,len_method
0,0.8817204301075269,0.7285301685333252,0.07475662231445312,0.45959043502807617,0.17624926567077637,0.012102603912353516,Fungi,all: n_random_points=10 nb_inst_per_class=30,10,30,Rsast,all
1,0.8817204301075269,1.0746030807495117,0.07433915138244629,0.7888805866241455,0.18298864364624023,0.015023946762084961,Fungi,all: n_random_points=10 nb_inst_per_class=50,10,50,Rsast,all
2,0.8817204301075269,1.9914519786834717,0.12979817390441895,1.2617027759552002,0.526216983795166,0.038810014724731445,Fungi,all: n_random_points=30 nb_inst_per_class=30,30,30,Rsast,all
3,0.8870967741935484,1.9722480773925781,0.11550593376159668,1.289872407913208,0.49449682235717773,0.03245401382446289,Fungi,all: n_random_points=30 nb_inst_per_class=50,30,50,Rsast,all
4,1.0,1.896052360534668,0.07030701637268066,1.7815525531768799,0.022371530532836914,0.0034847259521484375,Fungi,ACF&PACF: n_random_points=10 nb_inst_per_class=30,10,30,Rsast,ACF&PACF
5,0.9946236559139785,1.695383071899414,0.05104541778564453,1.6078159809112549,0.03157496452331543,0.0038394927978515625,Fungi,ACF&PACF: n_random_points=10 nb_inst_per_class=50,10,50,Rsast,ACF&PACF
6,1.0,1.9479851722717285,0.06592822074890137,1.7980830669403076,0.0738987922668457,0.006044864654541016,Fungi,ACF&PACF: n_random_points=30 nb_inst_per_class=30,30,30,Rsast,ACF&PACF
7,1.0,1.9061851501464844,0.051157474517822266,1.7727503776550293,0.06950640678405762,0.00635528564453125,Fungi,ACF&PACF: n_random_points=30 nb_inst_per_class=50,30,50,Rsast,ACF&PACF
