,accuracy,time,cweights_time,fsubsequence_time,tdataset_time,tclassifier_time,dataset_name,classifier_name,rpoint,nb_per_class,method,len_method
0,0.7938144329896907,3.9097256660461426,0.03200411796569824,0.9180512428283691,2.00067138671875,0.9369800090789795,MiddlePhalanxOutlineCorrect,all: n_random_points=10 nb_inst_per_class=30,10,30,Rsast,all
1,0.7766323024054983,5.892309665679932,0.025231361389160156,1.479811429977417,2.7960987091064453,1.5580942630767822,MiddlePhalanxOutlineCorrect,all: n_random_points=10 nb_inst_per_class=50,10,50,Rsast,all
2,0.7800687285223368,7.080809593200684,0.018056631088256836,0.8091156482696533,3.8676750659942627,2.335740327835083,MiddlePhalanxOutlineCorrect,all: n_random_points=30 nb_inst_per_class=30,30,30,Rsast,all
3,0.8075601374570447,12.134751319885254,0.018375635147094727,2.1397135257720947,6.058650732040405,3.841339111328125,MiddlePhalanxOutlineCorrect,all: n_random_points=30 nb_inst_per_class=50,30,50,Rsast,all
4,0.8178694158075601,1.3167486190795898,0.024497270584106445,0.6495447158813477,0.4271373748779297,0.18036222457885742,MiddlePhalanxOutlineCorrect,ACF&PACF: n_random_points=10 nb_inst_per_class=30,10,30,Rsast,ACF&PACF
5,0.7869415807560137,1.6505203247070312,0.030080795288085938,0.9199836254119873,0.4518418312072754,0.2453930377960205,MiddlePhalanxOutlineCorrect,ACF&PACF: n_random_points=10 nb_inst_per_class=50,10,50,Rsast,ACF&PACF
6,0.7731958762886598,1.6499955654144287,0.018164396286010742,0.5008280277252197,0.7889368534088135,0.3378415107727051,MiddlePhalanxOutlineCorrect,ACF&PACF: n_random_points=30 nb_inst_per_class=30,30,30,Rsast,ACF&PACF
7,0.7422680412371134,2.868373155593872,0.0305938720703125,1.2051596641540527,1.1241633892059326,0.5005049705505371,MiddlePhalanxOutlineCorrect,ACF&PACF: n_random_points=30 nb_inst_per_class=50,30,50,Rsast,ACF&PACF
