,accuracy,time,cweights_time,fsubsequence_time,tdataset_time,tclassifier_time,dataset_name,classifier_name,rpoint,nb_per_class,method,len_method
0,0.5,6.314178943634033,0.030555009841918945,1.6141502857208252,2.993267774581909,1.6364176273345947,MiddlePhalanxTW,all: n_random_points=10 nb_inst_per_class=30,10,30,Rsast,all
1,0.4935064935064935,9.402266263961792,0.031752824783325195,2.547095775604248,4.161376714706421,2.6000449657440186,MiddlePhalanxTW,all: n_random_points=10 nb_inst_per_class=50,10,50,Rsast,all
2,0.5064935064935064,15.945188045501709,0.028301715850830078,2.405250072479248,7.208639621734619,6.186213493347168,MiddlePhalanxTW,all: n_random_points=30 nb_inst_per_class=30,30,30,Rsast,all
3,0.5,20.687896251678467,0.04002094268798828,3.9519479274749756,8.72303056716919,7.820552349090576,MiddlePhalanxTW,all: n_random_points=30 nb_inst_per_class=50,30,50,Rsast,all
4,0.5064935064935064,2.0155205726623535,0.029649972915649414,1.2889997959136963,0.48265671730041504,0.16095376014709473,MiddlePhalanxTW,ACF&PACF: n_random_points=10 nb_inst_per_class=30,10,30,Rsast,ACF&PACF
5,0.538961038961039,2.8378853797912598,0.025694608688354492,1.7991361618041992,0.7691671848297119,0.23899340629577637,MiddlePhalanxTW,ACF&PACF: n_random_points=10 nb_inst_per_class=50,10,50,Rsast,ACF&PACF
6,0.512987012987013,3.498415946960449,0.026546716690063477,1.4379472732543945,1.4395344257354736,0.5741205215454102,MiddlePhalanxTW,ACF&PACF: n_random_points=30 nb_inst_per_class=30,30,30,Rsast,ACF&PACF
7,0.5324675324675324,5.124269485473633,0.04623103141784668,2.5118210315704346,1.7630596160888672,0.7718510627746582,MiddlePhalanxTW,ACF&PACF: n_random_points=30 nb_inst_per_class=50,30,50,Rsast,ACF&PACF
