,accuracy,time,cweights_time,fsubsequence_time,tdataset_time,tclassifier_time,dataset_name,classifier_name,rpoint,nb_per_class,method,len_method
0,0.88,1.3769681453704834,0.016216516494750977,0.6822185516357422,0.5769367218017578,0.08391904830932617,ECG200,all: n_random_points=10 nb_inst_per_class=30,10,30,Rsast,all
1,0.88,2.2045071125030518,0.022257328033447266,1.231959581375122,0.7863960266113281,0.14594483375549316,ECG200,all: n_random_points=10 nb_inst_per_class=50,10,50,Rsast,all
2,0.88,3.6040079593658447,0.028737545013427734,1.4701502323150635,1.5477354526519775,0.5234010219573975,ECG200,all: n_random_points=30 nb_inst_per_class=30,30,30,Rsast,all
3,0.88,4.031440734863281,0.02357935905456543,1.649064064025879,1.857306718826294,0.45868659019470215,ECG200,all: n_random_points=30 nb_inst_per_class=50,30,50,Rsast,all
4,0.9,0.9469044208526611,0.019049644470214844,0.71527099609375,0.1638965606689453,0.02562546730041504,ECG200,ACF&PACF: n_random_points=10 nb_inst_per_class=30,10,30,Rsast,ACF&PACF
5,0.9,1.1451573371887207,0.01897740364074707,0.9076046943664551,0.17896032333374023,0.03672981262207031,ECG200,ACF&PACF: n_random_points=10 nb_inst_per_class=50,10,50,Rsast,ACF&PACF
6,0.89,1.05790376663208,0.015923500061035156,0.7023138999938965,0.2789750099182129,0.05755472183227539,ECG200,ACF&PACF: n_random_points=30 nb_inst_per_class=30,30,30,Rsast,ACF&PACF
7,0.9,1.430426836013794,0.016791582107543945,0.9862618446350098,0.344982385635376,0.07546329498291016,ECG200,ACF&PACF: n_random_points=30 nb_inst_per_class=50,30,50,Rsast,ACF&PACF
