,accuracy,time,cweights_time,fsubsequence_time,tdataset_time,tclassifier_time,dataset_name,classifier_name,rpoint,nb_per_class,method,len_method
0,1.0,0.5318925380706787,0.022017717361450195,0.37223219871520996,0.11704587936401367,0.017708778381347656,ECGFiveDays,all: n_random_points=10 nb_inst_per_class=30,10,30,Rsast,all
1,1.0,0.8811962604522705,0.03342580795288086,0.6981415748596191,0.12794256210327148,0.014336347579956055,ECGFiveDays,all: n_random_points=10 nb_inst_per_class=50,10,50,Rsast,all
2,1.0,1.424429178237915,0.03998708724975586,1.0087237358093262,0.3186006546020508,0.04043269157409668,ECGFiveDays,all: n_random_points=30 nb_inst_per_class=30,30,30,Rsast,all
3,1.0,1.5304803848266602,0.03884530067443848,1.081761121749878,0.34040284156799316,0.042594194412231445,ECGFiveDays,all: n_random_points=30 nb_inst_per_class=50,30,50,Rsast,all
4,1.0,1.2735393047332764,0.03809189796447754,1.212087631225586,0.0063860416412353516,0.0028426647186279297,ECGFiveDays,ACF&PACF: n_random_points=10 nb_inst_per_class=30,10,30,Rsast,ACF&PACF
5,1.0,0.8427727222442627,0.02282118797302246,0.8117103576660156,0.0050694942474365234,0.002583742141723633,ECGFiveDays,ACF&PACF: n_random_points=10 nb_inst_per_class=50,10,50,Rsast,ACF&PACF
6,1.0,0.8507964611053467,0.026983022689819336,0.8008277416229248,0.01907062530517578,0.0032825469970703125,ECGFiveDays,ACF&PACF: n_random_points=30 nb_inst_per_class=30,30,30,Rsast,ACF&PACF
7,1.0,0.8335402011871338,0.021616220474243164,0.7868945598602295,0.020768404006958008,0.0033304691314697266,ECGFiveDays,ACF&PACF: n_random_points=30 nb_inst_per_class=50,30,50,Rsast,ACF&PACF
