,accuracy,time,cweights_time,fsubsequence_time,tdataset_time,tclassifier_time,dataset_name,classifier_name,rpoint,nb_per_class,method,len_method
0,0.9833333333333333,4.65660548210144,0.046799659729003906,1.5406534671783447,2.184765100479126,0.8556454181671143,PowerCons,all: n_random_points=10 nb_inst_per_class=30,10,30,Rsast,all
1,0.9722222222222222,6.7026143074035645,0.046482086181640625,2.2928316593170166,3.1052286624908447,1.2155354022979736,PowerCons,all: n_random_points=10 nb_inst_per_class=50,10,50,Rsast,all
2,0.9611111111111111,8.680894613265991,0.04310321807861328,2.0466721057891846,4.767701864242554,1.7614805698394775,PowerCons,all: n_random_points=30 nb_inst_per_class=30,30,30,Rsast,all
3,0.9666666666666667,12.972193717956543,0.03304696083068848,2.809357166290283,6.889351844787598,3.147057056427002,PowerCons,all: n_random_points=30 nb_inst_per_class=50,30,50,Rsast,all
4,0.8833333333333333,3.1424365043640137,0.045937299728393555,2.611604928970337,0.36380624771118164,0.0601348876953125,PowerCons,ACF&PACF: n_random_points=10 nb_inst_per_class=30,10,30,Rsast,ACF&PACF
5,0.8833333333333333,3.6835498809814453,0.025408506393432617,2.9998421669006348,0.5530011653900146,0.1013803482055664,PowerCons,ACF&PACF: n_random_points=10 nb_inst_per_class=50,10,50,Rsast,ACF&PACF
6,0.8722222222222222,3.2958638668060303,0.024861574172973633,1.9194104671478271,1.059985637664795,0.2831273078918457,PowerCons,ACF&PACF: n_random_points=30 nb_inst_per_class=30,30,30,Rsast,ACF&PACF
7,0.8833333333333333,6.004552125930786,0.04056739807128906,4.004825830459595,1.463740587234497,0.47144651412963867,PowerCons,ACF&PACF: n_random_points=30 nb_inst_per_class=50,30,50,Rsast,ACF&PACF
