,accuracy,time,cweights_time,fsubsequence_time,tdataset_time,tclassifier_time,dataset_name,classifier_name,rpoint,nb_per_class,method,len_method
0,0.7452631578947368,3.0520644187927246,0.08227348327636719,1.6857616901397705,1.2223186492919922,0.036478519439697266,FreezerSmallTrain,all: n_random_points=10 nb_inst_per_class=30,10,30,Rsast,all
1,0.7435087719298246,3.2331254482269287,0.08202290534973145,1.854353427886963,1.2441046237945557,0.034159183502197266,FreezerSmallTrain,all: n_random_points=10 nb_inst_per_class=50,10,50,Rsast,all
2,0.7421052631578947,5.7450010776519775,0.0837392807006836,2.5069079399108887,2.9896252155303955,0.1315441131591797,FreezerSmallTrain,all: n_random_points=30 nb_inst_per_class=30,30,30,Rsast,all
3,0.7428070175438597,4.845670938491821,0.052022695541381836,1.7986395359039307,2.8077266216278076,0.12994122505187988,FreezerSmallTrain,all: n_random_points=30 nb_inst_per_class=50,30,50,Rsast,all
4,0.8470175438596491,10.405129194259644,0.07672739028930664,10.149073123931885,0.12371587753295898,0.018492698669433594,FreezerSmallTrain,ACF&PACF: n_random_points=10 nb_inst_per_class=30,10,30,Rsast,ACF&PACF
5,0.8596491228070176,7.218185186386108,0.08296394348144531,7.0433008670806885,0.0844888687133789,0.004126548767089844,FreezerSmallTrain,ACF&PACF: n_random_points=10 nb_inst_per_class=50,10,50,Rsast,ACF&PACF
6,0.8547368421052631,6.749918699264526,0.08933472633361816,6.408013820648193,0.24148964881896973,0.007573604583740234,FreezerSmallTrain,ACF&PACF: n_random_points=30 nb_inst_per_class=30,30,30,Rsast,ACF&PACF
7,0.8466666666666667,7.488181829452515,0.08259963989257812,7.148790121078491,0.23952198028564453,0.009202718734741211,FreezerSmallTrain,ACF&PACF: n_random_points=30 nb_inst_per_class=50,30,50,Rsast,ACF&PACF
