,accuracy,time,cweights_time,fsubsequence_time,tdataset_time,tclassifier_time,dataset_name,classifier_name,rpoint,nb_per_class,method,len_method
0,0.7781065088757396,37.56731343269348,0.13909125328063965,7.417717218399048,22.66188883781433,7.15469765663147,FaceAll,all: n_random_points=10 nb_inst_per_class=30,10,30,Rsast,all
1,0.7781065088757396,47.47959804534912,0.07731747627258301,8.614949226379395,29.19184923171997,9.309696435928345,FaceAll,all: n_random_points=10 nb_inst_per_class=50,10,50,Rsast,all
2,0.7745562130177515,90.29782104492188,0.0740056037902832,10.302793741226196,63.3376841545105,16.177962064743042,FaceAll,all: n_random_points=30 nb_inst_per_class=30,30,30,Rsast,all
3,0.7757396449704143,122.47619342803955,0.14262795448303223,14.004367351531982,85.04056406021118,22.797371864318848,FaceAll,all: n_random_points=30 nb_inst_per_class=50,30,50,Rsast,all
4,0.785207100591716,16.402844667434692,0.14071321487426758,11.044772624969482,3.731433629989624,1.14017915725708,FaceAll,ACF&PACF: n_random_points=10 nb_inst_per_class=30,10,30,Rsast,ACF&PACF
5,0.7840236686390533,21.661052465438843,0.14821100234985352,14.980126142501831,4.90188193321228,1.5899484157562256,FaceAll,ACF&PACF: n_random_points=10 nb_inst_per_class=50,10,50,Rsast,ACF&PACF
6,0.7828402366863906,26.39559245109558,0.13832664489746094,11.678191184997559,10.725595951080322,3.7516403198242188,FaceAll,ACF&PACF: n_random_points=30 nb_inst_per_class=30,30,30,Rsast,ACF&PACF
7,0.7840236686390533,33.52347183227539,0.13773322105407715,14.248984098434448,14.40003776550293,4.58467435836792,FaceAll,ACF&PACF: n_random_points=30 nb_inst_per_class=50,30,50,Rsast,ACF&PACF
