,accuracy,time,cweights_time,fsubsequence_time,tdataset_time,tclassifier_time,dataset_name,classifier_name,rpoint,nb_per_class,method,len_method
0,0.8768115942028986,1.7127411365509033,0.06005406379699707,0.9934403896331787,0.6284377574920654,0.018405437469482422,DodgerLoopGame,all: n_random_points=10 nb_inst_per_class=30,10,30,Rsast,all
1,0.8768115942028986,2.0982553958892822,0.08130598068237305,1.3261947631835938,0.6534900665283203,0.02079319953918457,DodgerLoopGame,all: n_random_points=10 nb_inst_per_class=50,10,50,Rsast,all
2,0.855072463768116,3.602329969406128,0.08035612106323242,1.7313153743743896,1.7138209342956543,0.046285152435302734,DodgerLoopGame,all: n_random_points=30 nb_inst_per_class=30,30,30,Rsast,all
3,0.855072463768116,3.9143073558807373,0.08024740219116211,2.014953136444092,1.7316863536834717,0.04356527328491211,DodgerLoopGame,all: n_random_points=30 nb_inst_per_class=50,30,50,Rsast,all
4,0.8188405797101449,5.268627643585205,0.0805199146270752,5.033134460449219,0.12392854690551758,0.008382081985473633,DodgerLoopGame,ACF&PACF: n_random_points=10 nb_inst_per_class=30,10,30,Rsast,ACF&PACF
5,0.8115942028985508,4.4190051555633545,0.045279741287231445,4.241291046142578,0.1218411922454834,0.008090734481811523,DodgerLoopGame,ACF&PACF: n_random_points=10 nb_inst_per_class=50,10,50,Rsast,ACF&PACF
6,0.8260869565217391,4.840332746505737,0.04502248764038086,4.44593358039856,0.3252429962158203,0.018550395965576172,DodgerLoopGame,ACF&PACF: n_random_points=30 nb_inst_per_class=30,30,30,Rsast,ACF&PACF
7,0.8188405797101449,5.224100351333618,0.0808098316192627,4.864535570144653,0.2567019462585449,0.01251077651977539,DodgerLoopGame,ACF&PACF: n_random_points=30 nb_inst_per_class=50,30,50,Rsast,ACF&PACF
