,accuracy,time,cweights_time,fsubsequence_time,tdataset_time,tclassifier_time,dataset_name,classifier_name,rpoint,nb_per_class,method,len_method
0,0.9886363636363636,2.7393250465393066,0.09087848663330078,1.2226769924163818,1.3711023330688477,0.03714942932128906,FaceFour,all: n_random_points=10 nb_inst_per_class=30,10,30,Rsast,all
1,0.9886363636363636,2.792414426803589,0.0803067684173584,1.2877655029296875,1.3731215000152588,0.030083894729614258,FaceFour,all: n_random_points=10 nb_inst_per_class=50,10,50,Rsast,all
2,1.0,5.538310289382935,0.11916375160217285,2.0239508152008057,3.240776538848877,0.11208343505859375,FaceFour,all: n_random_points=30 nb_inst_per_class=30,30,30,Rsast,all
3,1.0,6.0889952182769775,0.14260268211364746,2.5849671363830566,3.184777021408081,0.11428117752075195,FaceFour,all: n_random_points=30 nb_inst_per_class=50,30,50,Rsast,all
4,1.0,9.06405258178711,0.12720060348510742,8.65632677078247,0.2404155731201172,0.009006500244140625,FaceFour,ACF&PACF: n_random_points=10 nb_inst_per_class=30,10,30,Rsast,ACF&PACF
5,1.0,8.803398609161377,0.07126021385192871,8.485798597335815,0.23623228073120117,0.00648808479309082,FaceFour,ACF&PACF: n_random_points=10 nb_inst_per_class=50,10,50,Rsast,ACF&PACF
6,1.0,9.276607990264893,0.08073878288269043,8.604160070419312,0.5657651424407959,0.017629384994506836,FaceFour,ACF&PACF: n_random_points=30 nb_inst_per_class=30,30,30,Rsast,ACF&PACF
7,1.0,9.200644254684448,0.0699758529663086,8.504020929336548,0.5930891036987305,0.017176151275634766,FaceFour,ACF&PACF: n_random_points=30 nb_inst_per_class=50,30,50,Rsast,ACF&PACF
