,accuracy,time,cweights_time,fsubsequence_time,tdataset_time,tclassifier_time,dataset_name,classifier_name,rpoint,nb_per_class,method,len_method
0,0.474025974025974,6.504422903060913,0.03325772285461426,1.6618828773498535,2.9857919216156006,1.7595865726470947,MiddlePhalanxTW,all: n_random_points=10 nb_inst_per_class=30,10,30,Rsast,all
1,0.5,8.19177532196045,0.03303956985473633,2.188612222671509,3.6080198287963867,2.271465539932251,MiddlePhalanxTW,all: n_random_points=10 nb_inst_per_class=50,10,50,Rsast,all
2,0.5064935064935064,14.86527681350708,0.03216958045959473,2.349696397781372,6.685571670532227,5.6458821296691895,MiddlePhalanxTW,all: n_random_points=30 nb_inst_per_class=30,30,30,Rsast,all
3,0.5064935064935064,19.481104612350464,0.04350113868713379,3.426311731338501,8.777027368545532,7.077976226806641,MiddlePhalanxTW,all: n_random_points=30 nb_inst_per_class=50,30,50,Rsast,all
4,0.487012987012987,2.316225290298462,0.04233860969543457,1.5008642673492432,0.5181565284729004,0.20710277557373047,MiddlePhalanxTW,ACF&PACF: n_random_points=10 nb_inst_per_class=30,10,30,Rsast,ACF&PACF
5,0.5194805194805194,3.086414098739624,0.03481316566467285,2.0761499404907227,0.7242777347564697,0.2444002628326416,MiddlePhalanxTW,ACF&PACF: n_random_points=10 nb_inst_per_class=50,10,50,Rsast,ACF&PACF
6,0.551948051948052,3.72688627243042,0.04262423515319824,1.9410979747772217,1.2571120262145996,0.4635336399078369,MiddlePhalanxTW,ACF&PACF: n_random_points=30 nb_inst_per_class=30,30,30,Rsast,ACF&PACF
7,0.5194805194805194,5.544391870498657,0.056890249252319336,2.7272891998291016,1.8852894306182861,0.8412184715270996,MiddlePhalanxTW,ACF&PACF: n_random_points=30 nb_inst_per_class=50,30,50,Rsast,ACF&PACF
