,accuracy,time,cweights_time,fsubsequence_time,tdataset_time,tclassifier_time,dataset_name,classifier_name,rpoint,nb_per_class,method,len_method
0,0.7564102564102564,133.47471499443054,0.29942750930786133,15.323332071304321,104.96787667274475,12.558860778808594,CricketZ,all: n_random_points=10 nb_inst_per_class=30,10,30,Rsast,all
1,0.7615384615384615,149.8245415687561,0.2677743434906006,17.131211280822754,116.82374048233032,15.180718421936035,CricketZ,all: n_random_points=10 nb_inst_per_class=50,10,50,Rsast,all
2,0.7589743589743589,374.6550998687744,0.29117369651794434,23.356257438659668,309.68850779533386,40.763383865356445,CricketZ,all: n_random_points=30 nb_inst_per_class=30,30,30,Rsast,all
3,0.764102564102564,414.2901804447174,0.2933375835418701,25.631537199020386,346.0122981071472,41.49802207946777,CricketZ,all: n_random_points=30 nb_inst_per_class=50,30,50,Rsast,all
4,0.7871794871794872,105.39223551750183,0.15113329887390137,92.2345814704895,11.538904190063477,1.0076167583465576,CricketZ,ACF&PACF: n_random_points=10 nb_inst_per_class=30,10,30,Rsast,ACF&PACF
5,0.7897435897435897,101.93659281730652,0.2288188934326172,87.5498731136322,12.900333166122437,1.2081384658813477,CricketZ,ACF&PACF: n_random_points=10 nb_inst_per_class=50,10,50,Rsast,ACF&PACF
6,0.7974358974358975,121.18865823745728,0.16312265396118164,79.8458456993103,35.25061082839966,5.816999197006226,CricketZ,ACF&PACF: n_random_points=30 nb_inst_per_class=30,30,30,Rsast,ACF&PACF
7,0.7948717948717948,135.6182165145874,0.3024022579193115,91.05724954605103,39.05408000946045,5.058287620544434,CricketZ,ACF&PACF: n_random_points=30 nb_inst_per_class=50,30,50,Rsast,ACF&PACF
