,accuracy,time,cweights_time,fsubsequence_time,tdataset_time,tclassifier_time,dataset_name,classifier_name,rpoint,nb_per_class,method,len_method
0,0.7609756097560976,4.136060476303101,0.02527165412902832,1.396334171295166,1.9476678371429443,0.7302765846252441,ProximalPhalanxOutlineAgeGroup,all: n_random_points=10 nb_inst_per_class=30,10,30,Rsast,all
1,0.8,5.727979421615601,0.026575326919555664,1.5283236503601074,2.815671920776367,1.3098852634429932,ProximalPhalanxOutlineAgeGroup,all: n_random_points=10 nb_inst_per_class=50,10,50,Rsast,all
2,0.8,8.634055376052856,0.029001235961914062,1.6325740814208984,3.903383255004883,3.006586790084839,ProximalPhalanxOutlineAgeGroup,all: n_random_points=30 nb_inst_per_class=30,30,30,Rsast,all
3,0.7804878048780488,14.6736478805542,0.025255203247070312,2.941098213195801,5.889618396759033,5.706534147262573,ProximalPhalanxOutlineAgeGroup,all: n_random_points=30 nb_inst_per_class=50,30,50,Rsast,all
4,0.8,1.153343677520752,0.018357515335083008,0.6998863220214844,0.32939696311950684,0.07490324974060059,ProximalPhalanxOutlineAgeGroup,ACF&PACF: n_random_points=10 nb_inst_per_class=30,10,30,Rsast,ACF&PACF
5,0.7902439024390244,1.7203395366668701,0.024107694625854492,1.1409344673156738,0.43044543266296387,0.12046360969543457,ProximalPhalanxOutlineAgeGroup,ACF&PACF: n_random_points=10 nb_inst_per_class=50,10,50,Rsast,ACF&PACF
6,0.7902439024390244,1.7515790462493896,0.01842212677001953,0.7373027801513672,0.7498269081115723,0.23877310752868652,ProximalPhalanxOutlineAgeGroup,ACF&PACF: n_random_points=30 nb_inst_per_class=30,30,30,Rsast,ACF&PACF
7,0.775609756097561,3.125384569168091,0.033620357513427734,1.4815425872802734,1.046354055404663,0.5549373626708984,ProximalPhalanxOutlineAgeGroup,ACF&PACF: n_random_points=30 nb_inst_per_class=50,30,50,Rsast,ACF&PACF
