,accuracy,time,cweights_time,fsubsequence_time,tdataset_time,tclassifier_time,dataset_name,classifier_name,rpoint,nb_per_class,method,len_method
0,0.7666666666666667,136.82979655265808,0.29401254653930664,17.06650424003601,105.36046528816223,13.859974145889282,CricketX,all: n_random_points=10 nb_inst_per_class=30,10,30,Rsast,all
1,0.7589743589743589,151.17394924163818,0.28385257720947266,16.348833322525024,117.83607459068298,16.154366970062256,CricketX,all: n_random_points=10 nb_inst_per_class=50,10,50,Rsast,all
2,0.7666666666666667,372.2509124279022,0.1536262035369873,22.60613226890564,309.0679380893707,39.84817028045654,CricketX,all: n_random_points=30 nb_inst_per_class=30,30,30,Rsast,all
3,0.7692307692307693,414.78570079803467,0.2937619686126709,25.92752981185913,346.16609048843384,41.27753949165344,CricketX,all: n_random_points=30 nb_inst_per_class=50,30,50,Rsast,all
4,0.7974358974358975,86.38873720169067,0.2972681522369385,73.16614031791687,11.110662460327148,1.1451787948608398,CricketX,ACF&PACF: n_random_points=10 nb_inst_per_class=30,10,30,Rsast,ACF&PACF
5,0.7923076923076923,96.12065505981445,0.29770827293395996,81.14159870147705,13.449600219726562,1.1821558475494385,CricketX,ACF&PACF: n_random_points=10 nb_inst_per_class=50,10,50,Rsast,ACF&PACF
6,0.8,115.15126371383667,0.2992701530456543,75.13939666748047,34.4303822517395,5.1885786056518555,CricketX,ACF&PACF: n_random_points=30 nb_inst_per_class=30,30,30,Rsast,ACF&PACF
7,0.8076923076923077,129.6227629184723,0.2918283939361572,86.95188641548157,37.594003438949585,4.652721643447876,CricketX,ACF&PACF: n_random_points=30 nb_inst_per_class=50,30,50,Rsast,ACF&PACF
