,accuracy,time,cweights_time,fsubsequence_time,tdataset_time,tclassifier_time,dataset_name,classifier_name,rpoint,nb_per_class,method,len_method
0,0.6912225705329154,53.321906089782715,0.4126763343811035,9.962859630584717,37.836517572402954,4.901326656341553,WordSynonyms,all: n_random_points=10 nb_inst_per_class=30,10,30,Rsast,all
1,0.6912225705329154,56.11383080482483,0.41027021408081055,10.086132764816284,40.07962131500244,5.260497808456421,WordSynonyms,all: n_random_points=10 nb_inst_per_class=50,10,50,Rsast,all
2,0.6974921630094044,135.78307795524597,0.21858835220336914,13.089340209960938,110.07392358779907,11.949588537216187,WordSynonyms,all: n_random_points=30 nb_inst_per_class=30,30,30,Rsast,all
3,0.6959247648902821,150.11302709579468,0.20721745491027832,14.529025554656982,117.8409640789032,16.97325825691223,WordSynonyms,all: n_random_points=30 nb_inst_per_class=50,30,50,Rsast,all
4,0.6833855799373041,52.73903179168701,0.20769214630126953,42.517722368240356,8.998098611831665,0.770136833190918,WordSynonyms,ACF&PACF: n_random_points=10 nb_inst_per_class=30,10,30,Rsast,ACF&PACF
5,0.677115987460815,57.708475828170776,0.40462732315063477,46.318599700927734,9.988665580749512,0.9494211673736572,WordSynonyms,ACF&PACF: n_random_points=10 nb_inst_per_class=50,10,50,Rsast,ACF&PACF
6,0.6849529780564263,75.22921419143677,0.40804624557495117,42.97283363342285,27.39101481437683,4.342606067657471,WordSynonyms,ACF&PACF: n_random_points=30 nb_inst_per_class=30,30,30,Rsast,ACF&PACF
7,0.6802507836990596,82.91530466079712,0.40393495559692383,47.060171127319336,30.746307134628296,4.529091835021973,WordSynonyms,ACF&PACF: n_random_points=30 nb_inst_per_class=50,30,50,Rsast,ACF&PACF
