,accuracy,time,cweights_time,fsubsequence_time,tdataset_time,tclassifier_time,dataset_name,classifier_name,rpoint,nb_per_class,method,len_method
0,0.998,23.32676362991333,0.08697342872619629,2.9554996490478516,12.397809982299805,7.757720470428467,TwoPatterns,all: n_random_points=10 nb_inst_per_class=30,10,30,Rsast,all
1,0.9975,33.774343490600586,0.0769655704498291,3.0381593704223633,18.735421657562256,11.75238037109375,TwoPatterns,all: n_random_points=10 nb_inst_per_class=50,10,50,Rsast,all
2,0.99825,54.452638149261475,0.04963850975036621,2.7244513034820557,33.12918138504028,18.32215452194214,TwoPatterns,all: n_random_points=30 nb_inst_per_class=30,30,30,Rsast,all
3,0.99825,88.72203207015991,0.046341657638549805,4.55232572555542,52.42173933982849,31.462545156478882,TwoPatterns,all: n_random_points=30 nb_inst_per_class=50,30,50,Rsast,all
4,0.99775,7.643658638000488,0.0874626636505127,4.323846817016602,2.128574848175049,0.984933614730835,TwoPatterns,ACF&PACF: n_random_points=10 nb_inst_per_class=30,10,30,Rsast,ACF&PACF
5,0.9985,11.07999563217163,0.07168984413146973,5.166423797607422,3.801724433898926,2.012883186340332,TwoPatterns,ACF&PACF: n_random_points=10 nb_inst_per_class=50,10,50,Rsast,ACF&PACF
6,0.99775,14.931048393249512,0.07857942581176758,4.222341775894165,6.6736159324646,3.904329776763916,TwoPatterns,ACF&PACF: n_random_points=30 nb_inst_per_class=30,30,30,Rsast,ACF&PACF
7,0.99825,22.64816427230835,0.08807802200317383,5.471343517303467,10.275684595108032,6.744915962219238,TwoPatterns,ACF&PACF: n_random_points=30 nb_inst_per_class=50,30,50,Rsast,ACF&PACF
