,accuracy,time,cweights_time,fsubsequence_time,tdataset_time,tclassifier_time,dataset_name,classifier_name,rpoint,nb_per_class,method,len_method
0,0.9587301587301588,4.011592149734497,0.035677194595336914,1.2996299266815186,2.1208388805389404,0.529036283493042,GunPointOldVersusYoung,all: n_random_points=10 nb_inst_per_class=30,10,30,Rsast,all
1,0.9619047619047619,5.819525480270386,0.03499269485473633,1.9733085632324219,2.8756818771362305,0.8935649394989014,GunPointOldVersusYoung,all: n_random_points=10 nb_inst_per_class=50,10,50,Rsast,all
2,0.9619047619047619,7.635865211486816,0.045946359634399414,2.1792242527008057,4.075328588485718,1.267995834350586,GunPointOldVersusYoung,all: n_random_points=30 nb_inst_per_class=30,30,30,Rsast,all
3,0.9555555555555556,12.314065217971802,0.04549598693847656,3.3257997035980225,6.528690576553345,2.329137086868286,GunPointOldVersusYoung,all: n_random_points=30 nb_inst_per_class=50,30,50,Rsast,all
4,0.9809523809523809,3.737084150314331,0.0456235408782959,3.359452724456787,0.2494659423828125,0.0360560417175293,GunPointOldVersusYoung,ACF&PACF: n_random_points=10 nb_inst_per_class=30,10,30,Rsast,ACF&PACF
5,0.9809523809523809,3.9338936805725098,0.04535269737243652,3.444483995437622,0.37404513359069824,0.06024575233459473,GunPointOldVersusYoung,ACF&PACF: n_random_points=10 nb_inst_per_class=50,10,50,Rsast,ACF&PACF
6,0.9873015873015873,2.9653854370117188,0.025881528854370117,2.1601152420043945,0.6361660957336426,0.13572120666503906,GunPointOldVersusYoung,ACF&PACF: n_random_points=30 nb_inst_per_class=30,30,30,Rsast,ACF&PACF
7,0.9841269841269841,4.974872589111328,0.025348901748657227,3.7722039222717285,0.9410524368286133,0.2260127067565918,GunPointOldVersusYoung,ACF&PACF: n_random_points=30 nb_inst_per_class=50,30,50,Rsast,ACF&PACF
