,accuracy,time,cweights_time,fsubsequence_time,tdataset_time,tclassifier_time,dataset_name,classifier_name,rpoint,nb_per_class,method,len_method
0,0.8,4.238116979598999,0.08312249183654785,1.7114877700805664,2.3896989822387695,0.03515481948852539,ShapeletSim,all: n_random_points=10 nb_inst_per_class=30,10,30,Rsast,all
1,0.8055555555555556,5.0162193775177,0.1382765769958496,2.440427541732788,2.3825411796569824,0.031618356704711914,ShapeletSim,all: n_random_points=10 nb_inst_per_class=50,10,50,Rsast,all
2,0.8111111111111111,8.807159423828125,0.13888096809387207,3.429975986480713,5.086026668548584,0.10727548599243164,ShapeletSim,all: n_random_points=30 nb_inst_per_class=30,30,30,Rsast,all
3,0.8,8.741478204727173,0.1371462345123291,3.404327630996704,5.001359462738037,0.11587738990783691,ShapeletSim,all: n_random_points=30 nb_inst_per_class=50,30,50,Rsast,all
4,0.8888888888888888,19.870030164718628,0.07056665420532227,19.529049396514893,0.23549151420593262,0.004312992095947266,ShapeletSim,ACF&PACF: n_random_points=10 nb_inst_per_class=30,10,30,Rsast,ACF&PACF
5,0.8833333333333333,21.046111583709717,0.08998870849609375,20.713956356048584,0.23280692100524902,0.004755258560180664,ShapeletSim,ACF&PACF: n_random_points=10 nb_inst_per_class=50,10,50,Rsast,ACF&PACF
6,0.8833333333333333,20.907739400863647,0.07713651657104492,20.278795957565308,0.527428150177002,0.01678466796875,ShapeletSim,ACF&PACF: n_random_points=30 nb_inst_per_class=30,30,30,Rsast,ACF&PACF
7,0.8888888888888888,21.000869274139404,0.0770711898803711,20.368205547332764,0.5334999561309814,0.01514577865600586,ShapeletSim,ACF&PACF: n_random_points=30 nb_inst_per_class=50,30,50,Rsast,ACF&PACF
