,accuracy,time,cweights_time,fsubsequence_time,tdataset_time,tclassifier_time,dataset_name,classifier_name,rpoint,nb_per_class,method,len_method
0,0.578125,21.00873041152954,0.16048264503479004,5.760804653167725,14.550203561782837,0.4625108242034912,Herring,all: n_random_points=10 nb_inst_per_class=30,10,30,Rsast,all
1,0.59375,23.444425344467163,0.15993428230285645,6.376048564910889,16.35088586807251,0.4758946895599365,Herring,all: n_random_points=10 nb_inst_per_class=50,10,50,Rsast,all
2,0.59375,49.29872012138367,0.10449528694152832,7.208703994750977,40.784026861190796,1.0742502212524414,Herring,all: n_random_points=30 nb_inst_per_class=30,30,30,Rsast,all
3,0.59375,55.58131742477417,0.16126084327697754,9.094357252120972,44.87184023857117,1.241511583328247,Herring,all: n_random_points=30 nb_inst_per_class=50,30,50,Rsast,all
4,0.671875,69.41573739051819,0.16033697128295898,66.78022933006287,2.259549140930176,0.043329715728759766,Herring,ACF&PACF: n_random_points=10 nb_inst_per_class=30,10,30,Rsast,ACF&PACF
5,0.6875,67.01726174354553,0.11680245399475098,64.17093276977539,2.6518025398254395,0.059702157974243164,Herring,ACF&PACF: n_random_points=10 nb_inst_per_class=50,10,50,Rsast,ACF&PACF
6,0.6875,68.64640140533447,0.1590566635131836,61.585360288619995,6.73099684715271,0.14972996711730957,Herring,ACF&PACF: n_random_points=30 nb_inst_per_class=30,30,30,Rsast,ACF&PACF
7,0.6875,81.92683529853821,0.15826845169067383,73.7646918296814,7.760997772216797,0.1985912322998047,Herring,ACF&PACF: n_random_points=30 nb_inst_per_class=50,30,50,Rsast,ACF&PACF
