,accuracy,time,cweights_time,fsubsequence_time,tdataset_time,tclassifier_time,dataset_name,classifier_name,rpoint,nb_per_class,method,len_method
0,0.7494505494505495,140.5959734916687,0.8042435646057129,16.076700925827026,107.31226944923401,16.140853881835938,FiftyWords,all: n_random_points=10 nb_inst_per_class=30,10,30,Rsast,all
1,0.7516483516483516,161.42391991615295,0.8176195621490479,19.587128162384033,122.99553537368774,17.52548122406006,FiftyWords,all: n_random_points=10 nb_inst_per_class=50,10,50,Rsast,all
2,0.7494505494505495,392.3878028392792,0.8088462352752686,24.67107892036438,315.4583160877228,50.74248790740967,FiftyWords,all: n_random_points=30 nb_inst_per_class=30,30,30,Rsast,all
3,0.7494505494505495,437.4206895828247,0.6205494403839111,26.328577756881714,354.08889627456665,55.41916370391846,FiftyWords,all: n_random_points=30 nb_inst_per_class=50,30,50,Rsast,all
4,0.7670329670329671,138.95550441741943,0.5230967998504639,112.89570212364197,21.011045694351196,3.6594550609588623,FiftyWords,ACF&PACF: n_random_points=10 nb_inst_per_class=30,10,30,Rsast,ACF&PACF
5,0.7692307692307693,135.2066934108734,0.8071310520172119,107.49147605895996,22.87027907371521,3.9232075214385986,FiftyWords,ACF&PACF: n_random_points=10 nb_inst_per_class=50,10,50,Rsast,ACF&PACF
6,0.7648351648351648,143.6808590888977,0.6991019248962402,71.46371793746948,61.03060841560364,10.302547693252563,FiftyWords,ACF&PACF: n_random_points=30 nb_inst_per_class=30,30,30,Rsast,ACF&PACF
7,0.7670329670329671,162.34629845619202,0.8021724224090576,77.75721383094788,71.74502277374268,11.810931921005249,FiftyWords,ACF&PACF: n_random_points=30 nb_inst_per_class=50,30,50,Rsast,ACF&PACF
