,accuracy,time,cweights_time,fsubsequence_time,tdataset_time,tclassifier_time,dataset_name,classifier_name,rpoint,nb_per_class,method,len_method
0,0.5324675324675324,4.297490835189819,0.03997063636779785,1.3808066844940186,2.0425970554351807,0.8049168586730957,MiddlePhalanxOutlineAgeGroup,all: n_random_points=10 nb_inst_per_class=30,10,30,Rsast,all
1,0.5194805194805194,6.476229667663574,0.04276227951049805,1.6239023208618164,2.9086976051330566,1.8519487380981445,MiddlePhalanxOutlineAgeGroup,all: n_random_points=10 nb_inst_per_class=50,10,50,Rsast,all
2,0.5194805194805194,8.224634408950806,0.02621173858642578,1.3114261627197266,3.910163164138794,2.917572498321533,MiddlePhalanxOutlineAgeGroup,all: n_random_points=30 nb_inst_per_class=30,30,30,Rsast,all
3,0.5194805194805194,13.62360692024231,0.01957225799560547,2.1384084224700928,6.103874683380127,5.266669750213623,MiddlePhalanxOutlineAgeGroup,all: n_random_points=30 nb_inst_per_class=50,30,50,Rsast,all
4,0.551948051948052,1.1543145179748535,0.01956486701965332,0.6760141849517822,0.3332526683807373,0.08986353874206543,MiddlePhalanxOutlineAgeGroup,ACF&PACF: n_random_points=10 nb_inst_per_class=30,10,30,Rsast,ACF&PACF
5,0.5064935064935064,1.9021399021148682,0.023969173431396484,1.2471883296966553,0.44650912284851074,0.1811075210571289,MiddlePhalanxOutlineAgeGroup,ACF&PACF: n_random_points=10 nb_inst_per_class=50,10,50,Rsast,ACF&PACF
6,0.512987012987013,1.9280180931091309,0.024024486541748047,0.864567756652832,0.7420997619628906,0.2919178009033203,MiddlePhalanxOutlineAgeGroup,ACF&PACF: n_random_points=30 nb_inst_per_class=30,30,30,Rsast,ACF&PACF
7,0.5064935064935064,3.162763833999634,0.01834726333618164,1.2118949890136719,1.326735258102417,0.5968520641326904,MiddlePhalanxOutlineAgeGroup,ACF&PACF: n_random_points=30 nb_inst_per_class=50,30,50,Rsast,ACF&PACF
