,accuracy,time,cweights_time,fsubsequence_time,tdataset_time,tclassifier_time,dataset_name,classifier_name,rpoint,nb_per_class,method,len_method
0,0.7314285714285714,2.5162644386291504,0.05433225631713867,1.195486068725586,1.1986925601959229,0.047213077545166016,ArrowHead,all: n_random_points=10 nb_inst_per_class=30,10,30,Rsast,all
1,0.7371428571428571,2.5154144763946533,0.04500532150268555,1.1924679279327393,1.1783206462860107,0.07733607292175293,ArrowHead,all: n_random_points=10 nb_inst_per_class=50,10,50,Rsast,all
2,0.7542857142857143,5.154946327209473,0.05618762969970703,1.9804675579071045,2.9061262607574463,0.1692211627960205,ArrowHead,all: n_random_points=30 nb_inst_per_class=30,30,30,Rsast,all
3,0.76,5.7383201122283936,0.05516982078552246,2.4732370376586914,2.939210891723633,0.20017099380493164,ArrowHead,all: n_random_points=30 nb_inst_per_class=50,30,50,Rsast,all
4,0.7885714285714286,7.110596418380737,0.10098934173583984,6.724025726318359,0.22277474403381348,0.009644031524658203,ArrowHead,ACF&PACF: n_random_points=10 nb_inst_per_class=30,10,30,Rsast,ACF&PACF
5,0.7771428571428571,5.959102392196655,0.04575061798095703,5.692776441574097,0.2097468376159668,0.007086992263793945,ArrowHead,ACF&PACF: n_random_points=10 nb_inst_per_class=50,10,50,Rsast,ACF&PACF
6,0.7885714285714286,6.4641125202178955,0.04584479331970215,5.861417531967163,0.5195672512054443,0.027443885803222656,ArrowHead,ACF&PACF: n_random_points=30 nb_inst_per_class=30,30,30,Rsast,ACF&PACF
7,0.8057142857142857,6.3814918994903564,0.06786036491394043,5.744721174240112,0.5242817401885986,0.031004905700683594,ArrowHead,ACF&PACF: n_random_points=30 nb_inst_per_class=50,30,50,Rsast,ACF&PACF
