,accuracy,time,cweights_time,fsubsequence_time,tdataset_time,tclassifier_time,dataset_name,classifier_name,rpoint,nb_per_class,method,len_method
0,0.6959247648902821,52.9035484790802,0.4097118377685547,8.82951045036316,37.34023332595825,6.147327184677124,WordSynonyms,all: n_random_points=10 nb_inst_per_class=30,10,30,Rsast,all
1,0.6959247648902821,55.41387677192688,0.2172548770904541,9.552117824554443,39.11523938179016,6.295733451843262,WordSynonyms,all: n_random_points=10 nb_inst_per_class=50,10,50,Rsast,all
2,0.6959247648902821,138.76198625564575,0.41132593154907227,13.956536054611206,109.43152642250061,14.582651138305664,WordSynonyms,all: n_random_points=30 nb_inst_per_class=30,30,30,Rsast,all
3,0.6927899686520376,146.22755455970764,0.20946002006530762,14.317165613174438,115.63566207885742,15.671633243560791,WordSynonyms,all: n_random_points=30 nb_inst_per_class=50,30,50,Rsast,all
4,0.6818181818181818,54.697009563446045,0.20952963829040527,44.14572072029114,9.037182569503784,1.0265557765960693,WordSynonyms,ACF&PACF: n_random_points=10 nb_inst_per_class=30,10,30,Rsast,ACF&PACF
5,0.6818181818181818,55.69672203063965,0.4102344512939453,44.148154973983765,9.995319366455078,1.0853614807128906,WordSynonyms,ACF&PACF: n_random_points=10 nb_inst_per_class=50,10,50,Rsast,ACF&PACF
6,0.6865203761755486,79.85497665405273,0.43115973472595215,48.21966195106506,27.490390062332153,3.5875320434570312,WordSynonyms,ACF&PACF: n_random_points=30 nb_inst_per_class=30,30,30,Rsast,ACF&PACF
7,0.6802507836990596,82.51470994949341,0.3936896324157715,46.893603563308716,30.88423442840576,4.179955005645752,WordSynonyms,ACF&PACF: n_random_points=30 nb_inst_per_class=50,30,50,Rsast,ACF&PACF
