,accuracy,time,cweights_time,fsubsequence_time,tdataset_time,tclassifier_time,dataset_name,classifier_name,rpoint,nb_per_class,method,len_method
0,0.8817204301075269,0.7133455276489258,0.05009937286376953,0.46650052070617676,0.17427897453308105,0.013737678527832031,Fungi,all: n_random_points=10 nb_inst_per_class=30,10,30,Rsast,all
1,0.8817204301075269,1.125950813293457,0.09865093231201172,0.8190054893493652,0.17845439910888672,0.014929771423339844,Fungi,all: n_random_points=10 nb_inst_per_class=50,10,50,Rsast,all
2,0.8817204301075269,1.7667720317840576,0.09367012977600098,1.2406213283538818,0.3782663345336914,0.03051590919494629,Fungi,all: n_random_points=30 nb_inst_per_class=30,30,30,Rsast,all
3,0.8817204301075269,1.5248448848724365,0.06844139099121094,0.9340898990631104,0.45850515365600586,0.03038954734802246,Fungi,all: n_random_points=30 nb_inst_per_class=50,30,50,Rsast,all
4,1.0,1.8145112991333008,0.09007978439331055,1.677659511566162,0.02438044548034668,0.004050731658935547,Fungi,ACF&PACF: n_random_points=10 nb_inst_per_class=30,10,30,Rsast,ACF&PACF
5,1.0,1.666949987411499,0.061406850814819336,1.5769767761230469,0.023173809051513672,0.003673553466796875,Fungi,ACF&PACF: n_random_points=10 nb_inst_per_class=50,10,50,Rsast,ACF&PACF
6,1.0,1.9480273723602295,0.07200407981872559,1.7856943607330322,0.07903766632080078,0.005984067916870117,Fungi,ACF&PACF: n_random_points=30 nb_inst_per_class=30,30,30,Rsast,ACF&PACF
7,1.0,1.916079044342041,0.06438326835632324,1.7649884223937988,0.0747382640838623,0.0064983367919921875,Fungi,ACF&PACF: n_random_points=30 nb_inst_per_class=50,30,50,Rsast,ACF&PACF
