,accuracy,time,cweights_time,fsubsequence_time,tdataset_time,tclassifier_time,dataset_name,classifier_name,rpoint,nb_per_class,method,len_method
0,0.9587939698492463,4.756441116333008,0.18149805068969727,2.407879590988159,2.1037063598632812,0.03857231140136719,Symbols,all: n_random_points=10 nb_inst_per_class=30,10,30,Rsast,all
1,0.9597989949748744,4.637983322143555,0.1804523468017578,2.3400983810424805,2.0426647663116455,0.035524606704711914,Symbols,all: n_random_points=10 nb_inst_per_class=50,10,50,Rsast,all
2,0.9577889447236181,7.992823600769043,0.17992115020751953,3.1772055625915527,4.417248249053955,0.14612746238708496,Symbols,all: n_random_points=30 nb_inst_per_class=30,30,30,Rsast,all
3,0.9577889447236181,8.136545419692993,0.18464159965515137,3.3996715545654297,4.306015968322754,0.14375901222229004,Symbols,all: n_random_points=30 nb_inst_per_class=50,30,50,Rsast,all
4,0.935678391959799,13.267080783843994,0.1352841854095459,12.784339189529419,0.2864799499511719,0.014725923538208008,Symbols,ACF&PACF: n_random_points=10 nb_inst_per_class=30,10,30,Rsast,ACF&PACF
5,0.935678391959799,13.601406812667847,0.19408893585205078,13.111600875854492,0.2829468250274658,0.006424427032470703,Symbols,ACF&PACF: n_random_points=10 nb_inst_per_class=50,10,50,Rsast,ACF&PACF
6,0.9366834170854271,13.869778633117676,0.17919659614562988,13.0229811668396,0.6400554180145264,0.017953157424926758,Symbols,ACF&PACF: n_random_points=30 nb_inst_per_class=30,30,30,Rsast,ACF&PACF
7,0.9376884422110553,13.941092491149902,0.17952585220336914,13.108294010162354,0.6261587142944336,0.015254497528076172,Symbols,ACF&PACF: n_random_points=30 nb_inst_per_class=50,30,50,Rsast,ACF&PACF
