,accuracy,time,cweights_time,fsubsequence_time,tdataset_time,tclassifier_time,dataset_name,classifier_name,rpoint,nb_per_class,method,len_method
0,0.9782608695652174,1.4243109226226807,0.0555419921875,0.773463249206543,0.5677416324615479,0.018649578094482422,DodgerLoopWeekend,all: n_random_points=10 nb_inst_per_class=30,10,30,Rsast,all
1,0.9710144927536232,2.1578099727630615,0.0806734561920166,1.3926310539245605,0.6476194858551025,0.019559144973754883,DodgerLoopWeekend,all: n_random_points=10 nb_inst_per_class=50,10,50,Rsast,all
2,0.9710144927536232,3.283979892730713,0.06224250793457031,1.4651846885681152,1.6943244934082031,0.041597843170166016,DodgerLoopWeekend,all: n_random_points=30 nb_inst_per_class=30,30,30,Rsast,all
3,0.9710144927536232,3.5969223976135254,0.08099746704101562,1.8594603538513184,1.576462745666504,0.04483151435852051,DodgerLoopWeekend,all: n_random_points=30 nb_inst_per_class=50,30,50,Rsast,all
4,0.9492753623188406,4.905977487564087,0.08002066612243652,4.675304174423218,0.12015819549560547,0.007713794708251953,DodgerLoopWeekend,ACF&PACF: n_random_points=10 nb_inst_per_class=30,10,30,Rsast,ACF&PACF
5,0.9565217391304348,4.324712753295898,0.044951438903808594,4.156531810760498,0.11273455619812012,0.008027315139770508,DodgerLoopWeekend,ACF&PACF: n_random_points=10 nb_inst_per_class=50,10,50,Rsast,ACF&PACF
6,0.9565217391304348,5.267525672912598,0.044824838638305664,4.919145822525024,0.2822282314300537,0.015745162963867188,DodgerLoopWeekend,ACF&PACF: n_random_points=30 nb_inst_per_class=30,30,30,Rsast,ACF&PACF
7,0.9565217391304348,6.527041673660278,0.04813241958618164,6.157983303070068,0.29021477699279785,0.01939558982849121,DodgerLoopWeekend,ACF&PACF: n_random_points=30 nb_inst_per_class=50,30,50,Rsast,ACF&PACF
