,accuracy,time,cweights_time,fsubsequence_time,tdataset_time,tclassifier_time,dataset_name,classifier_name,rpoint,nb_per_class,method,len_method
0,0.7538461538461538,133.19136881828308,0.15762996673583984,14.818862676620483,104.57800960540771,13.338502883911133,CricketZ,all: n_random_points=10 nb_inst_per_class=30,10,30,Rsast,all
1,0.7589743589743589,149.6241466999054,0.23225903511047363,16.529839038848877,117.11523866653442,15.337337493896484,CricketZ,all: n_random_points=10 nb_inst_per_class=50,10,50,Rsast,all
2,0.7589743589743589,375.813773393631,0.2199263572692871,25.416125535964966,308.8007974624634,40.70781207084656,CricketZ,all: n_random_points=30 nb_inst_per_class=30,30,30,Rsast,all
3,0.7615384615384615,417.9367218017578,0.1476423740386963,25.170793056488037,348.7254819869995,43.09793996810913,CricketZ,all: n_random_points=30 nb_inst_per_class=50,30,50,Rsast,all
4,0.7897435897435897,100.22997879981995,0.1498708724975586,86.82567548751831,11.523101806640625,1.1376900672912598,CricketZ,ACF&PACF: n_random_points=10 nb_inst_per_class=30,10,30,Rsast,ACF&PACF
5,0.7923076923076923,116.9802885055542,0.23536086082458496,102.70663785934448,12.81570816040039,1.1750376224517822,CricketZ,ACF&PACF: n_random_points=10 nb_inst_per_class=50,10,50,Rsast,ACF&PACF
6,0.7948717948717948,134.02716064453125,0.33040881156921387,93.31696128845215,34.91254544258118,5.372131586074829,CricketZ,ACF&PACF: n_random_points=30 nb_inst_per_class=30,30,30,Rsast,ACF&PACF
7,0.7871794871794872,145.9468958377838,0.28937554359436035,102.10413718223572,37.38246488571167,6.053010940551758,CricketZ,ACF&PACF: n_random_points=30 nb_inst_per_class=50,30,50,Rsast,ACF&PACF
