,accuracy,time,cweights_time,fsubsequence_time,tdataset_time,tclassifier_time,dataset_name,classifier_name,rpoint,nb_per_class,method,len_method
0,0.9570731707317073,11.69755744934082,0.11598420143127441,4.33990740776062,4.616622686386108,2.5509488582611084,FacesUCR,all: n_random_points=10 nb_inst_per_class=30,10,30,Rsast,all
1,0.9570731707317073,11.300968170166016,0.08727478981018066,3.7182514667510986,4.533677816390991,2.8544809818267822,FacesUCR,all: n_random_points=10 nb_inst_per_class=50,10,50,Rsast,all
2,0.9585365853658536,22.904041051864624,0.06439495086669922,4.651731252670288,11.556766033172607,6.481745481491089,FacesUCR,all: n_random_points=30 nb_inst_per_class=30,30,30,Rsast,all
3,0.9595121951219512,23.98984980583191,0.060070037841796875,5.7054359912872314,11.852787256240845,6.1906352043151855,FacesUCR,all: n_random_points=30 nb_inst_per_class=50,30,50,Rsast,all
4,0.9634146341463414,7.4477174282073975,0.06090140342712402,5.609012126922607,1.1900222301483154,0.5136747360229492,FacesUCR,ACF&PACF: n_random_points=10 nb_inst_per_class=30,10,30,Rsast,ACF&PACF
5,0.9639024390243902,7.330850601196289,0.06473636627197266,5.4924821853637695,1.2362585067749023,0.5217084884643555,FacesUCR,ACF&PACF: n_random_points=10 nb_inst_per_class=50,10,50,Rsast,ACF&PACF
6,0.9619512195121951,10.152929544448853,0.09960556030273438,5.836802244186401,2.8440792560577393,1.3414998054504395,FacesUCR,ACF&PACF: n_random_points=30 nb_inst_per_class=30,30,30,Rsast,ACF&PACF
7,0.9629268292682926,12.594167947769165,0.09508252143859863,7.819930076599121,3.1003592014312744,1.5138962268829346,FacesUCR,ACF&PACF: n_random_points=30 nb_inst_per_class=50,30,50,Rsast,ACF&PACF
