,accuracy,time,cweights_time,fsubsequence_time,tdataset_time,tclassifier_time,dataset_name,classifier_name,rpoint,nb_per_class,method,len_method
0,0.9,28.7724826335907,0.23597216606140137,6.999497890472412,21.038903951644897,0.41980552673339844,Car,all: n_random_points=10 nb_inst_per_class=30,10,30,Rsast,all
1,0.9,27.610762357711792,0.1718301773071289,7.135767936706543,19.797682762145996,0.4181346893310547,Car,all: n_random_points=10 nb_inst_per_class=50,10,50,Rsast,all
2,0.9,70.41622757911682,0.2344059944152832,11.183956861495972,57.6777720451355,1.1686680316925049,Car,all: n_random_points=30 nb_inst_per_class=30,30,30,Rsast,all
3,0.9,70.09025955200195,0.23439550399780273,9.811535596847534,58.58731532096863,1.2132813930511475,Car,all: n_random_points=30 nb_inst_per_class=50,30,50,Rsast,all
4,0.8333333333333334,108.41566181182861,0.23640990257263184,105.01674509048462,2.957327127456665,0.048206329345703125,Car,ACF&PACF: n_random_points=10 nb_inst_per_class=30,10,30,Rsast,ACF&PACF
5,0.8333333333333334,96.4350152015686,0.1558074951171875,93.23145937919617,2.991859197616577,0.04098248481750488,Car,ACF&PACF: n_random_points=10 nb_inst_per_class=50,10,50,Rsast,ACF&PACF
6,0.8333333333333334,145.91639304161072,0.19189858436584473,137.13953065872192,8.359639406204224,0.17583227157592773,Car,ACF&PACF: n_random_points=30 nb_inst_per_class=30,30,30,Rsast,ACF&PACF
7,0.8333333333333334,175.24817562103271,0.13065552711486816,166.49359273910522,8.399782419204712,0.16675853729248047,Car,ACF&PACF: n_random_points=30 nb_inst_per_class=50,30,50,Rsast,ACF&PACF
