,accuracy,time,cweights_time,fsubsequence_time,tdataset_time,tclassifier_time,dataset_name,classifier_name,rpoint,nb_per_class,method,len_method
0,0.7564102564102564,12.209959983825684,0.028525590896606445,0.5157768726348877,4.204533815383911,7.403463363647461,PhalangesOutlinesCorrect,all: n_random_points=10 nb_inst_per_class=30,10,30,Rsast,all
1,0.7610722610722611,17.31388020515442,0.028957128524780273,0.8506603240966797,6.499910593032837,9.868677139282227,PhalangesOutlinesCorrect,all: n_random_points=10 nb_inst_per_class=50,10,50,Rsast,all
2,0.7738927738927739,23.82165288925171,0.040952205657958984,1.0440714359283447,10.417532205581665,12.198770761489868,PhalangesOutlinesCorrect,all: n_random_points=30 nb_inst_per_class=30,30,30,Rsast,all
3,0.7715617715617715,36.694876194000244,0.054425954818725586,2.032693386077881,16.808478116989136,17.597647666931152,PhalangesOutlinesCorrect,all: n_random_points=30 nb_inst_per_class=50,30,50,Rsast,all
4,0.782051282051282,4.668828725814819,0.03204011917114258,0.691657543182373,1.0335829257965088,2.878602981567383,PhalangesOutlinesCorrect,ACF&PACF: n_random_points=10 nb_inst_per_class=30,10,30,Rsast,ACF&PACF
5,0.7913752913752914,3.7947494983673096,0.028407812118530273,0.8326928615570068,1.1638462543487549,1.7654798030853271,PhalangesOutlinesCorrect,ACF&PACF: n_random_points=10 nb_inst_per_class=50,10,50,Rsast,ACF&PACF
6,0.7703962703962703,5.296289920806885,0.028641700744628906,0.4918954372406006,1.912480115890503,2.847842216491699,PhalangesOutlinesCorrect,ACF&PACF: n_random_points=30 nb_inst_per_class=30,30,30,Rsast,ACF&PACF
7,0.7715617715617715,8.862409353256226,0.028435707092285156,0.8710489273071289,3.2590744495391846,4.664535284042358,PhalangesOutlinesCorrect,ACF&PACF: n_random_points=30 nb_inst_per_class=50,30,50,Rsast,ACF&PACF
