,accuracy,time,cweights_time,fsubsequence_time,tdataset_time,tclassifier_time,dataset_name,classifier_name,rpoint,nb_per_class,method,len_method
0,0.75,4.384493350982666,0.08201932907104492,1.758432149887085,2.479037284851074,0.03899693489074707,BirdChicken,all: n_random_points=10 nb_inst_per_class=30,10,30,Rsast,all
1,0.75,5.115896940231323,0.1409463882446289,2.42685866355896,2.485642194747925,0.03249716758728027,BirdChicken,all: n_random_points=10 nb_inst_per_class=50,10,50,Rsast,all
2,0.75,8.506428241729736,0.08731508255004883,2.6156461238861084,5.632936954498291,0.12799739837646484,BirdChicken,all: n_random_points=30 nb_inst_per_class=30,30,30,Rsast,all
3,0.75,9.084303617477417,0.14136147499084473,3.2305474281311035,5.540346384048462,0.10522103309631348,BirdChicken,all: n_random_points=30 nb_inst_per_class=50,30,50,Rsast,all
4,0.85,28.683384895324707,0.14217066764831543,28.153593063354492,0.34174060821533203,0.008500337600708008,BirdChicken,ACF&PACF: n_random_points=10 nb_inst_per_class=30,10,30,Rsast,ACF&PACF
5,0.85,29.59845471382141,0.07816457748413086,29.185868978500366,0.3183324337005615,0.008430957794189453,BirdChicken,ACF&PACF: n_random_points=10 nb_inst_per_class=50,10,50,Rsast,ACF&PACF
6,0.85,22.759866952896118,0.0794672966003418,21.843817710876465,0.8117630481719971,0.014977216720581055,BirdChicken,ACF&PACF: n_random_points=30 nb_inst_per_class=30,30,30,Rsast,ACF&PACF
7,0.85,23.122936487197876,0.07928180694580078,22.249956607818604,0.7666420936584473,0.015397310256958008,BirdChicken,ACF&PACF: n_random_points=30 nb_inst_per_class=50,30,50,Rsast,ACF&PACF
