,accuracy,time,cweights_time,fsubsequence_time,tdataset_time,tclassifier_time,dataset_name,classifier_name,rpoint,nb_per_class,method,len_method
0,0.9333333333333333,0.31362485885620117,0.0066874027252197266,0.2413947582244873,0.02393627166748047,0.03985953330993652,SmoothSubspace,all: n_random_points=10 nb_inst_per_class=30,10,30,Rsast,all
1,0.9533333333333334,0.4753077030181885,0.005535602569580078,0.36276912689208984,0.040617942810058594,0.0632777214050293,SmoothSubspace,all: n_random_points=10 nb_inst_per_class=50,10,50,Rsast,all
2,0.9466666666666667,0.32078075408935547,0.0065059661865234375,0.24258017539978027,0.028008460998535156,0.04010272026062012,SmoothSubspace,all: n_random_points=30 nb_inst_per_class=30,30,30,Rsast,all
3,0.9533333333333334,0.40647435188293457,0.004742622375488281,0.2967865467071533,0.052048683166503906,0.05033540725708008,SmoothSubspace,all: n_random_points=30 nb_inst_per_class=50,30,50,Rsast,all
4,0.9,0.16916680335998535,0.006453990936279297,0.1315906047821045,0.008240461349487305,0.016119718551635742,SmoothSubspace,ACF&PACF: n_random_points=10 nb_inst_per_class=30,10,30,Rsast,ACF&PACF
5,0.9333333333333333,0.24610066413879395,0.005689859390258789,0.2078869342803955,0.008502483367919922,0.0228726863861084,SmoothSubspace,ACF&PACF: n_random_points=10 nb_inst_per_class=50,10,50,Rsast,ACF&PACF
6,0.9,0.15556883811950684,0.00571441650390625,0.12263154983520508,0.008390665054321289,0.017851829528808594,SmoothSubspace,ACF&PACF: n_random_points=30 nb_inst_per_class=30,30,30,Rsast,ACF&PACF
7,0.92,0.2331547737121582,0.005662202835083008,0.19922709465026855,0.009038925170898438,0.01842975616455078,SmoothSubspace,ACF&PACF: n_random_points=30 nb_inst_per_class=50,30,50,Rsast,ACF&PACF
