,accuracy,time,cweights_time,fsubsequence_time,tdataset_time,tclassifier_time,dataset_name,classifier_name,rpoint,nb_per_class,method,len_method
0,1.0,2.2986655235290527,0.04441237449645996,1.1304779052734375,1.0696864128112793,0.03642535209655762,Coffee,all: n_random_points=10 nb_inst_per_class=30,10,30,Rsast,all
1,1.0,2.9457483291625977,0.07960104942321777,1.6543447971343994,1.1535513401031494,0.030350923538208008,Coffee,all: n_random_points=10 nb_inst_per_class=50,10,50,Rsast,all
2,1.0,5.05910849571228,0.07940387725830078,2.167639970779419,2.654174327850342,0.11572647094726562,Coffee,all: n_random_points=30 nb_inst_per_class=30,30,30,Rsast,all
3,1.0,4.662264585494995,0.04192829132080078,1.7434444427490234,2.7125000953674316,0.1185455322265625,Coffee,all: n_random_points=30 nb_inst_per_class=50,30,50,Rsast,all
4,1.0,6.269418954849243,0.0686953067779541,5.955698490142822,0.2063438892364502,0.010043621063232422,Coffee,ACF&PACF: n_random_points=10 nb_inst_per_class=30,10,30,Rsast,ACF&PACF
5,1.0,5.944306373596191,0.04562997817993164,5.672556161880493,0.20949935913085938,0.010566473007202148,Coffee,ACF&PACF: n_random_points=10 nb_inst_per_class=50,10,50,Rsast,ACF&PACF
6,1.0,7.978921175003052,0.04416298866271973,7.391635417938232,0.5116848945617676,0.018035411834716797,Coffee,ACF&PACF: n_random_points=30 nb_inst_per_class=30,30,30,Rsast,ACF&PACF
7,1.0,6.433091640472412,0.08055925369262695,5.836181402206421,0.4809551239013672,0.015381097793579102,Coffee,ACF&PACF: n_random_points=30 nb_inst_per_class=50,30,50,Rsast,ACF&PACF
