,accuracy,time,cweights_time,fsubsequence_time,tdataset_time,tclassifier_time,dataset_name,classifier_name,rpoint,nb_per_class,method,len_method
0,0.9543245869776482,0.32643604278564453,0.00830841064453125,0.2761204242706299,0.023465633392333984,0.015181541442871094,ItalyPowerDemand,all: n_random_points=10 nb_inst_per_class=30,10,30,Rsast,all
1,0.9533527696793003,0.3476598262786865,0.0078277587890625,0.2879786491394043,0.023889780044555664,0.023058414459228516,ItalyPowerDemand,all: n_random_points=10 nb_inst_per_class=50,10,50,Rsast,all
2,0.9533527696793003,0.3563976287841797,0.007227420806884766,0.27657294273376465,0.03728008270263672,0.029985666275024414,ItalyPowerDemand,all: n_random_points=30 nb_inst_per_class=30,30,30,Rsast,all
3,0.9543245869776482,0.3443598747253418,0.006353139877319336,0.27273082733154297,0.037607669830322266,0.022083044052124023,ItalyPowerDemand,all: n_random_points=30 nb_inst_per_class=50,30,50,Rsast,all
4,0.9407191448007775,0.10413217544555664,0.005672454833984375,0.08183574676513672,0.006340503692626953,0.0061724185943603516,ItalyPowerDemand,ACF&PACF: n_random_points=10 nb_inst_per_class=30,10,30,Rsast,ACF&PACF
5,0.9455782312925171,0.1262223720550537,0.005925416946411133,0.10881757736206055,0.00588679313659668,0.00487971305847168,ItalyPowerDemand,ACF&PACF: n_random_points=10 nb_inst_per_class=50,10,50,Rsast,ACF&PACF
6,0.9494655004859086,0.11842823028564453,0.0058939456939697266,0.09889698028564453,0.006789684295654297,0.006023883819580078,ItalyPowerDemand,ACF&PACF: n_random_points=30 nb_inst_per_class=30,30,30,Rsast,ACF&PACF
7,0.9504373177842566,0.14084124565124512,0.0057849884033203125,0.11790084838867188,0.00932168960571289,0.006618976593017578,ItalyPowerDemand,ACF&PACF: n_random_points=30 nb_inst_per_class=50,30,50,Rsast,ACF&PACF
