,accuracy,time,cweights_time,fsubsequence_time,tdataset_time,tclassifier_time,dataset_name,classifier_name,rpoint,nb_per_class,method,len_method
0,0.5447570332480819,50.093613147735596,0.39287281036376953,9.077575445175171,30.28887438774109,10.113085985183716,Adiac,all: n_random_points=10 nb_inst_per_class=30,10,30,Rsast,all
1,0.5447570332480819,49.2508225440979,0.3913865089416504,8.742379426956177,29.828132390975952,9.962102890014648,Adiac,all: n_random_points=10 nb_inst_per_class=50,10,50,Rsast,all
2,0.5447570332480819,122.7411596775055,0.21332240104675293,12.939127206802368,85.56692552566528,23.642380475997925,Adiac,all: n_random_points=30 nb_inst_per_class=30,30,30,Rsast,all
3,0.5626598465473146,128.99171495437622,0.19739484786987305,12.7388334274292,86.69273662567139,28.839218378067017,Adiac,all: n_random_points=30 nb_inst_per_class=50,30,50,Rsast,all
4,0.5575447570332481,28.648942232131958,0.3932979106903076,19.745819568634033,6.621993780136108,1.4658315181732178,Adiac,ACF&PACF: n_random_points=10 nb_inst_per_class=30,10,30,Rsast,ACF&PACF
5,0.5652173913043478,27.542588233947754,0.2262434959411621,19.14186406135559,6.56193208694458,1.5519919395446777,Adiac,ACF&PACF: n_random_points=10 nb_inst_per_class=50,10,50,Rsast,ACF&PACF
6,0.5754475703324808,44.819629192352295,0.39191436767578125,19.901731729507446,18.617017030715942,5.797602891921997,Adiac,ACF&PACF: n_random_points=30 nb_inst_per_class=30,30,30,Rsast,ACF&PACF
7,0.5652173913043478,45.80829310417175,0.39180493354797363,21.11077094078064,18.627995491027832,5.520880937576294,Adiac,ACF&PACF: n_random_points=30 nb_inst_per_class=50,30,50,Rsast,ACF&PACF
