,accuracy,time,cweights_time,fsubsequence_time,tdataset_time,tclassifier_time,dataset_name,classifier_name,rpoint,nb_per_class,method,len_method
0,0.7472527472527473,142.25137853622437,0.8041238784790039,17.034125804901123,108.26337337493896,15.78749704360962,FiftyWords,all: n_random_points=10 nb_inst_per_class=30,10,30,Rsast,all
1,0.7494505494505495,156.5532157421112,0.41434454917907715,17.838693380355835,120.26170468330383,17.638959169387817,FiftyWords,all: n_random_points=10 nb_inst_per_class=50,10,50,Rsast,all
2,0.7494505494505495,387.5488352775574,0.6055352687835693,24.02420663833618,315.6581745147705,46.58237314224243,FiftyWords,all: n_random_points=30 nb_inst_per_class=30,30,30,Rsast,all
3,0.7494505494505495,435.17452454566956,0.41080141067504883,25.124786853790283,355.33793568611145,53.393553256988525,FiftyWords,all: n_random_points=30 nb_inst_per_class=50,30,50,Rsast,all
4,0.7648351648351648,100.36520314216614,0.6351048946380615,75.36063933372498,20.181873321533203,3.572754144668579,FiftyWords,ACF&PACF: n_random_points=10 nb_inst_per_class=30,10,30,Rsast,ACF&PACF
5,0.7670329670329671,114.67111778259277,0.8026959896087646,85.5461540222168,24.201005220413208,4.015678405761719,FiftyWords,ACF&PACF: n_random_points=10 nb_inst_per_class=50,10,50,Rsast,ACF&PACF
6,0.7670329670329671,146.27967762947083,0.8058593273162842,72.64930868148804,61.14214873313904,11.521946668624878,FiftyWords,ACF&PACF: n_random_points=30 nb_inst_per_class=30,30,30,Rsast,ACF&PACF
7,0.7648351648351648,165.2248682975769,0.7896027565002441,84.89910960197449,67.14598298072815,12.109601020812988,FiftyWords,ACF&PACF: n_random_points=30 nb_inst_per_class=50,30,50,Rsast,ACF&PACF
