,accuracy,time,cweights_time,fsubsequence_time,tdataset_time,tclassifier_time,dataset_name,classifier_name,rpoint,nb_per_class,method,len_method
0,0.7194244604316546,3.60819935798645,0.02348780632019043,0.858428955078125,1.9974126815795898,0.7069754600524902,DistalPhalanxOutlineAgeGroup,all: n_random_points=10 nb_inst_per_class=30,10,30,Rsast,all
1,0.697841726618705,4.943756341934204,0.02924966812133789,1.2900805473327637,2.4532887935638428,1.1354649066925049,DistalPhalanxOutlineAgeGroup,all: n_random_points=10 nb_inst_per_class=50,10,50,Rsast,all
2,0.7338129496402878,8.111181735992432,0.03754115104675293,1.4316868782043457,4.10828709602356,2.4823179244995117,DistalPhalanxOutlineAgeGroup,all: n_random_points=30 nb_inst_per_class=30,30,30,Rsast,all
3,0.7194244604316546,11.390702724456787,0.022644996643066406,1.754166841506958,5.282515525817871,4.242220163345337,DistalPhalanxOutlineAgeGroup,all: n_random_points=30 nb_inst_per_class=50,30,50,Rsast,all
4,0.7338129496402878,1.4787700176239014,0.030538082122802734,0.9467213153839111,0.35474467277526855,0.11455750465393066,DistalPhalanxOutlineAgeGroup,ACF&PACF: n_random_points=10 nb_inst_per_class=30,10,30,Rsast,ACF&PACF
5,0.7050359712230215,1.75315523147583,0.02398991584777832,1.2263855934143066,0.39889025688171387,0.10043525695800781,DistalPhalanxOutlineAgeGroup,ACF&PACF: n_random_points=10 nb_inst_per_class=50,10,50,Rsast,ACF&PACF
6,0.6906474820143885,1.9282617568969727,0.024061918258666992,0.9615328311920166,0.6998767852783203,0.23748350143432617,DistalPhalanxOutlineAgeGroup,ACF&PACF: n_random_points=30 nb_inst_per_class=30,30,30,Rsast,ACF&PACF
7,0.7410071942446043,2.473644971847534,0.018560409545898438,1.0751543045043945,1.0274007320404053,0.34421300888061523,DistalPhalanxOutlineAgeGroup,ACF&PACF: n_random_points=30 nb_inst_per_class=50,30,50,Rsast,ACF&PACF
