,accuracy,time,cweights_time,fsubsequence_time,tdataset_time,tclassifier_time,dataset_name,classifier_name,rpoint,nb_per_class,method,len_method
0,0.8762886597938144,3.332850933074951,0.019669532775878906,0.5497679710388184,1.8590669631958008,0.8840034008026123,ProximalPhalanxOutlineCorrect,all: n_random_points=10 nb_inst_per_class=30,10,30,Rsast,all
1,0.8900343642611683,5.7445738315582275,0.03227734565734863,1.3013556003570557,2.861546277999878,1.515324592590332,ProximalPhalanxOutlineCorrect,all: n_random_points=10 nb_inst_per_class=50,10,50,Rsast,all
2,0.872852233676976,7.364003419876099,0.023348569869995117,0.9544689655303955,3.9037482738494873,2.4338815212249756,ProximalPhalanxOutlineCorrect,all: n_random_points=30 nb_inst_per_class=30,30,30,Rsast,all
3,0.8556701030927835,11.33521318435669,0.021466732025146484,1.4184143543243408,6.004738807678223,3.8128437995910645,ProximalPhalanxOutlineCorrect,all: n_random_points=30 nb_inst_per_class=50,30,50,Rsast,all
4,0.8797250859106529,1.1279709339141846,0.02142333984375,0.4960782527923584,0.4118688106536865,0.16627836227416992,ProximalPhalanxOutlineCorrect,ACF&PACF: n_random_points=10 nb_inst_per_class=30,10,30,Rsast,ACF&PACF
5,0.872852233676976,1.8169922828674316,0.03235197067260742,1.127678394317627,0.4425222873687744,0.20965838432312012,ProximalPhalanxOutlineCorrect,ACF&PACF: n_random_points=10 nb_inst_per_class=50,10,50,Rsast,ACF&PACF
6,0.8694158075601375,1.5134453773498535,0.017821073532104492,0.5019505023956299,0.686417818069458,0.30300378799438477,ProximalPhalanxOutlineCorrect,ACF&PACF: n_random_points=30 nb_inst_per_class=30,30,30,Rsast,ACF&PACF
7,0.8625429553264605,2.450368881225586,0.019910573959350586,0.8630726337432861,1.0678095817565918,0.492046594619751,ProximalPhalanxOutlineCorrect,ACF&PACF: n_random_points=30 nb_inst_per_class=50,30,50,Rsast,ACF&PACF
