,accuracy,time,cweights_time,fsubsequence_time,tdataset_time,tclassifier_time,dataset_name,classifier_name,rpoint,nb_per_class,method,len_method
0,0.8151041666666666,14.001114130020142,0.07659196853637695,2.8000776767730713,8.37337589263916,2.676410675048828,ChlorineConcentration,all: n_random_points=10 nb_inst_per_class=30,10,30,Rsast,all
1,0.8184895833333333,21.994505882263184,0.06978011131286621,4.027256727218628,13.108762264251709,4.6680896282196045,ChlorineConcentration,all: n_random_points=10 nb_inst_per_class=50,10,50,Rsast,all
2,0.8169270833333333,35.006911277770996,0.04515266418457031,2.8582639694213867,22.426218032836914,9.515055656433105,ChlorineConcentration,all: n_random_points=30 nb_inst_per_class=30,30,30,Rsast,all
3,0.8169270833333333,55.1649055480957,0.04255056381225586,4.709472179412842,36.04144906997681,14.149733304977417,ChlorineConcentration,all: n_random_points=30 nb_inst_per_class=50,30,50,Rsast,all
4,0.7908854166666667,7.094139099121094,0.07788443565368652,5.322447776794434,1.3970153331756592,0.18380522727966309,ChlorineConcentration,ACF&PACF: n_random_points=10 nb_inst_per_class=30,10,30,Rsast,ACF&PACF
5,0.7903645833333334,9.948847532272339,0.07234501838684082,7.096646070480347,2.3525125980377197,0.4157097339630127,ChlorineConcentration,ACF&PACF: n_random_points=10 nb_inst_per_class=50,10,50,Rsast,ACF&PACF
6,0.8033854166666666,9.790937423706055,0.07790589332580566,4.788689136505127,4.097074747085571,0.8028173446655273,ChlorineConcentration,ACF&PACF: n_random_points=30 nb_inst_per_class=30,30,30,Rsast,ACF&PACF
7,0.8005208333333333,14.77355146408081,0.07748532295227051,7.900378227233887,5.4793407917022705,1.2624990940093994,ChlorineConcentration,ACF&PACF: n_random_points=30 nb_inst_per_class=50,30,50,Rsast,ACF&PACF
