,accuracy,time,cweights_time,fsubsequence_time,tdataset_time,tclassifier_time,dataset_name,classifier_name,rpoint,nb_per_class,method,len_method
0,0.9710144927536232,1.503678798675537,0.04967641830444336,0.8062028884887695,0.615959882736206,0.019252538681030273,DodgerLoopWeekend,all: n_random_points=10 nb_inst_per_class=30,10,30,Rsast,all
1,0.9782608695652174,1.9539382457733154,0.07413148880004883,1.2582130432128906,0.5882134437561035,0.020050764083862305,DodgerLoopWeekend,all: n_random_points=10 nb_inst_per_class=50,10,50,Rsast,all
2,0.9710144927536232,3.1880271434783936,0.05671977996826172,1.3708457946777344,1.6971282958984375,0.04279470443725586,DodgerLoopWeekend,all: n_random_points=30 nb_inst_per_class=30,30,30,Rsast,all
3,0.9710144927536232,3.7686192989349365,0.0807335376739502,1.9429738521575928,1.6652188301086426,0.044307708740234375,DodgerLoopWeekend,all: n_random_points=30 nb_inst_per_class=50,30,50,Rsast,all
4,0.9565217391304348,4.9601359367370605,0.08049631118774414,4.732155799865723,0.11712765693664551,0.0068051815032958984,DodgerLoopWeekend,ACF&PACF: n_random_points=10 nb_inst_per_class=30,10,30,Rsast,ACF&PACF
5,0.9565217391304348,4.489941358566284,0.045453786849975586,4.317861318588257,0.1133873462677002,0.007803201675415039,DodgerLoopWeekend,ACF&PACF: n_random_points=10 nb_inst_per_class=50,10,50,Rsast,ACF&PACF
6,0.9565217391304348,4.603696584701538,0.04463052749633789,4.278926134109497,0.2590320110321045,0.014117717742919922,DodgerLoopWeekend,ACF&PACF: n_random_points=30 nb_inst_per_class=30,30,30,Rsast,ACF&PACF
7,0.9565217391304348,4.59649658203125,0.05008840560913086,4.23567795753479,0.2876853942871094,0.016475915908813477,DodgerLoopWeekend,ACF&PACF: n_random_points=30 nb_inst_per_class=50,30,50,Rsast,ACF&PACF
