,accuracy,time,cweights_time,fsubsequence_time,tdataset_time,tclassifier_time,dataset_name,classifier_name,rpoint,nb_per_class,method,len_method
0,0.9977287475665152,16.528200149536133,0.08063411712646484,1.7279889583587646,9.478410482406616,5.193018436431885,Wafer,all: n_random_points=10 nb_inst_per_class=30,10,30,Rsast,all
1,0.9978909798831928,26.1316077709198,0.0656120777130127,1.9027776718139648,15.015979528427124,9.025944232940674,Wafer,all: n_random_points=10 nb_inst_per_class=50,10,50,Rsast,all
2,0.9975665152498377,44.66980242729187,0.056630849838256836,1.7498033046722412,26.235707998275757,16.454643726348877,Wafer,all: n_random_points=30 nb_inst_per_class=30,30,30,Rsast,all
3,0.9975665152498377,67.84208703041077,0.04117083549499512,4.63234543800354,42.34961295127869,20.563556909561157,Wafer,all: n_random_points=30 nb_inst_per_class=50,30,50,Rsast,all
4,1.0,4.158984899520874,0.04193544387817383,2.2725136280059814,1.0605003833770752,0.7129063606262207,Wafer,ACF&PACF: n_random_points=10 nb_inst_per_class=30,10,30,Rsast,ACF&PACF
5,1.0,6.091464996337891,0.059274911880493164,3.6570889949798584,1.4301319122314453,0.9407267570495605,Wafer,ACF&PACF: n_random_points=10 nb_inst_per_class=50,10,50,Rsast,ACF&PACF
6,1.0,7.008779287338257,0.08095049858093262,2.707270860671997,2.817948579788208,1.3899385929107666,Wafer,ACF&PACF: n_random_points=30 nb_inst_per_class=30,30,30,Rsast,ACF&PACF
7,1.0,9.731425046920776,0.08048272132873535,4.146009206771851,3.8035037517547607,1.6818642616271973,Wafer,ACF&PACF: n_random_points=30 nb_inst_per_class=50,30,50,Rsast,ACF&PACF
