,accuracy,time,cweights_time,fsubsequence_time,tdataset_time,tclassifier_time,dataset_name,classifier_name,rpoint,nb_per_class,method,len_method
0,0.85,4.397926092147827,0.08263826370239258,1.763437271118164,2.48867130279541,0.04777193069458008,BeetleFly,all: n_random_points=10 nb_inst_per_class=30,10,30,Rsast,all
1,0.85,5.033428430557251,0.14200973510742188,2.3327982425689697,2.4966416358947754,0.03279566764831543,BeetleFly,all: n_random_points=10 nb_inst_per_class=50,10,50,Rsast,all
2,0.85,8.988544225692749,0.14130616188049316,3.281219720840454,5.409127473831177,0.10895705223083496,BeetleFly,all: n_random_points=30 nb_inst_per_class=30,30,30,Rsast,all
3,0.85,9.14980959892273,0.14098906517028809,3.2693214416503906,5.551953315734863,0.12023496627807617,BeetleFly,all: n_random_points=30 nb_inst_per_class=50,30,50,Rsast,all
4,0.8,21.293853044509888,0.14160490036010742,20.776909589767456,0.321866512298584,0.00868988037109375,BeetleFly,ACF&PACF: n_random_points=10 nb_inst_per_class=30,10,30,Rsast,ACF&PACF
5,0.8,20.334349155426025,0.07876038551330566,19.910836458206177,0.3316929340362549,0.008107662200927734,BeetleFly,ACF&PACF: n_random_points=10 nb_inst_per_class=50,10,50,Rsast,ACF&PACF
6,0.8,21.52094292640686,0.07869338989257812,20.65013360977173,0.7686257362365723,0.01422572135925293,BeetleFly,ACF&PACF: n_random_points=30 nb_inst_per_class=30,30,30,Rsast,ACF&PACF
7,0.8,21.991538286209106,0.07825112342834473,21.155913591384888,0.728553056716919,0.013591766357421875,BeetleFly,ACF&PACF: n_random_points=30 nb_inst_per_class=50,30,50,Rsast,ACF&PACF
