,accuracy,time,cweights_time,fsubsequence_time,tdataset_time,tclassifier_time,dataset_name,classifier_name,rpoint,nb_per_class,method,len_method
0,0.8604407135362014,0.4147646427154541,0.015383720397949219,0.3521285057067871,0.03507423400878906,0.009492635726928711,SonyAIBORobotSurface2,all: n_random_points=10 nb_inst_per_class=30,10,30,Rsast,all
1,0.8625393494228751,0.35267019271850586,0.01456308364868164,0.2622861862182617,0.0633249282836914,0.007862567901611328,SonyAIBORobotSurface2,all: n_random_points=10 nb_inst_per_class=50,10,50,Rsast,all
2,0.8646379853095488,0.7141571044921875,0.019778728485107422,0.5545763969421387,0.10514354705810547,0.024749279022216797,SonyAIBORobotSurface2,all: n_random_points=30 nb_inst_per_class=30,30,30,Rsast,all
3,0.8646379853095488,0.6885175704956055,0.018791675567626953,0.5571215152740479,0.07316422462463379,0.019409894943237305,SonyAIBORobotSurface2,all: n_random_points=30 nb_inst_per_class=50,30,50,Rsast,all
4,0.906610703043022,0.24364137649536133,0.018961668014526367,0.20384669303894043,0.00705265998840332,0.0046885013580322266,SonyAIBORobotSurface2,ACF&PACF: n_random_points=10 nb_inst_per_class=30,10,30,Rsast,ACF&PACF
5,0.9150052465897167,0.30791258811950684,0.019843578338623047,0.24675631523132324,0.033887386322021484,0.006049156188964844,SonyAIBORobotSurface2,ACF&PACF: n_random_points=10 nb_inst_per_class=50,10,50,Rsast,ACF&PACF
6,0.9108079748163693,0.2721235752105713,0.01964569091796875,0.21430468559265137,0.030761241912841797,0.005692958831787109,SonyAIBORobotSurface2,ACF&PACF: n_random_points=30 nb_inst_per_class=30,30,30,Rsast,ACF&PACF
7,0.9108079748163693,0.22474169731140137,0.019016265869140625,0.1765425205230713,0.018320798873901367,0.0075037479400634766,SonyAIBORobotSurface2,ACF&PACF: n_random_points=30 nb_inst_per_class=50,30,50,Rsast,ACF&PACF
