,accuracy,time,cweights_time,fsubsequence_time,tdataset_time,tclassifier_time,dataset_name,classifier_name,rpoint,nb_per_class,method,len_method
0,0.99825,24.858367919921875,0.06218862533569336,2.4609804153442383,12.263431310653687,9.973297595977783,TwoPatterns,all: n_random_points=10 nb_inst_per_class=30,10,30,Rsast,all
1,0.99775,38.766278982162476,0.07027006149291992,3.0180020332336426,20.955310583114624,14.583095788955688,TwoPatterns,all: n_random_points=10 nb_inst_per_class=50,10,50,Rsast,all
2,0.9965,56.93336462974548,0.049405813217163086,2.7646169662475586,33.88564896583557,20.043376922607422,TwoPatterns,all: n_random_points=30 nb_inst_per_class=30,30,30,Rsast,all
3,0.9975,86.7816526889801,0.0666816234588623,6.560478210449219,52.875136613845825,26.989967346191406,TwoPatterns,all: n_random_points=30 nb_inst_per_class=50,30,50,Rsast,all
4,0.99725,7.925814628601074,0.08759570121765137,3.806035280227661,2.5703418254852295,1.3153257369995117,TwoPatterns,ACF&PACF: n_random_points=10 nb_inst_per_class=30,10,30,Rsast,ACF&PACF
5,0.99775,10.925883054733276,0.08814716339111328,5.168102502822876,3.7349836826324463,1.9038870334625244,TwoPatterns,ACF&PACF: n_random_points=10 nb_inst_per_class=50,10,50,Rsast,ACF&PACF
6,0.998,13.09945011138916,0.08876895904541016,3.528857946395874,6.013772010803223,3.4310462474823,TwoPatterns,ACF&PACF: n_random_points=30 nb_inst_per_class=30,30,30,Rsast,ACF&PACF
7,0.998,22.875916719436646,0.08999466896057129,5.256177186965942,10.302399396896362,7.1698222160339355,TwoPatterns,ACF&PACF: n_random_points=30 nb_inst_per_class=50,30,50,Rsast,ACF&PACF
