,accuracy,time,cweights_time,fsubsequence_time,tdataset_time,tclassifier_time,dataset_name,classifier_name,rpoint,nb_per_class,method,len_method
0,0.9782608695652174,2.0726733207702637,0.055174827575683594,1.371354341506958,0.6111366748809814,0.021575212478637695,DodgerLoopWeekend,all: n_random_points=10 nb_inst_per_class=30,10,30,Rsast,all
1,0.9782608695652174,1.4766013622283936,0.04600644111633301,0.8001699447631836,0.599703311920166,0.01723170280456543,DodgerLoopWeekend,all: n_random_points=10 nb_inst_per_class=50,10,50,Rsast,all
2,0.9710144927536232,2.9718642234802246,0.0445256233215332,1.2220563888549805,1.6281027793884277,0.04763197898864746,DodgerLoopWeekend,all: n_random_points=30 nb_inst_per_class=30,30,30,Rsast,all
3,0.9710144927536232,3.9236996173858643,0.08097314834594727,2.09021258354187,1.6535816192626953,0.046071767807006836,DodgerLoopWeekend,all: n_random_points=30 nb_inst_per_class=50,30,50,Rsast,all
4,0.9565217391304348,5.095862150192261,0.0810251235961914,4.845059871673584,0.13344144821166992,0.007698774337768555,DodgerLoopWeekend,ACF&PACF: n_random_points=10 nb_inst_per_class=30,10,30,Rsast,ACF&PACF
5,0.9565217391304348,4.521027088165283,0.04475855827331543,4.322985887527466,0.1419527530670166,0.007957220077514648,DodgerLoopWeekend,ACF&PACF: n_random_points=10 nb_inst_per_class=50,10,50,Rsast,ACF&PACF
6,0.9565217391304348,5.180432081222534,0.04473996162414551,4.858906269073486,0.2575409412384033,0.00954294204711914,DodgerLoopWeekend,ACF&PACF: n_random_points=30 nb_inst_per_class=30,30,30,Rsast,ACF&PACF
7,0.9565217391304348,4.729601860046387,0.044728755950927734,4.387463092803955,0.27292323112487793,0.017621994018554688,DodgerLoopWeekend,ACF&PACF: n_random_points=30 nb_inst_per_class=50,30,50,Rsast,ACF&PACF
