,accuracy,time,cweights_time,fsubsequence_time,tdataset_time,tclassifier_time,dataset_name,classifier_name,rpoint,nb_per_class,method,len_method
0,0.7314285714285714,2.6212658882141113,0.05614137649536133,1.2737274169921875,1.2322864532470703,0.045624732971191406,ArrowHead,all: n_random_points=10 nb_inst_per_class=30,10,30,Rsast,all
1,0.7428571428571429,2.6403002738952637,0.05508685111999512,1.3319742679595947,1.1736829280853271,0.057198524475097656,ArrowHead,all: n_random_points=10 nb_inst_per_class=50,10,50,Rsast,all
2,0.76,5.133917331695557,0.0793764591217041,1.9533259868621826,2.8782541751861572,0.17550444602966309,ArrowHead,all: n_random_points=30 nb_inst_per_class=30,30,30,Rsast,all
3,0.7542857142857143,5.939592361450195,0.08188772201538086,2.588724374771118,2.9997570514678955,0.19832825660705566,ArrowHead,all: n_random_points=30 nb_inst_per_class=50,30,50,Rsast,all
4,0.7885714285714286,5.715549945831299,0.06029701232910156,5.363360643386841,0.24347639083862305,0.008671283721923828,ArrowHead,ACF&PACF: n_random_points=10 nb_inst_per_class=30,10,30,Rsast,ACF&PACF
5,0.8057142857142857,5.434637069702148,0.04555463790893555,5.165335416793823,0.20994853973388672,0.010122060775756836,ArrowHead,ACF&PACF: n_random_points=10 nb_inst_per_class=50,10,50,Rsast,ACF&PACF
6,0.8,5.931093692779541,0.04569363594055176,5.337615966796875,0.5081284046173096,0.030133485794067383,ArrowHead,ACF&PACF: n_random_points=30 nb_inst_per_class=30,30,30,Rsast,ACF&PACF
7,0.8057142857142857,5.866387605667114,0.05516862869262695,5.304200649261475,0.46894121170043945,0.02509307861328125,ArrowHead,ACF&PACF: n_random_points=30 nb_inst_per_class=50,30,50,Rsast,ACF&PACF
