,accuracy,time,cweights_time,fsubsequence_time,tdataset_time,tclassifier_time,dataset_name,classifier_name,rpoint,nb_per_class,method,len_method
0,0.9936708860759493,3.611048698425293,0.03106236457824707,1.1494262218475342,1.895611047744751,0.5115571022033691,GunPointMaleVersusFemale,all: n_random_points=10 nb_inst_per_class=30,10,30,Rsast,all
1,0.9936708860759493,5.848652124404907,0.03702592849731445,2.0647830963134766,2.804224729537964,0.9032261371612549,GunPointMaleVersusFemale,all: n_random_points=10 nb_inst_per_class=50,10,50,Rsast,all
2,0.9936708860759493,7.6959545612335205,0.0463101863861084,2.081317901611328,4.041229248046875,1.4657769203186035,GunPointMaleVersusFemale,all: n_random_points=30 nb_inst_per_class=30,30,30,Rsast,all
3,0.9936708860759493,11.946569681167603,0.0457911491394043,3.3952317237854004,6.120099782943726,2.2923455238342285,GunPointMaleVersusFemale,all: n_random_points=30 nb_inst_per_class=50,30,50,Rsast,all
4,0.990506329113924,2.957106351852417,0.046213388442993164,2.524759292602539,0.2869699001312256,0.03267025947570801,GunPointMaleVersusFemale,ACF&PACF: n_random_points=10 nb_inst_per_class=30,10,30,Rsast,ACF&PACF
5,0.9841772151898734,3.792867660522461,0.02562856674194336,3.3176112174987793,0.38190293312072754,0.06093931198120117,GunPointMaleVersusFemale,ACF&PACF: n_random_points=10 nb_inst_per_class=50,10,50,Rsast,ACF&PACF
6,0.9873417721518988,2.871227741241455,0.027220726013183594,2.1420695781707764,0.6024601459503174,0.09084534645080566,GunPointMaleVersusFemale,ACF&PACF: n_random_points=30 nb_inst_per_class=30,30,30,Rsast,ACF&PACF
7,0.9841772151898734,4.583800315856934,0.029064178466796875,3.4011778831481934,0.9325478076934814,0.20640993118286133,GunPointMaleVersusFemale,ACF&PACF: n_random_points=30 nb_inst_per_class=50,30,50,Rsast,ACF&PACF
