,accuracy,time,cweights_time,fsubsequence_time,tdataset_time,tclassifier_time,dataset_name,classifier_name,rpoint,nb_per_class,method,len_method
0,0.9778481012658228,3.6059322357177734,0.026209115982055664,1.0578584671020508,1.9731662273406982,0.5267596244812012,GunPointAgeSpan,all: n_random_points=10 nb_inst_per_class=30,10,30,Rsast,all
1,0.9715189873417721,5.7737743854522705,0.033513545989990234,1.9680290222167969,2.815175771713257,0.9179394245147705,GunPointAgeSpan,all: n_random_points=10 nb_inst_per_class=50,10,50,Rsast,all
2,0.9778481012658228,7.926648378372192,0.04555797576904297,2.166112184524536,4.046890735626221,1.587052822113037,GunPointAgeSpan,all: n_random_points=30 nb_inst_per_class=30,30,30,Rsast,all
3,0.9746835443037974,12.684762954711914,0.04529142379760742,3.5455760955810547,6.515332937240601,2.4659767150878906,GunPointAgeSpan,all: n_random_points=30 nb_inst_per_class=50,30,50,Rsast,all
4,0.9715189873417721,3.1794826984405518,0.04512906074523926,2.777805805206299,0.2669365406036377,0.03594374656677246,GunPointAgeSpan,ACF&PACF: n_random_points=10 nb_inst_per_class=30,10,30,Rsast,ACF&PACF
5,0.9715189873417721,3.90360426902771,0.025213003158569336,3.4516761302948,0.3782777786254883,0.04407930374145508,GunPointAgeSpan,ACF&PACF: n_random_points=10 nb_inst_per_class=50,10,50,Rsast,ACF&PACF
6,0.9810126582278481,2.9724228382110596,0.025165319442749023,2.2451446056365967,0.6102471351623535,0.08522820472717285,GunPointAgeSpan,ACF&PACF: n_random_points=30 nb_inst_per_class=30,30,30,Rsast,ACF&PACF
7,0.9715189873417721,5.2794952392578125,0.03337550163269043,4.046865940093994,0.9466431140899658,0.24368739128112793,GunPointAgeSpan,ACF&PACF: n_random_points=30 nb_inst_per_class=50,30,50,Rsast,ACF&PACF
