,accuracy,time,cweights_time,fsubsequence_time,tdataset_time,tclassifier_time,dataset_name,classifier_name,rpoint,nb_per_class,method,len_method
0,0.8847888478884789,6.089626312255859,0.02918386459350586,1.3089065551757812,1.1548280715942383,3.563169002532959,MelbournePedestrian,all: n_random_points=10 nb_inst_per_class=30,10,30,Rsast,all
1,0.8864288642886429,8.504424333572388,0.01799464225769043,1.3173179626464844,1.8890841007232666,5.211501359939575,MelbournePedestrian,all: n_random_points=10 nb_inst_per_class=50,10,50,Rsast,all
2,0.8868388683886839,7.609014987945557,0.015685319900512695,0.8271849155426025,1.8263745307922363,4.868143558502197,MelbournePedestrian,all: n_random_points=30 nb_inst_per_class=30,30,30,Rsast,all
3,0.8884788847888478,11.962929725646973,0.021712779998779297,2.4076614379882812,2.5511693954467773,6.882692813873291,MelbournePedestrian,all: n_random_points=30 nb_inst_per_class=50,30,50,Rsast,all
4,0.8671586715867159,0.8165688514709473,0.016156673431396484,0.04375767707824707,0.07100391387939453,0.6586763858795166,MelbournePedestrian,ACF&PACF: n_random_points=10 nb_inst_per_class=30,10,30,Rsast,ACF&PACF
5,0.8646986469864698,2.0226054191589355,0.01493692398071289,0.07322311401367188,0.16224980354309082,1.7696614265441895,MelbournePedestrian,ACF&PACF: n_random_points=10 nb_inst_per_class=50,10,50,Rsast,ACF&PACF
6,0.8581385813858139,1.1047210693359375,0.014684438705444336,0.05094599723815918,0.1252882480621338,0.9119174480438232,MelbournePedestrian,ACF&PACF: n_random_points=30 nb_inst_per_class=30,30,30,Rsast,ACF&PACF
7,0.8757687576875769,1.318345546722412,0.014654397964477539,0.0845177173614502,0.16100859642028809,1.0558867454528809,MelbournePedestrian,ACF&PACF: n_random_points=30 nb_inst_per_class=50,30,50,Rsast,ACF&PACF
