,accuracy,time,cweights_time,fsubsequence_time,tdataset_time,tclassifier_time,dataset_name,classifier_name,rpoint,nb_per_class,method,len_method
0,0.8692307692307693,4.599789381027222,0.05567312240600586,1.8140220642089844,2.619112730026245,0.08689284324645996,ToeSegmentation2,all: n_random_points=10 nb_inst_per_class=30,10,30,Rsast,all
1,0.8692307692307693,4.764346122741699,0.09666872024536133,2.3885416984558105,2.1649773120880127,0.08083486557006836,ToeSegmentation2,all: n_random_points=10 nb_inst_per_class=50,10,50,Rsast,all
2,0.8769230769230769,9.544170618057251,0.09613704681396484,3.2855169773101807,5.870712757110596,0.2384498119354248,ToeSegmentation2,all: n_random_points=30 nb_inst_per_class=30,30,30,Rsast,all
3,0.8769230769230769,9.24673080444336,0.09707427024841309,3.597038745880127,5.220475673675537,0.22822880744934082,ToeSegmentation2,all: n_random_points=30 nb_inst_per_class=50,30,50,Rsast,all
4,0.9,12.562793016433716,0.09812188148498535,12.007594108581543,0.37378692626953125,0.02277851104736328,ToeSegmentation2,ACF&PACF: n_random_points=10 nb_inst_per_class=30,10,30,Rsast,ACF&PACF
5,0.9153846153846154,11.6857430934906,0.05352067947387695,11.239190578460693,0.3727710247039795,0.01265263557434082,ToeSegmentation2,ACF&PACF: n_random_points=10 nb_inst_per_class=50,10,50,Rsast,ACF&PACF
6,0.9076923076923077,12.733982801437378,0.07985639572143555,11.653292417526245,0.9490776062011719,0.03671860694885254,ToeSegmentation2,ACF&PACF: n_random_points=30 nb_inst_per_class=30,30,30,Rsast,ACF&PACF
7,0.9076923076923077,13.34687614440918,0.09419488906860352,12.23055911064148,0.9755117893218994,0.02709341049194336,ToeSegmentation2,ACF&PACF: n_random_points=30 nb_inst_per_class=50,30,50,Rsast,ACF&PACF
