,accuracy,time,cweights_time,fsubsequence_time,tdataset_time,tclassifier_time,dataset_name,classifier_name,rpoint,nb_per_class,method,len_method
0,0.6,39.521382331848145,0.18581175804138184,7.941506862640381,25.725764513015747,5.493505954742432,InsectWingbeatSound,all: n_random_points=10 nb_inst_per_class=30,10,30,Rsast,all
1,0.6005050505050505,41.06614422798157,0.2089827060699463,9.864842176437378,25.667317867279053,5.095009088516235,InsectWingbeatSound,all: n_random_points=10 nb_inst_per_class=50,10,50,Rsast,all
2,0.6,104.30485725402832,0.10353517532348633,12.594486474990845,75.09213972091675,16.20747423171997,InsectWingbeatSound,all: n_random_points=30 nb_inst_per_class=30,30,30,Rsast,all
3,0.5994949494949495,103.435551404953,0.10513591766357422,11.741187572479248,74.90680122375488,16.166181802749634,InsectWingbeatSound,all: n_random_points=30 nb_inst_per_class=50,30,50,Rsast,all
4,0.5414141414141415,41.87031054496765,0.1028757095336914,37.192078590393066,3.585920572280884,0.7975969314575195,InsectWingbeatSound,ACF&PACF: n_random_points=10 nb_inst_per_class=30,10,30,Rsast,ACF&PACF
5,0.5429292929292929,39.55071806907654,0.2022867202758789,35.365904569625854,3.1728756427764893,0.7939770221710205,InsectWingbeatSound,ACF&PACF: n_random_points=10 nb_inst_per_class=50,10,50,Rsast,ACF&PACF
6,0.5474747474747474,44.05432844161987,0.20165586471557617,32.393736124038696,9.218698978424072,2.1863672733306885,InsectWingbeatSound,ACF&PACF: n_random_points=30 nb_inst_per_class=30,30,30,Rsast,ACF&PACF
7,0.5444444444444444,44.59124732017517,0.20111083984375,32.864569425582886,9.31868290901184,2.1433050632476807,InsectWingbeatSound,ACF&PACF: n_random_points=30 nb_inst_per_class=50,30,50,Rsast,ACF&PACF
