,accuracy,time,cweights_time,fsubsequence_time,tdataset_time,tclassifier_time,dataset_name,classifier_name,rpoint,nb_per_class,method,len_method
0,0.9382222222222222,10.22170090675354,0.07958841323852539,1.8458402156829834,5.758857488632202,2.4830236434936523,ECG5000,all: n_random_points=10 nb_inst_per_class=30,10,30,Rsast,all
1,0.9391111111111111,14.866883993148804,0.04503059387207031,2.183110475540161,8.511882066726685,4.05777907371521,ECG5000,all: n_random_points=10 nb_inst_per_class=50,10,50,Rsast,all
2,0.9406666666666667,29.0715274810791,0.07877683639526367,3.1084811687469482,16.09501028060913,9.639971256256104,ECG5000,all: n_random_points=30 nb_inst_per_class=30,30,30,Rsast,all
3,0.9397777777777778,37.60989236831665,0.0584104061126709,3.833160161972046,22.433806657791138,11.118041753768921,ECG5000,all: n_random_points=30 nb_inst_per_class=50,30,50,Rsast,all
4,0.9417777777777778,4.324892282485962,0.04116559028625488,2.6423072814941406,1.3266921043395996,0.24487876892089844,ECG5000,ACF&PACF: n_random_points=10 nb_inst_per_class=30,10,30,Rsast,ACF&PACF
5,0.9391111111111111,6.789678335189819,0.07752513885498047,4.35367751121521,1.857701301574707,0.4869089126586914,ECG5000,ACF&PACF: n_random_points=10 nb_inst_per_class=50,10,50,Rsast,ACF&PACF
6,0.9402222222222222,7.608510732650757,0.05998730659484863,3.1811420917510986,3.3713934421539307,0.9679450988769531,ECG5000,ACF&PACF: n_random_points=30 nb_inst_per_class=30,30,30,Rsast,ACF&PACF
7,0.9391111111111111,12.869245290756226,0.04392242431640625,6.217480897903442,5.017521142959595,1.5441455841064453,ECG5000,ACF&PACF: n_random_points=30 nb_inst_per_class=50,30,50,Rsast,ACF&PACF
