,accuracy,time,cweights_time,fsubsequence_time,tdataset_time,tclassifier_time,dataset_name,classifier_name,rpoint,nb_per_class,method,len_method
0,0.8055555555555556,4.214352130889893,0.08125162124633789,1.7181854248046875,2.3597729206085205,0.03349566459655762,ShapeletSim,all: n_random_points=10 nb_inst_per_class=30,10,30,Rsast,all
1,0.8,5.1334381103515625,0.13709735870361328,2.560917615890503,2.372096061706543,0.03482341766357422,ShapeletSim,all: n_random_points=10 nb_inst_per_class=50,10,50,Rsast,all
2,0.8055555555555556,8.990165948867798,0.13742995262145996,3.2681102752685547,5.417736530303955,0.12244844436645508,ShapeletSim,all: n_random_points=30 nb_inst_per_class=30,30,30,Rsast,all
3,0.8055555555555556,8.710495710372925,0.1369314193725586,3.371483564376831,5.003718852996826,0.11500120162963867,ShapeletSim,all: n_random_points=30 nb_inst_per_class=50,30,50,Rsast,all
4,0.8722222222222222,20.77307391166687,0.13857030868530273,20.353036880493164,0.22765517234802246,0.005810260772705078,ShapeletSim,ACF&PACF: n_random_points=10 nb_inst_per_class=30,10,30,Rsast,ACF&PACF
5,0.8777777777777778,20.077101469039917,0.09177088737487793,19.754065990447998,0.22295308113098145,0.004803657531738281,ShapeletSim,ACF&PACF: n_random_points=10 nb_inst_per_class=50,10,50,Rsast,ACF&PACF
6,0.8833333333333333,20.45501399040222,0.07885408401489258,19.815297842025757,0.5450546741485596,0.010671854019165039,ShapeletSim,ACF&PACF: n_random_points=30 nb_inst_per_class=30,30,30,Rsast,ACF&PACF
7,0.8777777777777778,21.366490125656128,0.07078337669372559,20.683679819107056,0.5930492877960205,0.012032747268676758,ShapeletSim,ACF&PACF: n_random_points=30 nb_inst_per_class=50,30,50,Rsast,ACF&PACF
