,accuracy,time,cweights_time,fsubsequence_time,tdataset_time,tclassifier_time,dataset_name,classifier_name,rpoint,nb_per_class,method,len_method
0,0.4935064935064935,6.793823480606079,0.0455019474029541,2.102809429168701,2.913828134536743,1.6855494976043701,MiddlePhalanxTW,all: n_random_points=10 nb_inst_per_class=30,10,30,Rsast,all
1,0.487012987012987,9.587121725082397,0.04089045524597168,3.456073760986328,3.5852744579315186,2.439940929412842,MiddlePhalanxTW,all: n_random_points=10 nb_inst_per_class=50,10,50,Rsast,all
2,0.512987012987013,15.901038885116577,0.02886486053466797,2.3572237491607666,7.618331432342529,5.768651008605957,MiddlePhalanxTW,all: n_random_points=30 nb_inst_per_class=30,30,30,Rsast,all
3,0.5,19.428656816482544,0.025456666946411133,3.989203929901123,8.70506763458252,6.54323673248291,MiddlePhalanxTW,all: n_random_points=30 nb_inst_per_class=50,30,50,Rsast,all
4,0.525974025974026,1.9781382083892822,0.025955915451049805,1.2781782150268555,0.47531867027282715,0.1600043773651123,MiddlePhalanxTW,ACF&PACF: n_random_points=10 nb_inst_per_class=30,10,30,Rsast,ACF&PACF
5,0.551948051948052,2.8924920558929443,0.02527904510498047,1.826439619064331,0.7565267086029053,0.2790260314941406,MiddlePhalanxTW,ACF&PACF: n_random_points=10 nb_inst_per_class=50,10,50,Rsast,ACF&PACF
6,0.5324675324675324,3.404668092727661,0.03167152404785156,1.587822437286377,1.2749621868133545,0.491957426071167,MiddlePhalanxTW,ACF&PACF: n_random_points=30 nb_inst_per_class=30,30,30,Rsast,ACF&PACF
7,0.525974025974026,5.146048545837402,0.032868146896362305,2.2686145305633545,1.8161547183990479,0.9990170001983643,MiddlePhalanxTW,ACF&PACF: n_random_points=30 nb_inst_per_class=50,30,50,Rsast,ACF&PACF
