,accuracy,time,cweights_time,fsubsequence_time,tdataset_time,tclassifier_time,dataset_name,classifier_name,rpoint,nb_per_class,method,len_method
0,0.7951219512195122,3.626042604446411,0.030865192413330078,0.9013180732727051,1.9176790714263916,0.7512168884277344,ProximalPhalanxOutlineAgeGroup,all: n_random_points=10 nb_inst_per_class=30,10,30,Rsast,all
1,0.7707317073170732,5.746089220046997,0.021147966384887695,1.3120770454406738,2.8272409439086914,1.5453333854675293,ProximalPhalanxOutlineAgeGroup,all: n_random_points=10 nb_inst_per_class=50,10,50,Rsast,all
2,0.7853658536585366,7.677812814712524,0.025254011154174805,1.3334083557128906,3.935551643371582,2.3245327472686768,ProximalPhalanxOutlineAgeGroup,all: n_random_points=30 nb_inst_per_class=30,30,30,Rsast,all
3,0.7804878048780488,12.646740913391113,0.02448558807373047,2.084017753601074,5.9268879890441895,4.5029847621917725,ProximalPhalanxOutlineAgeGroup,all: n_random_points=30 nb_inst_per_class=50,30,50,Rsast,all
4,0.824390243902439,1.0874414443969727,0.017989635467529297,0.6639535427093506,0.30394816398620605,0.0681765079498291,ProximalPhalanxOutlineAgeGroup,ACF&PACF: n_random_points=10 nb_inst_per_class=30,10,30,Rsast,ACF&PACF
5,0.8097560975609757,1.7090039253234863,0.0181884765625,1.1054973602294922,0.45752549171447754,0.12351155281066895,ProximalPhalanxOutlineAgeGroup,ACF&PACF: n_random_points=10 nb_inst_per_class=50,10,50,Rsast,ACF&PACF
6,0.775609756097561,1.7260963916778564,0.018213510513305664,0.7357621192932129,0.6948390007019043,0.2712712287902832,ProximalPhalanxOutlineAgeGroup,ACF&PACF: n_random_points=30 nb_inst_per_class=30,30,30,Rsast,ACF&PACF
7,0.775609756097561,3.160942316055298,0.02455306053161621,1.5867021083831787,1.0820024013519287,0.45319533348083496,ProximalPhalanxOutlineAgeGroup,ACF&PACF: n_random_points=30 nb_inst_per_class=50,30,50,Rsast,ACF&PACF
