,accuracy,time,cweights_time,fsubsequence_time,tdataset_time,tclassifier_time,dataset_name,classifier_name,rpoint,nb_per_class,method,len_method
0,0.96,0.22957277297973633,0.004075288772583008,0.17628931999206543,0.015457391738891602,0.03285408020019531,SmoothSubspace,all: n_random_points=10 nb_inst_per_class=30,10,30,Rsast,all
1,0.9533333333333334,0.3538520336151123,0.0043256282806396484,0.2630131244659424,0.03618121147155762,0.04792475700378418,SmoothSubspace,all: n_random_points=10 nb_inst_per_class=50,10,50,Rsast,all
2,0.96,0.24379992485046387,0.004333019256591797,0.17984724044799805,0.025408267974853516,0.03130602836608887,SmoothSubspace,all: n_random_points=30 nb_inst_per_class=30,30,30,Rsast,all
3,0.9533333333333334,0.31467151641845703,0.003346681594848633,0.22925043106079102,0.034050703048706055,0.04594230651855469,SmoothSubspace,all: n_random_points=30 nb_inst_per_class=50,30,50,Rsast,all
4,0.9133333333333333,0.11751294136047363,0.004297018051147461,0.09322643280029297,0.007502079010009766,0.009896278381347656,SmoothSubspace,ACF&PACF: n_random_points=10 nb_inst_per_class=30,10,30,Rsast,ACF&PACF
5,0.9466666666666667,0.17597413063049316,0.004088401794433594,0.15308475494384766,0.006448984146118164,0.0118255615234375,SmoothSubspace,ACF&PACF: n_random_points=10 nb_inst_per_class=50,10,50,Rsast,ACF&PACF
6,0.9066666666666666,0.11469340324401855,0.004182100296020508,0.09237122535705566,0.0077877044677734375,0.009773015975952148,SmoothSubspace,ACF&PACF: n_random_points=30 nb_inst_per_class=30,30,30,Rsast,ACF&PACF
7,0.9,0.18115973472595215,0.004086017608642578,0.15606975555419922,0.008226394653320312,0.012255191802978516,SmoothSubspace,ACF&PACF: n_random_points=30 nb_inst_per_class=50,30,50,Rsast,ACF&PACF
