,accuracy,time,cweights_time,fsubsequence_time,tdataset_time,tclassifier_time,dataset_name,classifier_name,rpoint,nb_per_class,method,len_method
0,0.9821052631578947,13.452352046966553,0.09921884536743164,3.1502420902252197,8.908194303512573,1.2530906200408936,FreezerRegularTrain,all: n_random_points=10 nb_inst_per_class=30,10,30,Rsast,all
1,0.9856140350877193,23.464972972869873,0.09348011016845703,7.379457950592041,13.604944705963135,2.294633626937866,FreezerRegularTrain,all: n_random_points=10 nb_inst_per_class=50,10,50,Rsast,all
2,0.984561403508772,32.34037446975708,0.05192232131958008,4.067263841629028,24.7216796875,3.3731353282928467,FreezerRegularTrain,all: n_random_points=30 nb_inst_per_class=30,30,30,Rsast,all
3,0.9817543859649123,50.512407302856445,0.10076451301574707,6.857671022415161,37.902411699295044,5.465155124664307,FreezerRegularTrain,all: n_random_points=30 nb_inst_per_class=50,30,50,Rsast,all
4,0.980701754385965,15.049211263656616,0.05329275131225586,13.89039659500122,0.878265380859375,0.054091691970825195,FreezerRegularTrain,ACF&PACF: n_random_points=10 nb_inst_per_class=30,10,30,Rsast,ACF&PACF
5,0.9775438596491228,28.880181550979614,0.10033607482910156,27.481569051742554,1.180842638015747,0.10260844230651855,FreezerRegularTrain,ACF&PACF: n_random_points=10 nb_inst_per_class=50,10,50,Rsast,ACF&PACF
6,0.9743859649122807,19.602612495422363,0.10039210319519043,17.134490966796875,2.1107301712036133,0.24077725410461426,FreezerRegularTrain,ACF&PACF: n_random_points=30 nb_inst_per_class=30,30,30,Rsast,ACF&PACF
7,0.9768421052631578,27.58149266242981,0.09963870048522949,23.712063312530518,3.271446704864502,0.4708263874053955,FreezerRegularTrain,ACF&PACF: n_random_points=30 nb_inst_per_class=50,30,50,Rsast,ACF&PACF
