,accuracy,time,cweights_time,fsubsequence_time,tdataset_time,tclassifier_time,dataset_name,classifier_name,rpoint,nb_per_class,method,len_method
0,0.9611111111111111,0.713930606842041,0.03803396224975586,0.4931066036224365,0.16415143013000488,0.013540983200073242,CBF,all: n_random_points=10 nb_inst_per_class=30,10,30,Rsast,all
1,0.9577777777777777,1.0610167980194092,0.041524410247802734,0.8221166133880615,0.16646671295166016,0.021851301193237305,CBF,all: n_random_points=10 nb_inst_per_class=50,10,50,Rsast,all
2,0.97,1.78922700881958,0.044843435287475586,1.207716703414917,0.45929884910583496,0.05604839324951172,CBF,all: n_random_points=30 nb_inst_per_class=30,30,30,Rsast,all
3,0.97,1.8386330604553223,0.0409698486328125,1.249612808227539,0.4712824821472168,0.0525972843170166,CBF,all: n_random_points=30 nb_inst_per_class=50,30,50,Rsast,all
4,0.99,1.0043854713439941,0.030463218688964844,0.9158337116241455,0.04046058654785156,0.004370212554931641,CBF,ACF&PACF: n_random_points=10 nb_inst_per_class=30,10,30,Rsast,ACF&PACF
5,0.9888888888888889,0.9291839599609375,0.030306577682495117,0.8505032062530518,0.03884148597717285,0.007780551910400391,CBF,ACF&PACF: n_random_points=10 nb_inst_per_class=50,10,50,Rsast,ACF&PACF
6,0.9888888888888889,1.1058108806610107,0.03194093704223633,0.9713606834411621,0.0897054672241211,0.010473251342773438,CBF,ACF&PACF: n_random_points=30 nb_inst_per_class=30,30,30,Rsast,ACF&PACF
7,0.9888888888888889,0.8911621570587158,0.02527332305908203,0.7657656669616699,0.08266878128051758,0.01398611068725586,CBF,ACF&PACF: n_random_points=30 nb_inst_per_class=50,30,50,Rsast,ACF&PACF
