,accuracy,time,cweights_time,fsubsequence_time,tdataset_time,tclassifier_time,dataset_name,classifier_name,rpoint,nb_per_class,method,len_method
0,0.9166666666666666,15.701968908309937,0.16726040840148926,4.786461114883423,10.347803115844727,0.33080291748046875,Meat,all: n_random_points=10 nb_inst_per_class=30,10,30,Rsast,all
1,0.9,16.006467819213867,0.15494203567504883,4.988592147827148,10.44257378578186,0.33997082710266113,Meat,all: n_random_points=10 nb_inst_per_class=50,10,50,Rsast,all
2,0.9166666666666666,37.10520553588867,0.15538406372070312,7.550454378128052,28.34829044342041,0.9379415512084961,Meat,all: n_random_points=30 nb_inst_per_class=30,30,30,Rsast,all
3,0.9166666666666666,37.65087151527405,0.15438508987426758,7.264239311218262,29.183258295059204,0.8632967472076416,Meat,all: n_random_points=30 nb_inst_per_class=50,30,50,Rsast,all
4,0.95,49.37771701812744,0.15734338760375977,45.87063789367676,3.1174211502075195,0.08526039123535156,Meat,ACF&PACF: n_random_points=10 nb_inst_per_class=30,10,30,Rsast,ACF&PACF
5,0.95,47.08648061752319,0.10540366172790527,43.77821183204651,3.0966548919677734,0.08225083351135254,Meat,ACF&PACF: n_random_points=10 nb_inst_per_class=50,10,50,Rsast,ACF&PACF
6,0.95,59.06259751319885,0.10449862480163574,49.61469650268555,9.044527769088745,0.2588977813720703,Meat,ACF&PACF: n_random_points=30 nb_inst_per_class=30,30,30,Rsast,ACF&PACF
7,0.9666666666666667,60.124812602996826,0.14122962951660156,50.54762864112854,9.108508825302124,0.26062917709350586,Meat,ACF&PACF: n_random_points=30 nb_inst_per_class=50,30,50,Rsast,ACF&PACF
