,accuracy,time,cweights_time,fsubsequence_time,tdataset_time,tclassifier_time,dataset_name,classifier_name,rpoint,nb_per_class,method,len_method
0,0.717391304347826,3.874110460281372,0.01815319061279297,0.5381793975830078,1.8358941078186035,1.464888095855713,DistalPhalanxOutlineCorrect,all: n_random_points=10 nb_inst_per_class=30,10,30,Rsast,all
1,0.717391304347826,5.864165306091309,0.032129526138305664,1.4419505596160889,2.836399793624878,1.5154218673706055,DistalPhalanxOutlineCorrect,all: n_random_points=10 nb_inst_per_class=50,10,50,Rsast,all
2,0.7246376811594203,7.40935754776001,0.01939678192138672,0.8444070816040039,4.002135515213013,2.498494863510132,DistalPhalanxOutlineCorrect,all: n_random_points=30 nb_inst_per_class=30,30,30,Rsast,all
3,0.7246376811594203,11.797369718551636,0.026193618774414062,1.666351318359375,6.0969557762146,3.944126844406128,DistalPhalanxOutlineCorrect,all: n_random_points=30 nb_inst_per_class=50,30,50,Rsast,all
4,0.7318840579710145,1.0629558563232422,0.0167696475982666,0.45389413833618164,0.408419132232666,0.15744280815124512,DistalPhalanxOutlineCorrect,ACF&PACF: n_random_points=10 nb_inst_per_class=30,10,30,Rsast,ACF&PACF
5,0.6956521739130435,1.4484608173370361,0.017912626266479492,0.7284636497497559,0.4968595504760742,0.20270061492919922,DistalPhalanxOutlineCorrect,ACF&PACF: n_random_points=10 nb_inst_per_class=50,10,50,Rsast,ACF&PACF
6,0.6956521739130435,1.9564449787139893,0.02178335189819336,0.7377865314483643,0.8326044082641602,0.3602275848388672,DistalPhalanxOutlineCorrect,ACF&PACF: n_random_points=30 nb_inst_per_class=30,30,30,Rsast,ACF&PACF
7,0.7318840579710145,3.397275447845459,0.02538013458251953,1.215540885925293,1.4911930561065674,0.6591145992279053,DistalPhalanxOutlineCorrect,ACF&PACF: n_random_points=30 nb_inst_per_class=50,30,50,Rsast,ACF&PACF
