,accuracy,time,cweights_time,fsubsequence_time,tdataset_time,tclassifier_time,dataset_name,classifier_name,rpoint,nb_per_class,method,len_method
0,0.7050359712230215,6.191261529922485,0.06420183181762695,1.8288159370422363,2.2273547649383545,2.0160200595855713,DistalPhalanxOutlineAgeGroup,all: n_random_points=10 nb_inst_per_class=30,10,30,Rsast,all
1,0.7266187050359713,5.583441972732544,0.0386195182800293,1.720334529876709,2.6029796600341797,1.1820638179779053,DistalPhalanxOutlineAgeGroup,all: n_random_points=10 nb_inst_per_class=50,10,50,Rsast,all
2,0.7194244604316546,9.110307693481445,0.03629636764526367,2.282655715942383,4.0038838386535645,2.707632064819336,DistalPhalanxOutlineAgeGroup,all: n_random_points=30 nb_inst_per_class=30,30,30,Rsast,all
3,0.7266187050359713,11.607362508773804,0.019013166427612305,1.7789256572723389,5.595628023147583,4.128681659698486,DistalPhalanxOutlineAgeGroup,all: n_random_points=30 nb_inst_per_class=50,30,50,Rsast,all
4,0.7122302158273381,1.6512444019317627,0.02837824821472168,1.1140592098236084,0.38401293754577637,0.09371209144592285,DistalPhalanxOutlineAgeGroup,ACF&PACF: n_random_points=10 nb_inst_per_class=30,10,30,Rsast,ACF&PACF
5,0.7050359712230215,1.7335269451141357,0.02255082130432129,1.1089942455291748,0.46955060958862305,0.12913060188293457,DistalPhalanxOutlineAgeGroup,ACF&PACF: n_random_points=10 nb_inst_per_class=50,10,50,Rsast,ACF&PACF
6,0.7338129496402878,1.896777629852295,0.022237300872802734,0.7790627479553223,0.8560707569122314,0.23448514938354492,DistalPhalanxOutlineAgeGroup,ACF&PACF: n_random_points=30 nb_inst_per_class=30,30,30,Rsast,ACF&PACF
7,0.7194244604316546,2.889777183532715,0.038958072662353516,1.3834552764892578,1.0981571674346924,0.35802292823791504,DistalPhalanxOutlineAgeGroup,ACF&PACF: n_random_points=30 nb_inst_per_class=50,30,50,Rsast,ACF&PACF
