,accuracy,time,cweights_time,fsubsequence_time,tdataset_time,tclassifier_time,dataset_name,classifier_name,rpoint,nb_per_class,method,len_method
0,0.9607843137254902,1.7405078411102295,0.14947271347045898,0.9782149791717529,0.5890159606933594,0.013757705688476562,DiatomSizeReduction,all: n_random_points=10 nb_inst_per_class=30,10,30,Rsast,all
1,0.9640522875816994,2.238339900970459,0.1128394603729248,1.4902725219726562,0.6024320125579834,0.015003681182861328,DiatomSizeReduction,all: n_random_points=10 nb_inst_per_class=50,10,50,Rsast,all
2,0.9640522875816994,3.999242067337036,0.13196110725402832,2.103537082672119,1.691344976425171,0.03951215744018555,DiatomSizeReduction,all: n_random_points=30 nb_inst_per_class=30,30,30,Rsast,all
3,0.9640522875816994,3.951962471008301,0.08385443687438965,2.0588715076446533,1.726696491241455,0.04024624824523926,DiatomSizeReduction,all: n_random_points=30 nb_inst_per_class=50,30,50,Rsast,all
4,0.9509803921568627,6.068052768707275,0.1481175422668457,5.779952526092529,0.0959327220916748,0.004029512405395508,DiatomSizeReduction,ACF&PACF: n_random_points=10 nb_inst_per_class=30,10,30,Rsast,ACF&PACF
5,0.9444444444444444,5.324411630630493,0.08434486389160156,5.137676477432251,0.09544801712036133,0.004203319549560547,DiatomSizeReduction,ACF&PACF: n_random_points=10 nb_inst_per_class=50,10,50,Rsast,ACF&PACF
6,0.9640522875816994,5.502559661865234,0.08309674263000488,5.176805019378662,0.23151159286499023,0.005969047546386719,DiatomSizeReduction,ACF&PACF: n_random_points=30 nb_inst_per_class=30,30,30,Rsast,ACF&PACF
7,0.9509803921568627,5.886483192443848,0.06917572021484375,5.564535140991211,0.2391529083251953,0.005883693695068359,DiatomSizeReduction,ACF&PACF: n_random_points=30 nb_inst_per_class=50,30,50,Rsast,ACF&PACF
