,accuracy,time,cweights_time,fsubsequence_time,tdataset_time,tclassifier_time,dataset_name,classifier_name,rpoint,nb_per_class,method,len_method
0,0.6625,9.687257051467896,0.11625933647155762,3.5172386169433594,5.623894929885864,0.3836066722869873,DodgerLoopDay,all: n_random_points=10 nb_inst_per_class=30,10,30,Rsast,all
1,0.6625,10.411126852035522,0.13090920448303223,3.7362706661224365,6.045406818389893,0.4427025318145752,DodgerLoopDay,all: n_random_points=10 nb_inst_per_class=50,10,50,Rsast,all
2,0.675,21.45727825164795,0.1518409252166748,5.282939434051514,14.783912181854248,1.1420109272003174,DodgerLoopDay,all: n_random_points=30 nb_inst_per_class=30,30,30,Rsast,all
3,0.675,21.64939522743225,0.15288972854614258,5.312714099884033,14.749998569488525,1.2802135944366455,DodgerLoopDay,all: n_random_points=30 nb_inst_per_class=50,30,50,Rsast,all
4,0.6375,18.634252309799194,0.13992619514465332,17.2479248046875,1.126039981842041,0.04520821571350098,DodgerLoopDay,ACF&PACF: n_random_points=10 nb_inst_per_class=30,10,30,Rsast,ACF&PACF
5,0.6125,17.765599489212036,0.09481430053710938,16.44067406654358,1.1727712154388428,0.047245025634765625,DodgerLoopDay,ACF&PACF: n_random_points=10 nb_inst_per_class=50,10,50,Rsast,ACF&PACF
6,0.625,20.208007335662842,0.11721038818359375,16.863175868988037,2.9610116481781006,0.2412419319152832,DodgerLoopDay,ACF&PACF: n_random_points=30 nb_inst_per_class=30,30,30,Rsast,ACF&PACF
7,0.625,20.316587209701538,0.11116480827331543,17.070911169052124,2.9050629138946533,0.19521570205688477,DodgerLoopDay,ACF&PACF: n_random_points=30 nb_inst_per_class=50,30,50,Rsast,ACF&PACF
