,accuracy,time,cweights_time,fsubsequence_time,tdataset_time,tclassifier_time,dataset_name,classifier_name,rpoint,nb_per_class,method,len_method
0,0.7619047619047619,21.63812828063965,0.13562417030334473,4.567979574203491,16.158506393432617,0.7033803462982178,Ham,all: n_random_points=10 nb_inst_per_class=30,10,30,Rsast,all
1,0.7428571428571429,35.60962271690369,0.14137887954711914,7.755186080932617,26.50786852836609,1.1114232540130615,Ham,all: n_random_points=10 nb_inst_per_class=50,10,50,Rsast,all
2,0.7238095238095238,56.641045331954956,0.13935637474060059,7.213935852050781,47.088881492614746,2.0428245067596436,Ham,all: n_random_points=30 nb_inst_per_class=30,30,30,Rsast,all
3,0.7238095238095238,89.52179408073425,0.14297866821289062,11.163612365722656,74.48585224151611,3.4683496952056885,Ham,all: n_random_points=30 nb_inst_per_class=50,30,50,Rsast,all
4,0.7904761904761904,44.351911544799805,0.1423938274383545,41.79688882827759,2.058419704437256,0.05846977233886719,Ham,ACF&PACF: n_random_points=10 nb_inst_per_class=30,10,30,Rsast,ACF&PACF
5,0.7428571428571429,66.83496570587158,0.08161163330078125,63.026920795440674,3.587980270385742,0.12434887886047363,Ham,ACF&PACF: n_random_points=10 nb_inst_per_class=50,10,50,Rsast,ACF&PACF
6,0.780952380952381,43.38094997406006,0.09153914451599121,36.55582809448242,6.4815897941589355,0.21866536140441895,Ham,ACF&PACF: n_random_points=30 nb_inst_per_class=30,30,30,Rsast,ACF&PACF
7,0.7428571428571429,71.33880925178528,0.14174532890319824,60.40519142150879,10.081223964691162,0.6570248603820801,Ham,ACF&PACF: n_random_points=30 nb_inst_per_class=50,30,50,Rsast,ACF&PACF
