,accuracy,time,cweights_time,fsubsequence_time,tdataset_time,tclassifier_time,dataset_name,classifier_name,rpoint,nb_per_class,method,len_method
0,0.9782608695652174,1.5405828952789307,0.05416679382324219,0.9050171375274658,0.5487370491027832,0.019850492477416992,DodgerLoopWeekend,all: n_random_points=10 nb_inst_per_class=30,10,30,Rsast,all
1,0.9782608695652174,1.4388675689697266,0.045238494873046875,0.7873666286468506,0.5739212036132812,0.0210421085357666,DodgerLoopWeekend,all: n_random_points=10 nb_inst_per_class=50,10,50,Rsast,all
2,0.9710144927536232,3.3213322162628174,0.05798840522766113,1.5413098335266113,1.6424288749694824,0.045142412185668945,DodgerLoopWeekend,all: n_random_points=30 nb_inst_per_class=30,30,30,Rsast,all
3,0.9710144927536232,2.922910213470459,0.04599642753601074,1.2090342044830322,1.597238540649414,0.04125785827636719,DodgerLoopWeekend,all: n_random_points=30 nb_inst_per_class=50,30,50,Rsast,all
4,0.9565217391304348,5.256453990936279,0.0660712718963623,5.031558513641357,0.1254899501800537,0.013158798217773438,DodgerLoopWeekend,ACF&PACF: n_random_points=10 nb_inst_per_class=30,10,30,Rsast,ACF&PACF
5,0.9565217391304348,4.579450368881226,0.04479265213012695,4.398903846740723,0.12251853942871094,0.007848262786865234,DodgerLoopWeekend,ACF&PACF: n_random_points=10 nb_inst_per_class=50,10,50,Rsast,ACF&PACF
6,0.9565217391304348,4.865929365158081,0.04500985145568848,4.537585973739624,0.263110876083374,0.013167381286621094,DodgerLoopWeekend,ACF&PACF: n_random_points=30 nb_inst_per_class=30,30,30,Rsast,ACF&PACF
7,0.9565217391304348,4.926119804382324,0.058126211166381836,4.567278623580933,0.27864503860473633,0.014983654022216797,DodgerLoopWeekend,ACF&PACF: n_random_points=30 nb_inst_per_class=50,30,50,Rsast,ACF&PACF
