,accuracy,time,cweights_time,fsubsequence_time,tdataset_time,tclassifier_time,dataset_name,classifier_name,rpoint,nb_per_class,method,len_method
0,0.9575609756097561,10.974265336990356,0.11723566055297852,4.185749530792236,4.452078104019165,2.1567065715789795,FacesUCR,all: n_random_points=10 nb_inst_per_class=30,10,30,Rsast,all
1,0.9575609756097561,10.550506830215454,0.10776114463806152,3.2130160331726074,4.577123641967773,2.549314498901367,FacesUCR,all: n_random_points=10 nb_inst_per_class=50,10,50,Rsast,all
2,0.9580487804878048,23.923429250717163,0.09800386428833008,4.891604900360107,11.80359959602356,6.952934741973877,FacesUCR,all: n_random_points=30 nb_inst_per_class=30,30,30,Rsast,all
3,0.96,23.120660543441772,0.05996870994567871,4.673782825469971,11.76747179031372,6.416203022003174,FacesUCR,all: n_random_points=30 nb_inst_per_class=50,30,50,Rsast,all
4,0.9614634146341463,7.726860284805298,0.117767333984375,5.921969890594482,1.1315574645996094,0.44128942489624023,FacesUCR,ACF&PACF: n_random_points=10 nb_inst_per_class=30,10,30,Rsast,ACF&PACF
5,0.9634146341463414,8.01732587814331,0.1385786533355713,6.350760459899902,1.113966703414917,0.3958861827850342,FacesUCR,ACF&PACF: n_random_points=10 nb_inst_per_class=50,10,50,Rsast,ACF&PACF
6,0.9624390243902439,10.098501920700073,0.08615374565124512,5.7252562046051025,2.9418108463287354,1.316474199295044,FacesUCR,ACF&PACF: n_random_points=30 nb_inst_per_class=30,30,30,Rsast,ACF&PACF
7,0.9614634146341463,10.892335176467896,0.1156315803527832,6.278067350387573,3.0259759426116943,1.4233348369598389,FacesUCR,ACF&PACF: n_random_points=30 nb_inst_per_class=50,30,50,Rsast,ACF&PACF
