,accuracy,time,cweights_time,fsubsequence_time,tdataset_time,tclassifier_time,dataset_name,classifier_name,rpoint,nb_per_class,method,len_method
0,0.7537437603993344,0.28589844703674316,0.01761460304260254,0.23495841026306152,0.022870302200317383,0.007894515991210938,SonyAIBORobotSurface1,all: n_random_points=10 nb_inst_per_class=30,10,30,Rsast,all
1,0.7554076539101497,0.32079529762268066,0.018772363662719727,0.26491332054138184,0.02259540557861328,0.009913444519042969,SonyAIBORobotSurface1,all: n_random_points=10 nb_inst_per_class=50,10,50,Rsast,all
2,0.7637271214642263,0.46393299102783203,0.018588542938232422,0.37338685989379883,0.053595781326293945,0.013126611709594727,SonyAIBORobotSurface1,all: n_random_points=30 nb_inst_per_class=30,30,30,Rsast,all
3,0.7637271214642263,0.5390427112579346,0.0197751522064209,0.44229841232299805,0.05250144004821777,0.014554262161254883,SonyAIBORobotSurface1,all: n_random_points=30 nb_inst_per_class=50,30,50,Rsast,all
4,0.8036605657237936,0.23637008666992188,0.019649267196655273,0.19787836074829102,0.005989551544189453,0.0036575794219970703,SonyAIBORobotSurface1,ACF&PACF: n_random_points=10 nb_inst_per_class=30,10,30,Rsast,ACF&PACF
5,0.7986688851913477,0.24783945083618164,0.01913762092590332,0.19709181785583496,0.023678064346313477,0.007111549377441406,SonyAIBORobotSurface1,ACF&PACF: n_random_points=10 nb_inst_per_class=50,10,50,Rsast,ACF&PACF
6,0.8086522462562395,0.24787163734436035,0.02566385269165039,0.20249581336975098,0.014951467514038086,0.0036153793334960938,SonyAIBORobotSurface1,ACF&PACF: n_random_points=30 nb_inst_per_class=30,30,30,Rsast,ACF&PACF
7,0.8136439267886856,0.21863484382629395,0.02157425880432129,0.17758774757385254,0.011565208435058594,0.0055692195892333984,SonyAIBORobotSurface1,ACF&PACF: n_random_points=30 nb_inst_per_class=50,30,50,Rsast,ACF&PACF
