,accuracy,time,cweights_time,fsubsequence_time,tdataset_time,tclassifier_time,dataset_name,classifier_name,rpoint,nb_per_class,method,len_method
0,0.8823288232882329,5.383958339691162,0.021024465560913086,0.7480354309082031,1.2475941181182861,3.3335819244384766,MelbournePedestrian,all: n_random_points=10 nb_inst_per_class=30,10,30,Rsast,all
1,0.8856088560885609,8.587435960769653,0.0160062313079834,1.172226905822754,1.8179583549499512,5.518132925033569,MelbournePedestrian,all: n_random_points=10 nb_inst_per_class=50,10,50,Rsast,all
2,0.8827388273882739,7.933566570281982,0.029053688049316406,1.1587343215942383,1.9751946926116943,4.687227249145508,MelbournePedestrian,all: n_random_points=30 nb_inst_per_class=30,30,30,Rsast,all
3,0.8892988929889298,11.138418436050415,0.01647663116455078,1.3981750011444092,2.4516782760620117,7.159092903137207,MelbournePedestrian,all: n_random_points=30 nb_inst_per_class=50,30,50,Rsast,all
4,0.8618286182861828,1.3044471740722656,0.019354581832885742,0.07505321502685547,0.07768893241882324,1.1116721630096436,MelbournePedestrian,ACF&PACF: n_random_points=10 nb_inst_per_class=30,10,30,Rsast,ACF&PACF
5,0.8663386633866339,1.3740975856781006,0.019603967666625977,0.09232687950134277,0.13956308364868164,1.1202359199523926,MelbournePedestrian,ACF&PACF: n_random_points=10 nb_inst_per_class=50,10,50,Rsast,ACF&PACF
6,0.8655186551865519,1.1093015670776367,0.014698982238769531,0.05009818077087402,0.10065817832946777,0.9418957233428955,MelbournePedestrian,ACF&PACF: n_random_points=30 nb_inst_per_class=30,30,30,Rsast,ACF&PACF
7,0.8720787207872078,1.5533082485198975,0.01472330093383789,0.08339881896972656,0.1516563892364502,1.3013510704040527,MelbournePedestrian,ACF&PACF: n_random_points=30 nb_inst_per_class=50,30,50,Rsast,ACF&PACF
