,accuracy,time,cweights_time,fsubsequence_time,tdataset_time,tclassifier_time,dataset_name,classifier_name,rpoint,nb_per_class,method,len_method
0,1.0,4.568871736526489,0.0419466495513916,1.7659127712249756,2.3010263442993164,0.4259340763092041,Plane,all: n_random_points=10 nb_inst_per_class=30,10,30,Rsast,all
1,1.0,5.0648932456970215,0.06917619705200195,2.2600934505462646,2.2943387031555176,0.39336323738098145,Plane,all: n_random_points=10 nb_inst_per_class=50,10,50,Rsast,all
2,1.0,8.850779056549072,0.052762508392333984,2.871455669403076,4.810516357421875,1.0440928936004639,Plane,all: n_random_points=30 nb_inst_per_class=30,30,30,Rsast,all
3,1.0,9.298550844192505,0.07564592361450195,3.3137166500091553,4.7220869064331055,1.0666470527648926,Plane,all: n_random_points=30 nb_inst_per_class=50,30,50,Rsast,all
4,1.0,3.627596616744995,0.05105233192443848,3.19107723236084,0.31583523750305176,0.03372311592102051,Plane,ACF&PACF: n_random_points=10 nb_inst_per_class=30,10,30,Rsast,ACF&PACF
5,1.0,3.4829678535461426,0.05308365821838379,3.0678372383117676,0.32089996337890625,0.036368370056152344,Plane,ACF&PACF: n_random_points=10 nb_inst_per_class=50,10,50,Rsast,ACF&PACF
6,1.0,4.205859899520874,0.04183626174926758,3.2260522842407227,0.8204436302185059,0.10902738571166992,Plane,ACF&PACF: n_random_points=30 nb_inst_per_class=30,30,30,Rsast,ACF&PACF
7,1.0,4.127763509750366,0.041895151138305664,3.1121156215667725,0.8263318538665771,0.136993408203125,Plane,ACF&PACF: n_random_points=30 nb_inst_per_class=50,30,50,Rsast,ACF&PACF
