,accuracy,time,cweights_time,fsubsequence_time,tdataset_time,tclassifier_time,dataset_name,classifier_name,rpoint,nb_per_class,method,len_method
0,0.9607843137254902,1.9959797859191895,0.12345767021179199,1.2195265293121338,0.62034010887146,0.015690088272094727,DiatomSizeReduction,all: n_random_points=10 nb_inst_per_class=30,10,30,Rsast,all
1,0.9607843137254902,2.24591064453125,0.12471365928649902,1.5072286128997803,0.5787208080291748,0.01642632484436035,DiatomSizeReduction,all: n_random_points=10 nb_inst_per_class=50,10,50,Rsast,all
2,0.9640522875816994,3.966763734817505,0.12531208992004395,2.026177406311035,1.7452478408813477,0.04010438919067383,DiatomSizeReduction,all: n_random_points=30 nb_inst_per_class=30,30,30,Rsast,all
3,0.9640522875816994,3.878300666809082,0.12426519393920898,1.9795989990234375,1.688500165939331,0.03965640068054199,DiatomSizeReduction,all: n_random_points=30 nb_inst_per_class=50,30,50,Rsast,all
4,0.954248366013072,5.93424391746521,0.12413454055786133,5.6875269412994385,0.09660196304321289,0.004382133483886719,DiatomSizeReduction,ACF&PACF: n_random_points=10 nb_inst_per_class=30,10,30,Rsast,ACF&PACF
5,0.9411764705882353,5.510843992233276,0.08772063255310059,5.32186484336853,0.09450888633728027,0.00424504280090332,DiatomSizeReduction,ACF&PACF: n_random_points=10 nb_inst_per_class=50,10,50,Rsast,ACF&PACF
6,0.9607843137254902,5.794665813446045,0.08767056465148926,5.457458972930908,0.23744440078735352,0.00826406478881836,DiatomSizeReduction,ACF&PACF: n_random_points=30 nb_inst_per_class=30,30,30,Rsast,ACF&PACF
7,0.954248366013072,6.0145978927612305,0.1057271957397461,5.662136554718018,0.23384475708007812,0.006303071975708008,DiatomSizeReduction,ACF&PACF: n_random_points=30 nb_inst_per_class=50,30,50,Rsast,ACF&PACF
