,accuracy,time,cweights_time,fsubsequence_time,tdataset_time,tclassifier_time,dataset_name,classifier_name,rpoint,nb_per_class,method,len_method
0,0.7564102564102564,135.60551714897156,0.29468274116516113,15.418418645858765,105.15651774406433,14.442784547805786,CricketX,all: n_random_points=10 nb_inst_per_class=30,10,30,Rsast,all
1,0.7615384615384615,150.48005628585815,0.2937042713165283,16.92218017578125,116.80173301696777,16.021095037460327,CricketX,all: n_random_points=10 nb_inst_per_class=50,10,50,Rsast,all
2,0.7564102564102564,376.10853362083435,0.1574382781982422,23.52449941635132,311.91648721694946,39.93648958206177,CricketX,all: n_random_points=30 nb_inst_per_class=30,30,30,Rsast,all
3,0.7692307692307693,419.42904901504517,0.29611968994140625,25.631052255630493,350.2169861793518,42.050710916519165,CricketX,all: n_random_points=30 nb_inst_per_class=50,30,50,Rsast,all
4,0.8051282051282052,93.41642260551453,0.15014028549194336,80.64782524108887,11.235884428024292,1.0327537059783936,CricketX,ACF&PACF: n_random_points=10 nb_inst_per_class=30,10,30,Rsast,ACF&PACF
5,0.8051282051282052,104.20188426971436,0.23863577842712402,89.9819643497467,12.792438268661499,1.1323368549346924,CricketX,ACF&PACF: n_random_points=10 nb_inst_per_class=50,10,50,Rsast,ACF&PACF
6,0.8,121.10811758041382,0.2963573932647705,80.85308194160461,34.40448188781738,5.456354856491089,CricketX,ACF&PACF: n_random_points=30 nb_inst_per_class=30,30,30,Rsast,ACF&PACF
7,0.8025641025641026,149.0397379398346,0.2981727123260498,105.46119952201843,36.938864946365356,6.202238082885742,CricketX,ACF&PACF: n_random_points=30 nb_inst_per_class=50,30,50,Rsast,ACF&PACF
