,accuracy,time,cweights_time,fsubsequence_time,tdataset_time,tclassifier_time,dataset_name,classifier_name,rpoint,nb_per_class,method,len_method
0,0.942,11.14303469657898,0.0790703296661377,2.138378620147705,6.419724941253662,2.4424631595611572,ECG5000,all: n_random_points=10 nb_inst_per_class=30,10,30,Rsast,all
1,0.9404444444444444,16.077043771743774,0.07731127738952637,3.0021934509277344,8.57265329360962,4.341794013977051,ECG5000,all: n_random_points=10 nb_inst_per_class=50,10,50,Rsast,all
2,0.9415555555555556,27.146991968154907,0.04637622833251953,2.372750997543335,16.31428098678589,8.312517881393433,ECG5000,all: n_random_points=30 nb_inst_per_class=30,30,30,Rsast,all
3,0.9391111111111111,37.884669065475464,0.05996584892272949,4.802812337875366,23.120192527770996,9.725999116897583,ECG5000,all: n_random_points=30 nb_inst_per_class=50,30,50,Rsast,all
4,0.9397777777777778,5.908949136734009,0.08306360244750977,3.9026601314544678,1.4872570037841797,0.33277368545532227,ECG5000,ACF&PACF: n_random_points=10 nb_inst_per_class=30,10,30,Rsast,ACF&PACF
5,0.9377777777777778,6.991736173629761,0.0777742862701416,4.191645860671997,2.153305768966675,0.554401159286499,ECG5000,ACF&PACF: n_random_points=10 nb_inst_per_class=50,10,50,Rsast,ACF&PACF
6,0.94,8.874362707138062,0.09273433685302734,4.36675763130188,3.438971757888794,0.9205632209777832,ECG5000,ACF&PACF: n_random_points=30 nb_inst_per_class=30,30,30,Rsast,ACF&PACF
7,0.9373333333333334,12.02721905708313,0.07086062431335449,4.461861610412598,5.50466251373291,1.950422763824463,ECG5000,ACF&PACF: n_random_points=30 nb_inst_per_class=50,30,50,Rsast,ACF&PACF
