,accuracy,time,cweights_time,fsubsequence_time,tdataset_time,tclassifier_time,dataset_name,classifier_name,rpoint,nb_per_class,method,len_method
0,0.9533333333333334,0.23382210731506348,0.004080772399902344,0.17715001106262207,0.019380569458007812,0.03231024742126465,SmoothSubspace,all: n_random_points=10 nb_inst_per_class=30,10,30,Rsast,all
1,0.9533333333333334,0.3535897731781006,0.004339456558227539,0.26387882232666016,0.03470015525817871,0.048217058181762695,SmoothSubspace,all: n_random_points=10 nb_inst_per_class=50,10,50,Rsast,all
2,0.9533333333333334,0.2436389923095703,0.004342317581176758,0.18171191215515137,0.018387794494628906,0.03640460968017578,SmoothSubspace,all: n_random_points=30 nb_inst_per_class=30,30,30,Rsast,all
3,0.9533333333333334,0.368786096572876,0.004328727722167969,0.27300238609313965,0.03490114212036133,0.05404472351074219,SmoothSubspace,all: n_random_points=30 nb_inst_per_class=50,30,50,Rsast,all
4,0.9133333333333333,0.11764001846313477,0.0043184757232666016,0.09191131591796875,0.008898496627807617,0.010059118270874023,SmoothSubspace,ACF&PACF: n_random_points=10 nb_inst_per_class=30,10,30,Rsast,ACF&PACF
5,0.9333333333333333,0.17959809303283691,0.004115104675292969,0.1530296802520752,0.009183406829833984,0.012730598449707031,SmoothSubspace,ACF&PACF: n_random_points=10 nb_inst_per_class=50,10,50,Rsast,ACF&PACF
6,0.9,0.1161813735961914,0.004233837127685547,0.09363913536071777,0.0071048736572265625,0.010619878768920898,SmoothSubspace,ACF&PACF: n_random_points=30 nb_inst_per_class=30,30,30,Rsast,ACF&PACF
7,0.92,0.18489885330200195,0.004065036773681641,0.15598654747009277,0.011696815490722656,0.012621164321899414,SmoothSubspace,ACF&PACF: n_random_points=30 nb_inst_per_class=50,30,50,Rsast,ACF&PACF
