,accuracy,time,cweights_time,fsubsequence_time,tdataset_time,tclassifier_time,dataset_name,classifier_name,rpoint,nb_per_class,method,len_method
0,0.5964646464646465,39.40355467796326,0.18808579444885254,8.168524980545044,25.359086513519287,5.521580934524536,InsectWingbeatSound,all: n_random_points=10 nb_inst_per_class=30,10,30,Rsast,all
1,0.5969696969696969,39.02687954902649,0.10493683815002441,7.598195791244507,25.602983474731445,5.52082371711731,InsectWingbeatSound,all: n_random_points=10 nb_inst_per_class=50,10,50,Rsast,all
2,0.5984848484848485,105.24934649467468,0.19987177848815918,12.312907218933105,76.6146342754364,15.772886037826538,InsectWingbeatSound,all: n_random_points=30 nb_inst_per_class=30,30,30,Rsast,all
3,0.598989898989899,103.4589204788208,0.18996381759643555,11.547539234161377,74.73836970329285,16.463977575302124,InsectWingbeatSound,all: n_random_points=30 nb_inst_per_class=50,30,50,Rsast,all
4,0.5348484848484848,41.759488105773926,0.13445186614990234,37.31293487548828,3.1546781063079834,0.8115026950836182,InsectWingbeatSound,ACF&PACF: n_random_points=10 nb_inst_per_class=30,10,30,Rsast,ACF&PACF
5,0.5363636363636364,38.817203521728516,0.20162415504455566,34.71663165092468,3.1879208087921143,0.687518835067749,InsectWingbeatSound,ACF&PACF: n_random_points=10 nb_inst_per_class=50,10,50,Rsast,ACF&PACF
6,0.5454545454545454,47.19027519226074,0.20321965217590332,35.49464559555054,9.386333703994751,2.0592474937438965,InsectWingbeatSound,ACF&PACF: n_random_points=30 nb_inst_per_class=30,30,30,Rsast,ACF&PACF
7,0.5454545454545454,44.61792850494385,0.18694496154785156,33.252076625823975,9.113562822341919,1.9992625713348389,InsectWingbeatSound,ACF&PACF: n_random_points=30 nb_inst_per_class=50,30,50,Rsast,ACF&PACF
