,accuracy,time,cweights_time,fsubsequence_time,tdataset_time,tclassifier_time,dataset_name,classifier_name,rpoint,nb_per_class,method,len_method
0,0.9619047619047619,3.6700198650360107,0.03215813636779785,1.2147152423858643,1.8935177326202393,0.5066845417022705,GunPointOldVersusYoung,all: n_random_points=10 nb_inst_per_class=30,10,30,Rsast,all
1,0.9619047619047619,5.701740026473999,0.03474688529968262,1.9855115413665771,2.7674050331115723,0.8705530166625977,GunPointOldVersusYoung,all: n_random_points=10 nb_inst_per_class=50,10,50,Rsast,all
2,0.9650793650793651,8.001522541046143,0.04572486877441406,2.2350709438323975,4.184701919555664,1.462061882019043,GunPointOldVersusYoung,all: n_random_points=30 nb_inst_per_class=30,30,30,Rsast,all
3,0.9587301587301588,12.959460020065308,0.04611086845397949,3.431997776031494,7.080707311630249,2.3052725791931152,GunPointOldVersusYoung,all: n_random_points=30 nb_inst_per_class=50,30,50,Rsast,all
4,0.9682539682539683,3.1778945922851562,0.045873403549194336,2.7518985271453857,0.2815413475036621,0.034706830978393555,GunPointOldVersusYoung,ACF&PACF: n_random_points=10 nb_inst_per_class=30,10,30,Rsast,ACF&PACF
5,0.9777777777777777,3.891850233078003,0.025377273559570312,3.435972213745117,0.37576866149902344,0.051212310791015625,GunPointOldVersusYoung,ACF&PACF: n_random_points=10 nb_inst_per_class=50,10,50,Rsast,ACF&PACF
6,0.9809523809523809,2.925524950027466,0.025423288345336914,2.1217668056488037,0.6839511394500732,0.08881211280822754,GunPointOldVersusYoung,ACF&PACF: n_random_points=30 nb_inst_per_class=30,30,30,Rsast,ACF&PACF
7,0.9714285714285714,5.138306379318237,0.02701401710510254,3.888050079345703,0.9839444160461426,0.23022770881652832,GunPointOldVersusYoung,ACF&PACF: n_random_points=30 nb_inst_per_class=50,30,50,Rsast,ACF&PACF
