,accuracy,time,cweights_time,fsubsequence_time,tdataset_time,tclassifier_time,dataset_name,classifier_name,rpoint,nb_per_class,method,len_method
0,0.7869415807560137,3.921776294708252,0.031882524490356445,0.9441061019897461,2.0205602645874023,0.9031896591186523,MiddlePhalanxOutlineCorrect,all: n_random_points=10 nb_inst_per_class=30,10,30,Rsast,all
1,0.7869415807560137,5.583839416503906,0.03205227851867676,1.215946912765503,2.7500197887420654,1.5523498058319092,MiddlePhalanxOutlineCorrect,all: n_random_points=10 nb_inst_per_class=50,10,50,Rsast,all
2,0.7869415807560137,7.211790561676025,0.017990827560424805,0.8065586090087891,3.8623974323272705,2.4775009155273438,MiddlePhalanxOutlineCorrect,all: n_random_points=30 nb_inst_per_class=30,30,30,Rsast,all
3,0.7869415807560137,11.741117715835571,0.023361921310424805,1.4961702823638916,6.016311407089233,4.1283955574035645,MiddlePhalanxOutlineCorrect,all: n_random_points=30 nb_inst_per_class=50,30,50,Rsast,all
4,0.8075601374570447,1.2725658416748047,0.02275705337524414,0.5126345157623291,0.5118095874786377,0.18873333930969238,MiddlePhalanxOutlineCorrect,ACF&PACF: n_random_points=10 nb_inst_per_class=30,10,30,Rsast,ACF&PACF
5,0.8006872852233677,1.8846454620361328,0.03200984001159668,1.1121513843536377,0.5289864540100098,0.20744729042053223,MiddlePhalanxOutlineCorrect,ACF&PACF: n_random_points=10 nb_inst_per_class=50,10,50,Rsast,ACF&PACF
6,0.7766323024054983,1.6277847290039062,0.019318342208862305,0.49047017097473145,0.8139488697052002,0.30084919929504395,MiddlePhalanxOutlineCorrect,ACF&PACF: n_random_points=30 nb_inst_per_class=30,30,30,Rsast,ACF&PACF
7,0.7697594501718213,3.0141687393188477,0.031926870346069336,1.3533000946044922,1.1244878768920898,0.4973728656768799,MiddlePhalanxOutlineCorrect,ACF&PACF: n_random_points=30 nb_inst_per_class=50,30,50,Rsast,ACF&PACF
