,accuracy,time,cweights_time,fsubsequence_time,tdataset_time,tclassifier_time,dataset_name,classifier_name,rpoint,nb_per_class,method,len_method
0,0.89,1.5279498100280762,0.022540569305419922,0.8860373497009277,0.5268819332122803,0.0846860408782959,ECG200,all: n_random_points=10 nb_inst_per_class=30,10,30,Rsast,all
1,0.87,2.6214637756347656,0.026506662368774414,1.6019937992095947,0.8110051155090332,0.15553569793701172,ECG200,all: n_random_points=10 nb_inst_per_class=50,10,50,Rsast,all
2,0.89,3.517535448074341,0.028717756271362305,1.4059855937957764,1.519843339920044,0.5262374877929688,ECG200,all: n_random_points=30 nb_inst_per_class=30,30,30,Rsast,all
3,0.88,4.352837324142456,0.029512882232666016,1.848625659942627,1.8559927940368652,0.561997652053833,ECG200,all: n_random_points=30 nb_inst_per_class=50,30,50,Rsast,all
4,0.89,1.110098123550415,0.0189974308013916,0.9572622776031494,0.09880614280700684,0.015167951583862305,ECG200,ACF&PACF: n_random_points=10 nb_inst_per_class=30,10,30,Rsast,ACF&PACF
5,0.92,1.2899537086486816,0.021112918853759766,1.1198835372924805,0.1266775131225586,0.019709110260009766,ECG200,ACF&PACF: n_random_points=10 nb_inst_per_class=50,10,50,Rsast,ACF&PACF
6,0.89,1.0414838790893555,0.01611638069152832,0.7316641807556152,0.25265026092529297,0.03778362274169922,ECG200,ACF&PACF: n_random_points=30 nb_inst_per_class=30,30,30,Rsast,ACF&PACF
7,0.9,1.359424114227295,0.016346216201782227,0.9689033031463623,0.3002736568450928,0.06805181503295898,ECG200,ACF&PACF: n_random_points=30 nb_inst_per_class=50,30,50,Rsast,ACF&PACF
